Id,Tag,Fim,target_4h,split,score,threshold,prediction
121070096,CA5926,2025-06-06 13:00:00+00:00,0,test,0.7171351988256253,0.4121994032680204,1
121084773,CA5926,2025-06-06 17:00:00+00:00,0,test,0.48519137789328765,0.4121994032680204,1
121351412,CA5926,2025-06-10 16:00:00+00:00,0,test,0.7204191644905691,0.4121994032680204,1
121363684,CA5926,2025-06-10 20:00:00+00:00,0,test,0.4566112829746742,0.4121994032680204,1
121373817,CA5926,2025-06-11 00:00:00+00:00,0,test,0.45169034969783534,0.4121994032680204,1
121384100,CA5926,2025-06-11 04:00:00+00:00,0,test,0.4215548269634095,0.4121994032680204,1
121409954,CA5926,2025-06-11 13:05:44+00:00,0,test,0.4133773624659878,0.4121994032680204,1
121454416,CA5926,2025-06-12 04:39:27+00:00,0,test,0.7445767562297805,0.4121994032680204,1
121730338,CA5926,2025-06-16 12:00:00+00:00,1,test,0.7037919365700347,0.4121994032680204,1
121753479,CA5926,2025-06-16 16:00:00+00:00,1,test,0.6791317438002836,0.4121994032680204,1
121820153,CA5926,2025-06-16 20:00:00+00:00,0,test,0.8183184637418098,0.4121994032680204,1
121839885,CA5926,2025-06-17 00:00:00+00:00,1,test,0.6412832730517126,0.4121994032680204,1
121853934,CA5926,2025-06-17 04:00:00+00:00,0,test,0.7978460504046458,0.4121994032680204,1
121861769,CA5926,2025-06-17 08:00:00+00:00,1,test,0.6523706053321973,0.4121994032680204,1
121876746,CA5926,2025-06-17 12:00:00+00:00,0,test,0.8182861927076422,0.4121994032680204,1
121902171,CA5926,2025-06-17 16:00:00+00:00,0,test,0.6206481257312225,0.4121994032680204,1
121924093,CA5926,2025-06-17 20:00:00+00:00,0,test,0.424233565085051,0.4121994032680204,1
122428671,CA5926,2025-06-18 00:00:00+00:00,1,test,0.42118229080821845,0.4121994032680204,1
122988706,CA5926,2025-06-18 04:00:00+00:00,1,test,0.7665205249381541,0.4121994032680204,1
123003568,CA5926,2025-06-18 08:00:00+00:00,1,test,0.7817765165062276,0.4121994032680204,1
123014814,CA5926,2025-06-18 12:00:00+00:00,0,test,0.7007652505860067,0.4121994032680204,1
123031825,CA5926,2025-06-18 16:00:00+00:00,1,test,0.5849206381770706,0.4121994032680204,1
123105599,CA5926,2025-06-18 20:00:00+00:00,1,test,0.7207120372649003,0.4121994032680204,1
123126957,CA5926,2025-06-19 00:00:00+00:00,1,test,0.8126747747134218,0.4121994032680204,1
123138427,CA5926,2025-06-19 04:00:00+00:00,0,test,0.7367404863607738,0.4121994032680204,1
123149765,CA5926,2025-06-19 08:00:00+00:00,1,test,0.5796936772163214,0.4121994032680204,1
123161167,CA5926,2025-06-19 12:00:00+00:00,1,test,0.861410652573492,0.4121994032680204,1
123173890,CA5926,2025-06-19 16:00:00+00:00,0,test,0.689034358641832,0.4121994032680204,1
123186859,CA5926,2025-06-19 20:00:00+00:00,0,test,0.6492458131392653,0.4121994032680204,1
123195990,CA5926,2025-06-20 00:00:00+00:00,0,test,0.49328737455290905,0.4121994032680204,1
123230209,CA5926,2025-06-20 11:00:00+00:00,0,test,0.8616251751583822,0.4121994032680204,1
123243029,CA5926,2025-06-20 15:00:00+00:00,1,test,0.6911659173464058,0.4121994032680204,1
123253024,CA5926,2025-06-20 19:00:00+00:00,0,test,0.852594907631623,0.4121994032680204,1
123263809,CA5926,2025-06-20 23:00:00+00:00,1,test,0.5903798327598025,0.4121994032680204,1
123275805,CA5926,2025-06-21 03:00:00+00:00,0,test,0.7159428713742361,0.4121994032680204,1
123290027,CA5926,2025-06-21 07:00:00+00:00,0,test,0.653003446207943,0.4121994032680204,1
123298685,CA5926,2025-06-21 11:00:00+00:00,0,test,0.47028133815407713,0.4121994032680204,1
123311010,CA5926,2025-06-21 15:00:00+00:00,0,test,0.4762325510565705,0.4121994032680204,1
123346684,CA5926,2025-06-22 03:50:23+00:00,1,test,0.7336175558566922,0.4121994032680204,1
123358505,CA5926,2025-06-22 07:51:09+00:00,1,test,0.6081009941094813,0.4121994032680204,1
123369194,CA5926,2025-06-22 12:00:00+00:00,0,test,0.767837321280335,0.4121994032680204,1
123377950,CA5926,2025-06-22 16:00:00+00:00,0,test,0.6469337447957133,0.4121994032680204,1
123389720,CA5926,2025-06-22 20:00:00+00:00,0,test,0.5497424985102684,0.4121994032680204,1
123402378,CA5926,2025-06-23 00:00:00+00:00,0,test,0.5011193847089507,0.4121994032680204,1
123413062,CA5926,2025-06-23 04:00:00+00:00,1,test,0.48452253335152135,0.4121994032680204,1
123426091,CA5926,2025-06-23 08:00:00+00:00,1,test,0.9443858785216079,0.4121994032680204,1
123434736,CA5926,2025-06-23 12:00:00+00:00,1,test,0.5085080446679032,0.4121994032680204,1
123447460,CA5926,2025-06-23 16:00:00+00:00,0,test,0.7323351738110387,0.4121994032680204,1
123458341,CA5926,2025-06-23 20:00:00+00:00,0,test,0.6332868208008438,0.4121994032680204,1
123467497,CA5926,2025-06-24 00:00:00+00:00,1,test,0.5011193847089507,0.4121994032680204,1
123480647,CA5926,2025-06-24 04:00:00+00:00,0,test,0.8515990563457556,0.4121994032680204,1
123489138,CA5926,2025-06-24 08:00:00+00:00,0,test,0.6665667626465651,0.4121994032680204,1
123502999,CA5926,2025-06-24 12:00:00+00:00,1,test,0.49309891248708615,0.4121994032680204,1
123511224,CA5926,2025-06-24 16:00:00+00:00,1,test,0.6386952504808826,0.4121994032680204,1
123949924,CA5926,2025-06-24 20:00:00+00:00,0,test,0.7880253365161801,0.4121994032680204,1
123961735,CA5926,2025-06-25 00:00:00+00:00,0,test,0.6021020069737827,0.4121994032680204,1
123977294,CA5926,2025-06-25 05:00:00+00:00,0,test,0.7408154968528161,0.4121994032680204,1
123987445,CA5926,2025-06-25 09:00:00+00:00,0,test,0.4668571505597904,0.4121994032680204,1
124006640,CA5926,2025-06-25 15:00:00+00:00,1,test,0.45019695689403644,0.4121994032680204,1
124021585,CA5926,2025-06-25 19:00:00+00:00,1,test,0.7907757156717089,0.4121994032680204,1
124036394,CA5926,2025-06-25 23:00:00+00:00,0,test,0.6415283851393174,0.4121994032680204,1
124049142,CA5926,2025-06-26 03:00:00+00:00,0,test,0.5039787299393325,0.4121994032680204,1
124061382,CA5926,2025-06-26 07:00:00+00:00,0,test,0.4215548269634095,0.4121994032680204,1
124092931,CA5926,2025-06-26 17:00:00+00:00,0,test,0.7248647994508475,0.4121994032680204,1
124206876,CA5926,2025-06-28 01:00:00+00:00,0,test,0.7229327066056341,0.4121994032680204,1
124218974,CA5926,2025-06-28 05:00:00+00:00,0,test,0.45089668488276696,0.4121994032680204,1
124232023,CA5926,2025-06-28 09:12:35+00:00,0,test,0.7445767562297805,0.4121994032680204,1
124252859,CA5926,2025-06-28 14:00:00+00:00,1,test,0.43128398233660825,0.4121994032680204,1
124269155,CA5926,2025-06-28 18:00:00+00:00,0,test,0.807855457405323,0.4121994032680204,1
124283590,CA5926,2025-06-28 22:00:00+00:00,1,test,0.5993100661133968,0.4121994032680204,1
124293956,CA5926,2025-06-29 02:00:00+00:00,1,test,0.759103627382699,0.4121994032680204,1
124306806,CA5926,2025-06-29 06:00:00+00:00,0,test,0.8256069728381116,0.4121994032680204,1
124321842,CA5926,2025-06-29 10:00:00+00:00,0,test,0.6398358572530876,0.4121994032680204,1
124334740,CA5926,2025-06-29 14:00:00+00:00,0,test,0.4608136939699197,0.4121994032680204,1
124344646,CA5926,2025-06-29 18:00:00+00:00,0,test,0.48775535173614554,0.4121994032680204,1
124357542,CA5926,2025-06-29 22:00:00+00:00,0,test,0.48775535173614554,0.4121994032680204,1
124369696,CA5926,2025-06-30 02:00:00+00:00,1,test,0.45881462191161104,0.4121994032680204,1
124378901,CA5926,2025-06-30 06:00:00+00:00,0,test,0.48575073199636565,0.4121994032680204,1
120810145,CA5927,2025-06-02 15:00:00+00:00,1,test,0.437645593615851,0.4121994032680204,1
120834128,CA5927,2025-06-02 19:00:00+00:00,0,test,0.6217883222156331,0.4121994032680204,1
120842282,CA5927,2025-06-02 23:00:00+00:00,0,test,0.5994381286147936,0.4121994032680204,1
120854209,CA5927,2025-06-03 03:00:00+00:00,0,test,0.5023874597422398,0.4121994032680204,1
120863849,CA5927,2025-06-03 07:00:00+00:00,0,test,0.5033030788791878,0.4121994032680204,1
120874188,CA5927,2025-06-03 11:00:00+00:00,0,test,0.5033030788791878,0.4121994032680204,1
120885392,CA5927,2025-06-03 15:00:00+00:00,0,test,0.5350889506397638,0.4121994032680204,1
120893196,CA5927,2025-06-03 19:00:00+00:00,0,test,0.5052030394238344,0.4121994032680204,1
124026178,CA5927,2025-06-03 23:00:00+00:00,0,test,0.5083284411203862,0.4121994032680204,1
124026200,CA5927,2025-06-04 03:00:00+00:00,0,test,0.5024587149577051,0.4121994032680204,1
124026211,CA5927,2025-06-04 07:00:00+00:00,0,test,0.5015582062640739,0.4121994032680204,1
120935134,CA5927,2025-06-04 11:00:00+00:00,0,test,0.5015582062640739,0.4121994032680204,1
120945084,CA5927,2025-06-04 15:00:00+00:00,0,test,0.42971943312548255,0.4121994032680204,1
120962255,CA5927,2025-06-04 21:00:00+00:00,0,test,0.4255301990058462,0.4121994032680204,1
120972378,CA5927,2025-06-05 01:00:00+00:00,0,test,0.4270806464200857,0.4121994032680204,1
120982952,CA5927,2025-06-05 05:00:00+00:00,1,test,0.43400077912423646,0.4121994032680204,1
120993435,CA5927,2025-06-05 09:00:00+00:00,0,test,0.613204148892416,0.4121994032680204,1
121005232,CA5927,2025-06-05 13:00:00+00:00,1,test,0.5577587787312073,0.4121994032680204,1
121014315,CA5927,2025-06-05 17:00:00+00:00,0,test,0.8140202481196482,0.4121994032680204,1
121028083,CA5927,2025-06-05 21:00:00+00:00,1,test,0.6313526988800109,0.4121994032680204,1
121039947,CA5927,2025-06-06 01:00:00+00:00,0,test,0.7144563084213604,0.4121994032680204,1
121049041,CA5927,2025-06-06 05:00:00+00:00,1,test,0.558398448800036,0.4121994032680204,1
121061645,CA5927,2025-06-06 09:00:00+00:00,0,test,0.7798573984585799,0.4121994032680204,1
121070097,CA5927,2025-06-06 13:00:00+00:00,0,test,0.6290307978590058,0.4121994032680204,1
121082532,CA5927,2025-06-06 17:00:00+00:00,1,test,0.47605312405937106,0.4121994032680204,1
121093734,CA5927,2025-06-06 21:00:00+00:00,0,test,0.6151560324811215,0.4121994032680204,1
121211594,CA5927,2025-06-08 13:00:00+00:00,0,test,0.5141223295412518,0.4121994032680204,1
121222367,CA5927,2025-06-08 17:00:00+00:00,0,test,0.4303758148250741,0.4121994032680204,1
121234531,CA5927,2025-06-08 21:00:00+00:00,0,test,0.4144422900997483,0.4121994032680204,1
121243857,CA5927,2025-06-09 01:00:00+00:00,0,test,0.4289639811799357,0.4121994032680204,1
121254238,CA5927,2025-06-09 05:00:00+00:00,0,test,0.4356470736495665,0.4121994032680204,1
121266323,CA5927,2025-06-09 09:00:00+00:00,0,test,0.43951624752088503,0.4121994032680204,1
121278623,CA5927,2025-06-09 13:00:00+00:00,0,test,0.44029159819716424,0.4121994032680204,1
121289673,CA5927,2025-06-09 17:00:00+00:00,0,test,0.4452834608104855,0.4121994032680204,1
121300397,CA5927,2025-06-09 21:00:00+00:00,0,test,0.42762207821951614,0.4121994032680204,1
121310205,CA5927,2025-06-10 01:00:00+00:00,0,test,0.41686179546074725,0.4121994032680204,1
121324589,CA5927,2025-06-10 06:00:00+00:00,0,test,0.7748915750952374,0.4121994032680204,1
121336360,CA5927,2025-06-10 10:00:00+00:00,0,test,0.4852870574330785,0.4121994032680204,1
121345880,CA5927,2025-06-10 14:00:00+00:00,0,test,0.5017908845312039,0.4121994032680204,1
121359093,CA5927,2025-06-10 18:00:00+00:00,0,test,0.5178880651045099,0.4121994032680204,1
121368172,CA5927,2025-06-10 22:00:00+00:00,0,test,0.530446901608641,0.4121994032680204,1
121378899,CA5927,2025-06-11 02:00:00+00:00,0,test,0.5102170633996859,0.4121994032680204,1
121388073,CA5927,2025-06-11 06:00:00+00:00,1,test,0.5092734143570311,0.4121994032680204,1
121399311,CA5927,2025-06-11 10:00:00+00:00,0,test,0.46711065477850766,0.4121994032680204,1
121409955,CA5927,2025-06-11 14:00:00+00:00,1,test,0.4670432041775045,0.4121994032680204,1
121420923,CA5927,2025-06-11 18:00:00+00:00,0,test,0.6213166367191661,0.4121994032680204,1
121434478,CA5927,2025-06-11 22:00:00+00:00,0,test,0.5513568808424627,0.4121994032680204,1
121444919,CA5927,2025-06-12 02:00:00+00:00,0,test,0.5429149725507059,0.4121994032680204,1
121455742,CA5927,2025-06-12 06:00:00+00:00,0,test,0.5243360781045237,0.4121994032680204,1
121467589,CA5927,2025-06-12 10:00:00+00:00,0,test,0.49937267966565246,0.4121994032680204,1
121477920,CA5927,2025-06-12 14:00:00+00:00,0,test,0.5117940301787269,0.4121994032680204,1
121489262,CA5927,2025-06-12 18:00:00+00:00,0,test,0.5265357045944209,0.4121994032680204,1
121500779,CA5927,2025-06-12 22:00:00+00:00,0,test,0.5034490286046236,0.4121994032680204,1
121511438,CA5927,2025-06-13 02:00:00+00:00,0,test,0.49897610115105806,0.4121994032680204,1
121523064,CA5927,2025-06-13 06:00:00+00:00,1,test,0.4803700066637308,0.4121994032680204,1
121531337,CA5927,2025-06-13 10:00:00+00:00,0,test,0.6011318784824317,0.4121994032680204,1
121542167,CA5927,2025-06-13 14:00:00+00:00,0,test,0.5659444767045827,0.4121994032680204,1
121554272,CA5927,2025-06-13 18:00:00+00:00,1,test,0.529301276895174,0.4121994032680204,1
121563691,CA5927,2025-06-13 22:00:00+00:00,0,test,0.6944455238046027,0.4121994032680204,1
121575077,CA5927,2025-06-14 02:00:00+00:00,1,test,0.5882393816203445,0.4121994032680204,1
121586312,CA5927,2025-06-14 06:00:00+00:00,0,test,0.8170833080552825,0.4121994032680204,1
121598834,CA5927,2025-06-14 10:00:00+00:00,0,test,0.6222299644170938,0.4121994032680204,1
121609365,CA5927,2025-06-14 14:00:00+00:00,0,test,0.604332494149292,0.4121994032680204,1
121621359,CA5927,2025-06-14 18:00:00+00:00,0,test,0.5946001926325516,0.4121994032680204,1
121631289,CA5927,2025-06-14 22:00:00+00:00,0,test,0.5511481654147408,0.4121994032680204,1
121640724,CA5927,2025-06-15 02:00:00+00:00,1,test,0.5181307841510508,0.4121994032680204,1
121650222,CA5927,2025-06-15 06:00:00+00:00,0,test,0.6910783919145148,0.4121994032680204,1
121662223,CA5927,2025-06-15 10:00:00+00:00,0,test,0.4881081921494549,0.4121994032680204,1
121671160,CA5927,2025-06-15 14:00:00+00:00,0,test,0.4954343204131715,0.4121994032680204,1
121680425,CA5927,2025-06-15 18:00:00+00:00,0,test,0.5230428433352671,0.4121994032680204,1
121692359,CA5927,2025-06-15 22:00:00+00:00,0,test,0.5295062870870445,0.4121994032680204,1
121700492,CA5927,2025-06-16 02:00:00+00:00,0,test,0.4787135902850611,0.4121994032680204,1
121710468,CA5927,2025-06-16 06:00:00+00:00,1,test,0.4787135902850611,0.4121994032680204,1
121730343,CA5927,2025-06-16 10:00:00+00:00,0,test,0.7748915750952374,0.4121994032680204,1
121732503,CA5927,2025-06-16 14:00:00+00:00,0,test,0.5819068349319982,0.4121994032680204,1
121779307,CA5927,2025-06-16 18:00:00+00:00,0,test,0.5783275965171786,0.4121994032680204,1
121839291,CA5927,2025-06-16 22:00:00+00:00,0,test,0.5339890472298017,0.4121994032680204,1
121847795,CA5927,2025-06-17 02:00:00+00:00,0,test,0.5078195847717922,0.4121994032680204,1
121859056,CA5927,2025-06-17 06:00:00+00:00,0,test,0.5036966040294213,0.4121994032680204,1
121867100,CA5927,2025-06-17 10:00:00+00:00,0,test,0.5084025389248384,0.4121994032680204,1
121899394,CA5927,2025-06-17 14:00:00+00:00,0,test,0.4423962908383633,0.4121994032680204,1
121915571,CA5927,2025-06-17 18:00:00+00:00,1,test,0.43975331819013075,0.4121994032680204,1
122030534,CA5927,2025-06-17 22:00:00+00:00,0,test,0.598357561517553,0.4121994032680204,1
122910214,CA5927,2025-06-18 02:00:00+00:00,0,test,0.4988401352337206,0.4121994032680204,1
122995433,CA5927,2025-06-18 06:00:00+00:00,0,test,0.48181544189821107,0.4121994032680204,1
123011823,CA5927,2025-06-18 10:00:00+00:00,0,test,0.5001933011002705,0.4121994032680204,1
123021865,CA5927,2025-06-18 14:00:00+00:00,0,test,0.5090275979101333,0.4121994032680204,1
123061222,CA5927,2025-06-18 18:00:00+00:00,0,test,0.5302545097295737,0.4121994032680204,1
123123471,CA5927,2025-06-18 22:00:00+00:00,0,test,0.5293833079242715,0.4121994032680204,1
123132458,CA5927,2025-06-19 02:00:00+00:00,0,test,0.4877915018756105,0.4121994032680204,1
123145780,CA5927,2025-06-19 06:00:00+00:00,1,test,0.47777914054507714,0.4121994032680204,1
123158173,CA5927,2025-06-19 10:00:00+00:00,0,test,0.42968683026265464,0.4121994032680204,1
123169623,CA5927,2025-06-19 14:00:00+00:00,0,test,0.5047181945980191,0.4121994032680204,1
123179949,CA5927,2025-06-19 18:00:00+00:00,0,test,0.5295062870870445,0.4121994032680204,1
123193336,CA5927,2025-06-19 22:00:00+00:00,0,test,0.5248135510593566,0.4121994032680204,1
123203895,CA5927,2025-06-20 02:00:00+00:00,0,test,0.5042631899802205,0.4121994032680204,1
123213791,CA5927,2025-06-20 06:00:00+00:00,0,test,0.5078321999265226,0.4121994032680204,1
123227242,CA5927,2025-06-20 10:00:00+00:00,0,test,0.5036376498090045,0.4121994032680204,1
123237610,CA5927,2025-06-20 14:00:00+00:00,0,test,0.5047098271984849,0.4121994032680204,1
123249992,CA5927,2025-06-20 18:00:00+00:00,1,test,0.5057155722046678,0.4121994032680204,1
123262526,CA5927,2025-06-20 22:00:00+00:00,0,test,0.6387646742232592,0.4121994032680204,1
123272515,CA5927,2025-06-21 02:00:00+00:00,0,test,0.5567249305252825,0.4121994032680204,1
123284447,CA5927,2025-06-21 06:00:00+00:00,0,test,0.503348961981394,0.4121994032680204,1
123298686,CA5927,2025-06-21 10:00:00+00:00,0,test,0.5038896963156683,0.4121994032680204,1
123310645,CA5927,2025-06-21 14:00:00+00:00,1,test,0.506124399245459,0.4121994032680204,1
123318963,CA5927,2025-06-21 18:00:00+00:00,0,test,0.6349777119298146,0.4121994032680204,1
123331303,CA5927,2025-06-21 22:00:00+00:00,0,test,0.5114748333204089,0.4121994032680204,1
123341545,CA5927,2025-06-22 02:00:00+00:00,0,test,0.48811189336680966,0.4121994032680204,1
123353486,CA5927,2025-06-22 06:00:00+00:00,0,test,0.49859647195257334,0.4121994032680204,1
123363228,CA5927,2025-06-22 10:00:00+00:00,0,test,0.5033030788791878,0.4121994032680204,1
123372836,CA5927,2025-06-22 14:00:00+00:00,0,test,0.5166701656284071,0.4121994032680204,1
123383513,CA5927,2025-06-22 18:00:00+00:00,0,test,0.5331579769148936,0.4121994032680204,1
123396787,CA5927,2025-06-22 22:00:00+00:00,1,test,0.5109195715931307,0.4121994032680204,1
123407318,CA5927,2025-06-23 02:00:00+00:00,1,test,0.7584347892365393,0.4121994032680204,1
123416991,CA5927,2025-06-23 06:00:00+00:00,1,test,0.7517607834110801,0.4121994032680204,1
123429901,CA5927,2025-06-23 10:00:00+00:00,0,test,0.8459659754976177,0.4121994032680204,1
123440750,CA5927,2025-06-23 14:00:00+00:00,0,test,0.5413945408670705,0.4121994032680204,1
123453242,CA5927,2025-06-23 18:00:00+00:00,1,test,0.5932632964991715,0.4121994032680204,1
123462915,CA5927,2025-06-23 22:00:00+00:00,1,test,0.8155934693583942,0.4121994032680204,1
123475062,CA5927,2025-06-24 02:00:00+00:00,0,test,0.8030937465777135,0.4121994032680204,1
123485420,CA5927,2025-06-24 06:00:00+00:00,0,test,0.6315690488968787,0.4121994032680204,1
123497344,CA5927,2025-06-24 10:00:00+00:00,0,test,0.5070930853487181,0.4121994032680204,1
123505895,CA5927,2025-06-24 14:00:00+00:00,0,test,0.516657561398037,0.4121994032680204,1
123937818,CA5927,2025-06-24 18:00:00+00:00,1,test,0.5269614934015601,0.4121994032680204,1
123958001,CA5927,2025-06-24 22:00:00+00:00,0,test,0.742353276429863,0.4121994032680204,1
123970437,CA5927,2025-06-25 02:00:00+00:00,1,test,0.5715539687432206,0.4121994032680204,1
123980898,CA5927,2025-06-25 06:00:00+00:00,0,test,0.47127706770492245,0.4121994032680204,1
123992087,CA5927,2025-06-25 10:00:00+00:00,0,test,0.5031893988904581,0.4121994032680204,1
124003512,CA5927,2025-06-25 14:00:00+00:00,0,test,0.50808386666652,0.4121994032680204,1
124013525,CA5927,2025-06-25 18:00:00+00:00,0,test,0.5263900799165748,0.4121994032680204,1
124033539,CA5927,2025-06-25 22:00:00+00:00,0,test,0.5349411278289787,0.4121994032680204,1
124046161,CA5927,2025-06-26 02:00:00+00:00,0,test,0.5078321999265226,0.4121994032680204,1
124055029,CA5927,2025-06-26 06:00:00+00:00,0,test,0.5005117295595022,0.4121994032680204,1
124070538,CA5927,2025-06-26 10:00:00+00:00,0,test,0.5036376498090045,0.4121994032680204,1
124082497,CA5927,2025-06-26 14:00:00+00:00,1,test,0.5026304395561453,0.4121994032680204,1
124097667,CA5927,2025-06-26 18:00:00+00:00,0,test,0.7446183188471545,0.4121994032680204,1
124118333,CA5927,2025-06-26 22:00:00+00:00,0,test,0.6598485095525328,0.4121994032680204,1
124128038,CA5927,2025-06-27 02:00:00+00:00,0,test,0.5814679807537453,0.4121994032680204,1
124140598,CA5927,2025-06-27 06:00:00+00:00,0,test,0.5731108780950706,0.4121994032680204,1
124151498,CA5927,2025-06-27 10:00:00+00:00,1,test,0.5741357244024388,0.4121994032680204,1
124165799,CA5927,2025-06-27 14:00:00+00:00,1,test,0.8015453037462781,0.4121994032680204,1
124183516,CA5927,2025-06-27 18:00:00+00:00,1,test,0.7575808220231147,0.4121994032680204,1
124200851,CA5927,2025-06-27 22:00:00+00:00,0,test,0.6026218427601977,0.4121994032680204,1
124210933,CA5927,2025-06-28 02:00:00+00:00,1,test,0.5338014361240253,0.4121994032680204,1
124221551,CA5927,2025-06-28 06:00:00+00:00,0,test,0.6684001030852983,0.4121994032680204,1
124234548,CA5927,2025-06-28 10:00:00+00:00,0,test,0.6132223873477132,0.4121994032680204,1
124252860,CA5927,2025-06-28 14:00:00+00:00,1,test,0.5278043603689078,0.4121994032680204,1
124268522,CA5927,2025-06-28 18:00:00+00:00,1,test,0.7820720858011945,0.4121994032680204,1
124280983,CA5927,2025-06-28 22:00:00+00:00,1,test,0.8772875305081927,0.4121994032680204,1
124296117,CA5927,2025-06-29 02:00:00+00:00,0,test,0.8037828715576222,0.4121994032680204,1
124309104,CA5927,2025-06-29 06:00:00+00:00,0,test,0.6721389314344198,0.4121994032680204,1
124318985,CA5927,2025-06-29 10:00:00+00:00,1,test,0.5761671924745644,0.4121994032680204,1
124332337,CA5927,2025-06-29 14:00:00+00:00,1,test,0.8619954456709726,0.4121994032680204,1
124345257,CA5927,2025-06-29 18:00:00+00:00,0,test,0.8582591608401979,0.4121994032680204,1
124356925,CA5927,2025-06-29 22:00:00+00:00,1,test,0.7316286760896614,0.4121994032680204,1
124368184,CA5927,2025-06-30 02:00:00+00:00,1,test,0.7814112353456645,0.4121994032680204,1
124381394,CA5927,2025-06-30 06:00:00+00:00,1,test,0.8152671766778754,0.4121994032680204,1
124391415,CA5927,2025-06-30 10:00:00+00:00,0,test,0.9378272908986401,0.4121994032680204,1
124402541,CA5927,2025-06-30 14:00:00+00:00,0,test,0.7673113395475466,0.4121994032680204,1
124416467,CA5927,2025-06-30 18:00:00+00:00,0,test,0.652643012465817,0.4121994032680204,1
124440845,CA5927,2025-06-30 22:00:00+00:00,1,test,0.5999380133785521,0.4121994032680204,1
124452745,CA5927,2025-07-01 02:00:00+00:00,1,test,0.9319749090057303,0.4121994032680204,1
120859597,CA65789,2025-06-03 06:00:00+00:00,0,test,0.43845060019810317,0.4121994032680204,1
120982393,CA65789,2025-06-05 05:00:00+00:00,0,test,0.6298578741664217,0.4121994032680204,1
121126372,CA65789,2025-06-07 07:39:17+00:00,0,test,0.6518627732779653,0.4121994032680204,1
121314730,CA65789,2025-06-10 02:00:00+00:00,0,test,0.5477957827923561,0.4121994032680204,1
121685520,CA65789,2025-06-15 20:00:00+00:00,0,test,0.48413462959855114,0.4121994032680204,1
121848442,CA65789,2025-06-17 02:00:00+00:00,0,test,0.5358090033845729,0.4121994032680204,1
121857572,CA65789,2025-06-17 06:00:00+00:00,0,test,0.45995455774081623,0.4121994032680204,1
123014822,CA65789,2025-06-18 11:54:11+00:00,0,test,0.5180085559979244,0.4121994032680204,1
123375416,CA65789,2025-06-22 15:00:00+00:00,0,test,0.43900883896835463,0.4121994032680204,1
124066578,CA65789,2025-06-26 08:50:04+00:00,0,test,0.6518627732779653,0.4121994032680204,1
124346396,CA65789,2025-06-29 19:00:00+00:00,0,test,0.4752658632624643,0.4121994032680204,1
124449686,CA65789,2025-07-01 01:00:00+00:00,0,test,0.47592064072678536,0.4121994032680204,1
121369004,CA65790,2025-06-10 22:56:06+00:00,0,test,0.48789146301840264,0.4121994032680204,1
121425319,CA65790,2025-06-11 18:48:53+00:00,0,test,0.48957044730287813,0.4121994032680204,1
121511163,CA65790,2025-06-13 01:16:51+00:00,0,test,0.6490860085440028,0.4121994032680204,1
121691676,CA65790,2025-06-15 22:00:00+00:00,1,test,0.4753201208295417,0.4121994032680204,1
121708980,CA65790,2025-06-16 06:00:00+00:00,0,test,0.5086923224982707,0.4121994032680204,1
123479432,CA65790,2025-06-24 04:00:00+00:00,0,test,0.6490860085440028,0.4121994032680204,1
123494023,CA65790,2025-06-24 08:37:59+00:00,0,test,0.42191315665419843,0.4121994032680204,1
124066579,CA65790,2025-06-26 08:43:23+00:00,0,test,0.6490860085440028,0.4121994032680204,1
124293967,CA65790,2025-06-29 02:00:00+00:00,0,test,0.5644542455499441,0.4121994032680204,1
124308813,CA65790,2025-06-29 06:00:00+00:00,0,test,0.4250959366588329,0.4121994032680204,1
124449687,CA65790,2025-07-01 00:25:56+00:00,0,test,0.5406731321165458,0.4121994032680204,1
120810216,CA65792,2025-06-02 15:00:00+00:00,1,test,0.7578385807481103,0.4121994032680204,1
120832760,CA65792,2025-06-02 19:00:00+00:00,1,test,0.8259842566605162,0.4121994032680204,1
120842291,CA65792,2025-06-02 23:00:00+00:00,0,test,0.7490132594325122,0.4121994032680204,1
120852121,CA65792,2025-06-03 03:00:00+00:00,0,test,0.5992215046267475,0.4121994032680204,1
120866107,CA65792,2025-06-03 08:00:00+00:00,0,test,0.5460213412473555,0.4121994032680204,1
120874803,CA65792,2025-06-03 12:00:00+00:00,1,test,0.5345392261614574,0.4121994032680204,1
120886516,CA65792,2025-06-03 16:00:00+00:00,0,test,0.8813430532878648,0.4121994032680204,1
120895724,CA65792,2025-06-03 20:00:00+00:00,1,test,0.44806751294902153,0.4121994032680204,1
124026439,CA65792,2025-06-04 00:00:00+00:00,0,test,0.7021984671103396,0.4121994032680204,1
124026455,CA65792,2025-06-04 04:00:00+00:00,0,test,0.6278658341363414,0.4121994032680204,1
124026463,CA65792,2025-06-04 08:00:00+00:00,0,test,0.5619295102940843,0.4121994032680204,1
120938416,CA65792,2025-06-04 12:00:00+00:00,0,test,0.4917678403199757,0.4121994032680204,1
120947283,CA65792,2025-06-04 16:00:00+00:00,0,test,0.483955882271772,0.4121994032680204,1
120958750,CA65792,2025-06-04 20:00:00+00:00,0,test,0.487553197017054,0.4121994032680204,1
120967753,CA65792,2025-06-05 00:00:00+00:00,0,test,0.4235469179057383,0.4121994032680204,1
120982569,CA65792,2025-06-05 04:49:55+00:00,0,test,0.4513788748506714,0.4121994032680204,1
120993195,CA65792,2025-06-05 09:00:00+00:00,0,test,0.4602498472078641,0.4121994032680204,1
121004588,CA65792,2025-06-05 13:00:00+00:00,0,test,0.461017640810482,0.4121994032680204,1
121014883,CA65792,2025-06-05 17:00:00+00:00,0,test,0.48123065481577343,0.4121994032680204,1
121025712,CA65792,2025-06-05 21:00:00+00:00,1,test,0.43762251486301573,0.4121994032680204,1
121037344,CA65792,2025-06-06 01:00:00+00:00,0,test,0.6495737310171569,0.4121994032680204,1
121049864,CA65792,2025-06-06 05:00:00+00:00,0,test,0.5602618211843756,0.4121994032680204,1
121063182,CA65792,2025-06-06 09:00:00+00:00,0,test,0.4888090847213238,0.4121994032680204,1
121072040,CA65792,2025-06-06 13:00:00+00:00,0,test,0.48936182025971836,0.4121994032680204,1
121082542,CA65792,2025-06-06 17:00:00+00:00,0,test,0.5200656492383514,0.4121994032680204,1
121096028,CA65792,2025-06-06 21:00:00+00:00,0,test,0.5245701811139062,0.4121994032680204,1
121107358,CA65792,2025-06-07 01:00:00+00:00,0,test,0.4910523744857552,0.4121994032680204,1
121120596,CA65792,2025-06-07 05:00:00+00:00,0,test,0.4596010321258449,0.4121994032680204,1
121129024,CA65792,2025-06-07 09:00:00+00:00,1,test,0.4706384829375365,0.4121994032680204,1
121143200,CA65792,2025-06-07 13:00:00+00:00,0,test,0.6419806210547252,0.4121994032680204,1
121151538,CA65792,2025-06-07 17:00:00+00:00,0,test,0.5752276849267047,0.4121994032680204,1
121165481,CA65792,2025-06-07 21:00:00+00:00,0,test,0.5108086597343996,0.4121994032680204,1
121175616,CA65792,2025-06-08 01:00:00+00:00,0,test,0.47728741749591147,0.4121994032680204,1
121186751,CA65792,2025-06-08 05:00:00+00:00,0,test,0.482614427977093,0.4121994032680204,1
121200256,CA65792,2025-06-08 09:00:00+00:00,0,test,0.4894484618009918,0.4121994032680204,1
121212961,CA65792,2025-06-08 13:00:00+00:00,0,test,0.4502473112375013,0.4121994032680204,1
121223233,CA65792,2025-06-08 17:00:00+00:00,1,test,0.48333320673703023,0.4121994032680204,1
121234252,CA65792,2025-06-08 21:00:00+00:00,1,test,0.647083052309972,0.4121994032680204,1
121246571,CA65792,2025-06-09 01:00:00+00:00,1,test,0.9201869774004567,0.4121994032680204,1
121255870,CA65792,2025-06-09 05:00:00+00:00,0,test,0.9389870437730505,0.4121994032680204,1
121267220,CA65792,2025-06-09 09:00:00+00:00,0,test,0.7821454680876571,0.4121994032680204,1
121275964,CA65792,2025-06-09 13:00:00+00:00,0,test,0.5566535628497271,0.4121994032680204,1
121288673,CA65792,2025-06-09 17:00:00+00:00,1,test,0.6023366004037328,0.4121994032680204,1
121298182,CA65792,2025-06-09 21:00:00+00:00,1,test,0.7556984989792965,0.4121994032680204,1
121310214,CA65792,2025-06-10 01:00:00+00:00,0,test,0.7919506641263805,0.4121994032680204,1
121320821,CA65792,2025-06-10 05:00:00+00:00,1,test,0.5849167731193373,0.4121994032680204,1
121333846,CA65792,2025-06-10 09:00:00+00:00,1,test,0.8120731351430319,0.4121994032680204,1
121344616,CA65792,2025-06-10 13:00:00+00:00,1,test,0.8136834726188661,0.4121994032680204,1
121354189,CA65792,2025-06-10 17:00:00+00:00,0,test,0.7757125398093037,0.4121994032680204,1
121366223,CA65792,2025-06-10 21:00:00+00:00,0,test,0.6297995801144444,0.4121994032680204,1
121374604,CA65792,2025-06-11 01:00:00+00:00,1,test,0.5384586777692132,0.4121994032680204,1
121386598,CA65792,2025-06-11 05:00:00+00:00,1,test,0.8316348945286975,0.4121994032680204,1
121398232,CA65792,2025-06-11 09:00:00+00:00,0,test,0.6488639888508492,0.4121994032680204,1
121408317,CA65792,2025-06-11 13:00:00+00:00,0,test,0.49573770571725606,0.4121994032680204,1
121420935,CA65792,2025-06-11 17:00:00+00:00,0,test,0.5108086597343996,0.4121994032680204,1
121432606,CA65792,2025-06-11 21:00:00+00:00,0,test,0.5108086597343996,0.4121994032680204,1
121443729,CA65792,2025-06-12 01:00:00+00:00,0,test,0.4690799005229105,0.4121994032680204,1
121454067,CA65792,2025-06-12 05:00:00+00:00,0,test,0.4674965389481044,0.4121994032680204,1
121463832,CA65792,2025-06-12 09:00:00+00:00,0,test,0.41892158475296026,0.4121994032680204,1
121569275,CA65792,2025-06-13 23:47:45+00:00,1,test,0.4335017710419417,0.4121994032680204,1
121582037,CA65792,2025-06-14 04:00:00+00:00,0,test,0.6378636608897907,0.4121994032680204,1
121592161,CA65792,2025-06-14 08:00:00+00:00,1,test,0.5252086225358148,0.4121994032680204,1
121604514,CA65792,2025-06-14 12:00:00+00:00,0,test,0.8070767847209278,0.4121994032680204,1
121614877,CA65792,2025-06-14 16:00:00+00:00,0,test,0.6858290081372217,0.4121994032680204,1
121624270,CA65792,2025-06-14 20:00:00+00:00,0,test,0.5935547958168492,0.4121994032680204,1
121637294,CA65792,2025-06-15 00:00:00+00:00,1,test,0.5858817891651591,0.4121994032680204,1
121647516,CA65792,2025-06-15 04:00:00+00:00,0,test,0.49538109099057676,0.4121994032680204,1
121656502,CA65792,2025-06-15 08:00:00+00:00,0,test,0.5022148630240624,0.4121994032680204,1
121664994,CA65792,2025-06-15 12:00:00+00:00,0,test,0.4826740516200092,0.4121994032680204,1
121675240,CA65792,2025-06-15 16:00:00+00:00,0,test,0.4949618752072646,0.4121994032680204,1
121689708,CA65792,2025-06-15 20:47:16+00:00,0,test,0.5108086597343996,0.4121994032680204,1
121698855,CA65792,2025-06-16 00:50:06+00:00,0,test,0.4778693525176482,0.4121994032680204,1
121708375,CA65792,2025-06-16 05:00:00+00:00,1,test,0.45865499736240406,0.4121994032680204,1
121718204,CA65792,2025-06-16 09:00:00+00:00,0,test,0.8430319630451529,0.4121994032680204,1
121730431,CA65792,2025-06-16 13:00:00+00:00,0,test,0.6805144465690385,0.4121994032680204,1
121770100,CA65792,2025-06-16 17:00:00+00:00,0,test,0.6120647843050101,0.4121994032680204,1
121829050,CA65792,2025-06-16 21:00:00+00:00,0,test,0.5899440204483706,0.4121994032680204,1
121845296,CA65792,2025-06-17 01:00:00+00:00,0,test,0.5517945901604434,0.4121994032680204,1
121856603,CA65792,2025-06-17 05:00:00+00:00,0,test,0.5508605305401234,0.4121994032680204,1
121866080,CA65792,2025-06-17 09:00:00+00:00,0,test,0.47349580452697554,0.4121994032680204,1
121883875,CA65792,2025-06-17 13:00:00+00:00,0,test,0.4215400682603756,0.4121994032680204,1
121913255,CA65792,2025-06-17 17:00:00+00:00,0,test,0.4836106431052391,0.4121994032680204,1
122029772,CA65792,2025-06-17 21:00:00+00:00,0,test,0.46281061255017997,0.4121994032680204,1
122663692,CA65792,2025-06-18 01:00:00+00:00,0,test,0.47846652510502824,0.4121994032680204,1
122991093,CA65792,2025-06-18 05:00:00+00:00,1,test,0.43401383198357446,0.4121994032680204,1
123008736,CA65792,2025-06-18 09:00:00+00:00,0,test,0.6194446029097292,0.4121994032680204,1
123017224,CA65792,2025-06-18 13:00:00+00:00,0,test,0.46110186834284766,0.4121994032680204,1
123047808,CA65792,2025-06-18 17:00:00+00:00,0,test,0.5003613827144228,0.4121994032680204,1
123115758,CA65792,2025-06-18 21:00:00+00:00,0,test,0.5024081649539566,0.4121994032680204,1
123131960,CA65792,2025-06-19 01:00:00+00:00,0,test,0.48272006539187984,0.4121994032680204,1
123143908,CA65792,2025-06-19 05:00:00+00:00,0,test,0.4817772476072878,0.4121994032680204,1
123154667,CA65792,2025-06-19 09:00:00+00:00,1,test,0.46090507315440116,0.4121994032680204,1
123164062,CA65792,2025-06-19 13:00:00+00:00,0,test,0.6574342262891929,0.4121994032680204,1
123175379,CA65792,2025-06-19 17:00:00+00:00,0,test,0.5921306319411577,0.4121994032680204,1
123189638,CA65792,2025-06-19 21:00:00+00:00,0,test,0.5254497552314654,0.4121994032680204,1
123201459,CA65792,2025-06-20 01:00:00+00:00,0,test,0.48654111594214056,0.4121994032680204,1
123212371,CA65792,2025-06-20 05:00:00+00:00,0,test,0.48654111594214056,0.4121994032680204,1
123223439,CA65792,2025-06-20 09:00:00+00:00,0,test,0.4910523744857552,0.4121994032680204,1
123237004,CA65792,2025-06-20 13:00:00+00:00,0,test,0.4938740763870973,0.4121994032680204,1
123246674,CA65792,2025-06-20 17:00:00+00:00,0,test,0.4840148562700888,0.4121994032680204,1
123260858,CA65792,2025-06-20 21:00:00+00:00,0,test,0.48400222570178064,0.4121994032680204,1
123270000,CA65792,2025-06-21 01:00:00+00:00,0,test,0.46685406378392474,0.4121994032680204,1
123284116,CA65792,2025-06-21 05:00:00+00:00,0,test,0.4249025465401524,0.4121994032680204,1
123293048,CA65792,2025-06-21 09:00:00+00:00,1,test,0.4245719312997468,0.4121994032680204,1
123308096,CA65792,2025-06-21 13:00:00+00:00,0,test,0.5564922190180168,0.4121994032680204,1
123316611,CA65792,2025-06-21 17:00:00+00:00,0,test,0.5727467761606794,0.4121994032680204,1
123327117,CA65792,2025-06-21 21:00:00+00:00,0,test,0.5059299376303473,0.4121994032680204,1
123337509,CA65792,2025-06-22 01:00:00+00:00,1,test,0.47728741749591147,0.4121994032680204,1
123348057,CA65792,2025-06-22 05:00:00+00:00,1,test,0.7451508554699169,0.4121994032680204,1
123361485,CA65792,2025-06-22 09:00:00+00:00,0,test,0.6974755702360695,0.4121994032680204,1
123371375,CA65792,2025-06-22 13:00:00+00:00,0,test,0.569972717356333,0.4121994032680204,1
123380648,CA65792,2025-06-22 17:00:00+00:00,0,test,0.5254497552314654,0.4121994032680204,1
123393970,CA65792,2025-06-22 21:00:00+00:00,0,test,0.5032909282990888,0.4121994032680204,1
123403915,CA65792,2025-06-23 01:00:00+00:00,0,test,0.4630048153803462,0.4121994032680204,1
123416563,CA65792,2025-06-23 05:00:00+00:00,0,test,0.4817933845957795,0.4121994032680204,1
123428037,CA65792,2025-06-23 09:00:00+00:00,0,test,0.4817933845957795,0.4121994032680204,1
123437396,CA65792,2025-06-23 13:00:00+00:00,0,test,0.4771251554325324,0.4121994032680204,1
123451116,CA65792,2025-06-23 17:00:00+00:00,0,test,0.4702251818881904,0.4121994032680204,1
123461046,CA65792,2025-06-23 21:00:00+00:00,0,test,0.46370627315386687,0.4121994032680204,1
123473261,CA65792,2025-06-24 01:00:00+00:00,0,test,0.4661965082647402,0.4121994032680204,1
123480974,CA65792,2025-06-24 05:00:00+00:00,1,test,0.41547144911957784,0.4121994032680204,1
123494200,CA65792,2025-06-24 09:00:00+00:00,0,test,0.5757314362478364,0.4121994032680204,1
123504826,CA65792,2025-06-24 13:00:00+00:00,0,test,0.5427805823980465,0.4121994032680204,1
123937281,CA65792,2025-06-24 17:00:00+00:00,1,test,0.5082553888673524,0.4121994032680204,1
123952959,CA65792,2025-06-24 21:00:00+00:00,1,test,0.8140760615213317,0.4121994032680204,1
123967496,CA65792,2025-06-25 01:00:00+00:00,1,test,0.7382916226635461,0.4121994032680204,1
123976157,CA65792,2025-06-25 05:00:00+00:00,0,test,0.7038876111582031,0.4121994032680204,1
123988573,CA65792,2025-06-25 09:00:00+00:00,0,test,0.6540621995334486,0.4121994032680204,1
124000878,CA65792,2025-06-25 13:00:00+00:00,0,test,0.557261941170237,0.4121994032680204,1
124011746,CA65792,2025-06-25 17:00:00+00:00,0,test,0.5828448082466103,0.4121994032680204,1
124032825,CA65792,2025-06-25 21:00:00+00:00,0,test,0.5395865759172725,0.4121994032680204,1
124044688,CA65792,2025-06-26 01:00:00+00:00,0,test,0.4654691439459863,0.4121994032680204,1
124054368,CA65792,2025-06-26 05:00:00+00:00,0,test,0.4466937664453528,0.4121994032680204,1
124068600,CA65792,2025-06-26 09:00:00+00:00,0,test,0.45011318355457924,0.4121994032680204,1
124077452,CA65792,2025-06-26 13:00:00+00:00,0,test,0.47756774258070206,0.4121994032680204,1
124092946,CA65792,2025-06-26 17:00:00+00:00,0,test,0.4933387498060147,0.4121994032680204,1
124115875,CA65792,2025-06-26 21:00:00+00:00,0,test,0.45347333845982085,0.4121994032680204,1
124126918,CA65792,2025-06-27 01:00:00+00:00,1,test,0.43718674288676296,0.4121994032680204,1
124136102,CA65792,2025-06-27 05:00:00+00:00,0,test,0.5988867404170766,0.4121994032680204,1
124147292,CA65792,2025-06-27 09:00:00+00:00,0,test,0.548894887079512,0.4121994032680204,1
124162862,CA65792,2025-06-27 13:00:00+00:00,1,test,0.4862377073588634,0.4121994032680204,1
124173992,CA65792,2025-06-27 17:00:00+00:00,0,test,0.6222349497742974,0.4121994032680204,1
124197481,CA65792,2025-06-27 21:00:00+00:00,0,test,0.5730762152722689,0.4121994032680204,1
124208122,CA65792,2025-06-28 01:00:00+00:00,0,test,0.48654111594214056,0.4121994032680204,1
124218786,CA65792,2025-06-28 05:00:00+00:00,0,test,0.48654111594214056,0.4121994032680204,1
124229806,CA65792,2025-06-28 09:00:00+00:00,0,test,0.4910523744857552,0.4121994032680204,1
124249407,CA65792,2025-06-28 13:00:00+00:00,0,test,0.4938740763870973,0.4121994032680204,1
124264630,CA65792,2025-06-28 17:00:00+00:00,0,test,0.4908424816076515,0.4121994032680204,1
124279030,CA65792,2025-06-28 21:00:00+00:00,0,test,0.4765924004386935,0.4121994032680204,1
124290495,CA65792,2025-06-29 01:00:00+00:00,0,test,0.4829963403387652,0.4121994032680204,1
124304559,CA65792,2025-06-29 05:00:00+00:00,0,test,0.4632841867462853,0.4121994032680204,1
124316093,CA65792,2025-06-29 09:00:00+00:00,0,test,0.4537376081583426,0.4121994032680204,1
124328716,CA65792,2025-06-29 13:00:00+00:00,0,test,0.4378797551202244,0.4121994032680204,1
124340543,CA65792,2025-06-29 17:00:00+00:00,0,test,0.4475672482553754,0.4121994032680204,1
124352477,CA65792,2025-06-29 21:00:00+00:00,1,test,0.44526804062633213,0.4121994032680204,1
124367570,CA65792,2025-06-30 01:00:00+00:00,1,test,0.5872217208472564,0.4121994032680204,1
124378913,CA65792,2025-06-30 05:00:00+00:00,0,test,0.6771463920315728,0.4121994032680204,1
124387442,CA65792,2025-06-30 09:00:00+00:00,0,test,0.4788526566142506,0.4121994032680204,1
124401203,CA65792,2025-06-30 13:00:00+00:00,0,test,0.47737903423764066,0.4121994032680204,1
124413204,CA65792,2025-06-30 17:00:00+00:00,0,test,0.5028042020272055,0.4121994032680204,1
124440541,CA65792,2025-06-30 21:00:00+00:00,0,test,0.5108086597343996,0.4121994032680204,1
124449689,CA65792,2025-07-01 01:00:00+00:00,0,test,0.4692412488047417,0.4121994032680204,1
120859600,CA65793,2025-06-03 06:00:00+00:00,0,test,0.4595091316518718,0.4121994032680204,1
121254248,CA65793,2025-06-09 05:00:00+00:00,0,test,0.5634544578746346,0.4121994032680204,1
121295426,CA65793,2025-06-09 19:58:16+00:00,0,test,0.472452512148439,0.4121994032680204,1
121379718,CA65793,2025-06-11 03:00:00+00:00,0,test,0.499053784951454,0.4121994032680204,1
121433936,CA65793,2025-06-11 22:00:00+00:00,0,test,0.5402919256510557,0.4121994032680204,1
121693826,CA65793,2025-06-15 22:27:08+00:00,0,test,0.5016660894834168,0.4121994032680204,1
121854740,CA65793,2025-06-17 04:30:35+00:00,0,test,0.5849131972533588,0.4121994032680204,1
123003579,CA65793,2025-06-18 08:00:00+00:00,0,test,0.5849131972533588,0.4121994032680204,1
123417002,CA65793,2025-06-23 06:00:00+00:00,0,test,0.5587405175701007,0.4121994032680204,1
124373733,CA65793,2025-06-30 04:00:00+00:00,0,test,0.5206543385145767,0.4121994032680204,1
124387443,CA65793,2025-06-30 08:43:47+00:00,0,test,0.6514787264900799,0.4121994032680204,1
120809205,CA65909,2025-06-02 15:00:00+00:00,0,test,0.5045406204086661,0.4121994032680204,1
120834129,CA65909,2025-06-02 19:00:00+00:00,0,test,0.45560877442182396,0.4121994032680204,1
120842296,CA65909,2025-06-02 23:00:00+00:00,0,test,0.4341612715988288,0.4121994032680204,1
120852126,CA65909,2025-06-03 03:00:00+00:00,0,test,0.4772330829697287,0.4121994032680204,1
120863693,CA65909,2025-06-03 07:00:00+00:00,0,test,0.46351397789189414,0.4121994032680204,1
120871833,CA65909,2025-06-03 11:00:00+00:00,0,test,0.4420701486956125,0.4121994032680204,1
120893002,CA65909,2025-06-03 18:00:00+00:00,1,test,0.45754271121183987,0.4121994032680204,1
124026535,CA65909,2025-06-03 22:00:00+00:00,0,test,0.5478776629772818,0.4121994032680204,1
124026543,CA65909,2025-06-04 02:00:00+00:00,1,test,0.5304491590875382,0.4121994032680204,1
124026557,CA65909,2025-06-04 06:00:00+00:00,1,test,0.5822005186320773,0.4121994032680204,1
120931749,CA65909,2025-06-04 10:00:00+00:00,0,test,0.7789475960631553,0.4121994032680204,1
120942384,CA65909,2025-06-04 14:00:00+00:00,0,test,0.4593449766822434,0.4121994032680204,1
120952485,CA65909,2025-06-04 18:00:00+00:00,0,test,0.4830680876969004,0.4121994032680204,1
121579830,CA65909,2025-06-14 03:23:08+00:00,1,test,0.7210814433316565,0.4121994032680204,1
121591768,CA65909,2025-06-14 08:00:00+00:00,0,test,0.46152296923144753,0.4121994032680204,1
121603628,CA65909,2025-06-14 12:00:00+00:00,0,test,0.4562862850285539,0.4121994032680204,1
121615154,CA65909,2025-06-14 16:00:00+00:00,0,test,0.47487504624561583,0.4121994032680204,1
121624275,CA65909,2025-06-14 20:00:00+00:00,0,test,0.4839684897675684,0.4121994032680204,1
121635655,CA65909,2025-06-15 00:00:00+00:00,0,test,0.4884785878068495,0.4121994032680204,1
121646858,CA65909,2025-06-15 04:00:00+00:00,0,test,0.4444523220334014,0.4121994032680204,1
121657604,CA65909,2025-06-15 08:00:00+00:00,0,test,0.44563112957066076,0.4121994032680204,1
121664999,CA65909,2025-06-15 12:00:00+00:00,1,test,0.45337718708739333,0.4121994032680204,1
121676995,CA65909,2025-06-15 16:00:00+00:00,0,test,0.770935778471279,0.4121994032680204,1
121685528,CA65909,2025-06-15 20:00:00+00:00,1,test,0.5870936127767129,0.4121994032680204,1
121697277,CA65909,2025-06-16 00:00:00+00:00,0,test,0.5668950231449881,0.4121994032680204,1
121705499,CA65909,2025-06-16 04:00:00+00:00,1,test,0.5043162113106935,0.4121994032680204,1
121713607,CA65909,2025-06-16 08:00:00+00:00,1,test,0.8105456387274069,0.4121994032680204,1
121730467,CA65909,2025-06-16 12:00:00+00:00,0,test,0.6833834359982331,0.4121994032680204,1
121740699,CA65909,2025-06-16 16:00:00+00:00,1,test,0.551335620606462,0.4121994032680204,1
121819829,CA65909,2025-06-16 20:00:00+00:00,1,test,0.8561107819733265,0.4121994032680204,1
121847124,CA65909,2025-06-17 00:00:00+00:00,1,test,0.7777330487495692,0.4121994032680204,1
121853560,CA65909,2025-06-17 04:00:00+00:00,0,test,0.6131804848566398,0.4121994032680204,1
121861785,CA65909,2025-06-17 08:00:00+00:00,1,test,0.5136234142090546,0.4121994032680204,1
121878585,CA65909,2025-06-17 12:00:00+00:00,1,test,0.6918529102448487,0.4121994032680204,1
121902186,CA65909,2025-06-17 16:00:00+00:00,1,test,0.8824531420305571,0.4121994032680204,1
121924108,CA65909,2025-06-17 20:00:00+00:00,0,test,0.6690582772476957,0.4121994032680204,1
122428686,CA65909,2025-06-18 00:00:00+00:00,0,test,0.5424169475736296,0.4121994032680204,1
122989494,CA65909,2025-06-18 04:00:00+00:00,1,test,0.5145533195800983,0.4121994032680204,1
123005432,CA65909,2025-06-18 08:00:00+00:00,1,test,0.6938328392946872,0.4121994032680204,1
123015977,CA65909,2025-06-18 12:00:00+00:00,0,test,0.7833392926852268,0.4121994032680204,1
123037448,CA65909,2025-06-18 16:00:00+00:00,1,test,0.5998827146633579,0.4121994032680204,1
123107336,CA65909,2025-06-18 20:00:00+00:00,1,test,0.639581536533098,0.4121994032680204,1
123126973,CA65909,2025-06-19 00:00:00+00:00,1,test,0.7749226948857536,0.4121994032680204,1
123138442,CA65909,2025-06-19 04:00:00+00:00,1,test,0.8895700599452372,0.4121994032680204,1
123150707,CA65909,2025-06-19 08:00:00+00:00,1,test,0.9607740603687613,0.4121994032680204,1
123164069,CA65909,2025-06-19 12:00:00+00:00,0,test,0.8046416596978355,0.4121994032680204,1
123175385,CA65909,2025-06-19 16:00:00+00:00,0,test,0.6972583898691175,0.4121994032680204,1
123186862,CA65909,2025-06-19 20:00:00+00:00,1,test,0.6002394185323701,0.4121994032680204,1
123197919,CA65909,2025-06-20 00:00:00+00:00,0,test,0.8347660866305635,0.4121994032680204,1
123208297,CA65909,2025-06-20 04:00:00+00:00,1,test,0.696961712577875,0.4121994032680204,1
123221529,CA65909,2025-06-20 08:00:00+00:00,0,test,0.7859272774674543,0.4121994032680204,1
123232475,CA65909,2025-06-20 12:00:00+00:00,1,test,0.5442208035326764,0.4121994032680204,1
123243533,CA65909,2025-06-20 16:00:00+00:00,0,test,0.491936471499334,0.4121994032680204,1
123256030,CA65909,2025-06-20 20:00:00+00:00,1,test,0.5009787674571469,0.4121994032680204,1
123267878,CA65909,2025-06-21 00:00:00+00:00,1,test,0.6504452234417153,0.4121994032680204,1
123278610,CA65909,2025-06-21 04:00:00+00:00,0,test,0.8278753374835449,0.4121994032680204,1
123292666,CA65909,2025-06-21 08:00:00+00:00,1,test,0.4862991568608456,0.4121994032680204,1
123302074,CA65909,2025-06-21 12:00:00+00:00,1,test,0.8157429510223508,0.4121994032680204,1
123315180,CA65909,2025-06-21 16:00:00+00:00,1,test,0.887561248605563,0.4121994032680204,1
123326721,CA65909,2025-06-21 20:00:00+00:00,1,test,0.9089840304305592,0.4121994032680204,1
123336612,CA65909,2025-06-22 00:00:00+00:00,0,test,0.8071323102347827,0.4121994032680204,1
123345179,CA65909,2025-06-22 04:00:00+00:00,1,test,0.6382721660885159,0.4121994032680204,1
123358215,CA65909,2025-06-22 08:00:00+00:00,0,test,0.9084605861980134,0.4121994032680204,1
123369659,CA65909,2025-06-22 12:00:00+00:00,0,test,0.7040637472246598,0.4121994032680204,1
123380232,CA65909,2025-06-22 16:00:00+00:00,1,test,0.618059275098994,0.4121994032680204,1
123389737,CA65909,2025-06-22 20:00:00+00:00,1,test,0.4605322122718146,0.4121994032680204,1
123401227,CA65909,2025-06-23 00:00:00+00:00,0,test,0.6996046135577192,0.4121994032680204,1
123411829,CA65909,2025-06-23 04:00:00+00:00,0,test,0.45007503796656706,0.4121994032680204,1
123486887,CA65909,2025-06-24 07:00:00+00:00,0,test,0.7312355816809738,0.4121994032680204,1
123499295,CA65909,2025-06-24 11:00:00+00:00,1,test,0.4593225629039786,0.4121994032680204,1
123508865,CA65909,2025-06-24 15:00:00+00:00,0,test,0.6938142495411094,0.4121994032680204,1
123946249,CA65909,2025-06-24 19:00:00+00:00,0,test,0.6544031644234399,0.4121994032680204,1
123960739,CA65909,2025-06-24 23:00:00+00:00,0,test,0.5614010008335097,0.4121994032680204,1
123973048,CA65909,2025-06-25 03:00:00+00:00,1,test,0.5604882755416389,0.4121994032680204,1
123984814,CA65909,2025-06-25 07:00:00+00:00,0,test,0.7735714636421981,0.4121994032680204,1
123995132,CA65909,2025-06-25 11:00:00+00:00,1,test,0.6708793428285373,0.4121994032680204,1
124006275,CA65909,2025-06-25 15:00:00+00:00,0,test,0.7113684868757013,0.4121994032680204,1
124018720,CA65909,2025-06-25 19:00:00+00:00,1,test,0.5912268165464823,0.4121994032680204,1
124038229,CA65909,2025-06-25 23:00:00+00:00,0,test,0.732094987345497,0.4121994032680204,1
124047499,CA65909,2025-06-26 03:00:00+00:00,0,test,0.523398948468188,0.4121994032680204,1
124061398,CA65909,2025-06-26 07:00:00+00:00,1,test,0.5270660803154782,0.4121994032680204,1
124073530,CA65909,2025-06-26 11:00:00+00:00,0,test,0.7164973857455457,0.4121994032680204,1
124084916,CA65909,2025-06-26 15:00:00+00:00,1,test,0.5107677353814394,0.4121994032680204,1
124099191,CA65909,2025-06-26 19:00:00+00:00,0,test,0.8211787821221466,0.4121994032680204,1
124121994,CA65909,2025-06-26 23:00:00+00:00,0,test,0.7492734840168002,0.4121994032680204,1
124130606,CA65909,2025-06-27 03:00:00+00:00,1,test,0.6238767325672949,0.4121994032680204,1
124143767,CA65909,2025-06-27 07:00:00+00:00,1,test,0.9512736609874058,0.4121994032680204,1
124154322,CA65909,2025-06-27 11:00:00+00:00,0,test,0.8566234646853076,0.4121994032680204,1
124167865,CA65909,2025-06-27 15:00:00+00:00,0,test,0.7581254073119438,0.4121994032680204,1
124183533,CA65909,2025-06-27 19:00:00+00:00,0,test,0.6130195169996113,0.4121994032680204,1
124201304,CA65909,2025-06-27 23:00:00+00:00,0,test,0.5625656478713341,0.4121994032680204,1
124214869,CA65909,2025-06-28 03:00:00+00:00,1,test,0.5412914381763217,0.4121994032680204,1
124225232,CA65909,2025-06-28 07:00:00+00:00,0,test,0.8199487044631619,0.4121994032680204,1
124245731,CA65909,2025-06-28 11:00:00+00:00,0,test,0.5087236382825031,0.4121994032680204,1
124257654,CA65909,2025-06-28 15:00:00+00:00,0,test,0.5305845799302977,0.4121994032680204,1
124269172,CA65909,2025-06-28 19:00:00+00:00,0,test,0.5010399762832158,0.4121994032680204,1
124286677,CA65909,2025-06-28 23:00:00+00:00,1,test,0.4945191285963834,0.4121994032680204,1
124297170,CA65909,2025-06-29 03:00:00+00:00,1,test,0.8669695518133116,0.4121994032680204,1
124311064,CA65909,2025-06-29 07:00:00+00:00,0,test,0.6571420167543134,0.4121994032680204,1
124325313,CA65909,2025-06-29 11:00:00+00:00,1,test,0.5498448113122296,0.4121994032680204,1
124337579,CA65909,2025-06-29 15:00:00+00:00,1,test,0.8546934267425272,0.4121994032680204,1
124348173,CA65909,2025-06-29 19:00:00+00:00,1,test,0.7529647167560659,0.4121994032680204,1
124361881,CA65909,2025-06-29 23:00:00+00:00,1,test,0.9138108805267524,0.4121994032680204,1
124372677,CA65909,2025-06-30 03:00:00+00:00,1,test,0.6750116955375383,0.4121994032680204,1
124381997,CA65909,2025-06-30 07:00:00+00:00,1,test,0.9032217941168597,0.4121994032680204,1
124393359,CA65909,2025-06-30 11:00:00+00:00,0,test,0.7754412165211322,0.4121994032680204,1
124405199,CA65909,2025-06-30 15:00:00+00:00,1,test,0.6697787448243745,0.4121994032680204,1
124425433,CA65909,2025-06-30 19:00:00+00:00,0,test,0.8157221967448752,0.4121994032680204,1
124443615,CA65909,2025-06-30 23:00:00+00:00,0,test,0.6372403015778643,0.4121994032680204,1
124457418,CA65909,2025-07-01 03:00:00+00:00,0,test,0.5595707829112836,0.4121994032680204,1
120853324,CA65915,2025-06-03 02:15:45+00:00,0,test,0.7613788899149145,0.4121994032680204,1
120861951,CA65915,2025-06-03 06:40:30+00:00,0,test,0.4211872374544538,0.4121994032680204,1
120890822,CA65915,2025-06-03 17:00:00+00:00,1,test,0.8284174948773795,0.4121994032680204,1
120900450,CA65915,2025-06-03 21:00:00+00:00,1,test,0.9198799343203867,0.4121994032680204,1
124026585,CA65915,2025-06-04 01:00:00+00:00,1,test,0.7394348828298783,0.4121994032680204,1
124026594,CA65915,2025-06-04 05:00:00+00:00,0,test,0.7362493916388836,0.4121994032680204,1
124026606,CA65915,2025-06-04 09:00:00+00:00,1,test,0.598346706964781,0.4121994032680204,1
120941484,CA65915,2025-06-04 13:00:00+00:00,1,test,0.8631907171930221,0.4121994032680204,1
120950326,CA65915,2025-06-04 17:00:00+00:00,1,test,0.9329295554573858,0.4121994032680204,1
120960291,CA65915,2025-06-04 21:00:00+00:00,0,test,0.6595144451821828,0.4121994032680204,1
120970286,CA65915,2025-06-05 01:00:00+00:00,0,test,0.4987464021683109,0.4121994032680204,1
120980491,CA65915,2025-06-05 05:00:00+00:00,0,test,0.47988784478733226,0.4121994032680204,1
120990999,CA65915,2025-06-05 09:00:00+00:00,0,test,0.477016425591257,0.4121994032680204,1
121004733,CA65915,2025-06-05 13:00:00+00:00,0,test,0.4902661467165925,0.4121994032680204,1
121016290,CA65915,2025-06-05 17:00:00+00:00,0,test,0.5032117977722365,0.4121994032680204,1
121701080,CA65915,2025-06-16 02:00:00+00:00,0,test,0.7380167549682093,0.4121994032680204,1
121710311,CA65915,2025-06-16 06:00:00+00:00,0,test,0.4657600839787147,0.4121994032680204,1
121732903,CA65915,2025-06-16 15:00:00+00:00,0,test,0.4128468885677405,0.4121994032680204,1
121802187,CA65915,2025-06-16 19:00:00+00:00,0,test,0.4128468885677405,0.4121994032680204,1
121839375,CA65915,2025-06-16 23:00:00+00:00,0,test,0.4128468885677405,0.4121994032680204,1
123147043,CA65915,2025-06-19 06:34:58+00:00,0,test,0.6381278795758076,0.4121994032680204,1
123164071,CA65915,2025-06-19 12:01:52+00:00,0,test,0.4125278650364146,0.4121994032680204,1
124044695,CA65915,2025-06-26 02:00:00+00:00,0,test,0.6697979130063891,0.4121994032680204,1
124060351,CA65915,2025-06-26 06:00:00+00:00,0,test,0.43857991113409056,0.4121994032680204,1
124071572,CA65915,2025-06-26 10:00:00+00:00,0,test,0.4220999763096623,0.4121994032680204,1
124080933,CA65915,2025-06-26 14:00:00+00:00,0,test,0.42224788665249896,0.4121994032680204,1
124097520,CA65915,2025-06-26 18:00:00+00:00,0,test,0.43868965802305265,0.4121994032680204,1
124118137,CA65915,2025-06-26 22:00:00+00:00,0,test,0.43868965802305265,0.4121994032680204,1
124290501,CA65915,2025-06-29 00:46:56+00:00,0,test,0.8516860234731713,0.4121994032680204,1
124303585,CA65915,2025-06-29 05:00:00+00:00,0,test,0.701887080819447,0.4121994032680204,1
124317707,CA65915,2025-06-29 09:00:00+00:00,1,test,0.5650603877230684,0.4121994032680204,1
124328722,CA65915,2025-06-29 13:00:00+00:00,0,test,0.7330384920896543,0.4121994032680204,1
124340549,CA65915,2025-06-29 17:00:00+00:00,0,test,0.6519581796169136,0.4121994032680204,1
124355219,CA65915,2025-06-29 21:00:00+00:00,0,test,0.4887982396494996,0.4121994032680204,1
120852128,CA65916,2025-06-03 02:34:57+00:00,0,test,0.4589653986882754,0.4121994032680204,1
121057372,CA65916,2025-06-06 08:00:00+00:00,0,test,0.5733731092563812,0.4121994032680204,1
121304073,CA65916,2025-06-09 22:42:02+00:00,0,test,0.491405874325491,0.4121994032680204,1
121335491,CA65916,2025-06-10 09:40:15+00:00,0,test,0.5343563577881157,0.4121994032680204,1
121409135,CA65916,2025-06-11 12:55:37+00:00,0,test,0.49616983762998834,0.4121994032680204,1
123263827,CA65916,2025-06-20 23:00:00+00:00,0,test,0.4993163128951225,0.4121994032680204,1
123375425,CA65916,2025-06-22 15:00:00+00:00,0,test,0.4219504365022091,0.4121994032680204,1
124217736,CA65916,2025-06-28 05:00:00+00:00,0,test,0.49813366351803307,0.4121994032680204,1
120810146,CA65921,2025-06-02 15:00:00+00:00,0,test,0.4686578910350639,0.4121994032680204,1
120876971,CA65921,2025-06-03 13:00:00+00:00,0,test,0.7071465000361686,0.4121994032680204,1
120888772,CA65921,2025-06-03 17:00:00+00:00,0,test,0.46498257454449377,0.4121994032680204,1
120900451,CA65921,2025-06-03 21:00:00+00:00,0,test,0.41588128345237885,0.4121994032680204,1
120952492,CA65921,2025-06-04 17:29:25+00:00,1,test,0.7425153854163693,0.4121994032680204,1
120963366,CA65921,2025-06-04 22:00:00+00:00,1,test,0.7587836580447642,0.4121994032680204,1
120972925,CA65921,2025-06-05 02:00:00+00:00,1,test,0.640246156975731,0.4121994032680204,1
120983485,CA65921,2025-06-05 06:00:00+00:00,1,test,0.9513681434102086,0.4121994032680204,1
120994935,CA65921,2025-06-05 10:00:00+00:00,1,test,0.9503716713172775,0.4121994032680204,1
121008247,CA65921,2025-06-05 14:00:00+00:00,1,test,0.8551280887540496,0.4121994032680204,1
121018542,CA65921,2025-06-05 18:00:00+00:00,1,test,0.9478108716613661,0.4121994032680204,1
121030690,CA65921,2025-06-05 22:00:00+00:00,1,test,0.9008667555843644,0.4121994032680204,1
121041556,CA65921,2025-06-06 02:00:00+00:00,1,test,0.9473322328617549,0.4121994032680204,1
121052822,CA65921,2025-06-06 06:00:00+00:00,1,test,0.9435828384897451,0.4121994032680204,1
121063187,CA65921,2025-06-06 10:00:00+00:00,1,test,0.9617102430171263,0.4121994032680204,1
121075404,CA65921,2025-06-06 14:00:00+00:00,1,test,0.8537796918865906,0.4121994032680204,1
121086204,CA65921,2025-06-06 18:00:00+00:00,0,test,0.6719861517826926,0.4121994032680204,1
121097781,CA65921,2025-06-06 22:00:00+00:00,0,test,0.6661492305229707,0.4121994032680204,1
121110795,CA65921,2025-06-07 02:00:00+00:00,0,test,0.4391596953688204,0.4121994032680204,1
121120611,CA65921,2025-06-07 06:00:00+00:00,0,test,0.45721322775793277,0.4121994032680204,1
121133351,CA65921,2025-06-07 10:00:00+00:00,1,test,0.45721322775793277,0.4121994032680204,1
121145285,CA65921,2025-06-07 14:00:00+00:00,0,test,0.6057451858331081,0.4121994032680204,1
121155300,CA65921,2025-06-07 18:00:00+00:00,0,test,0.46278719026101245,0.4121994032680204,1
121206795,CA65921,2025-06-08 11:36:21+00:00,0,test,0.7257690113274868,0.4121994032680204,1
121222809,CA65921,2025-06-08 16:51:32+00:00,0,test,0.4137115028876677,0.4121994032680204,1
121235845,CA65921,2025-06-08 22:00:00+00:00,0,test,0.717270318643706,0.4121994032680204,1
121270462,CA65921,2025-06-09 10:23:22+00:00,1,test,0.7362589869265281,0.4121994032680204,1
121281356,CA65921,2025-06-09 15:00:00+00:00,1,test,0.775753804667686,0.4121994032680204,1
121292386,CA65921,2025-06-09 19:00:00+00:00,1,test,0.7206381556105774,0.4121994032680204,1
121305469,CA65921,2025-06-09 23:00:00+00:00,1,test,0.8448657647429241,0.4121994032680204,1
121316673,CA65921,2025-06-10 03:00:00+00:00,1,test,0.9115020160781104,0.4121994032680204,1
121326247,CA65921,2025-06-10 07:00:00+00:00,1,test,0.8506901409385804,0.4121994032680204,1
121339742,CA65921,2025-06-10 11:00:00+00:00,0,test,0.9073286852862242,0.4121994032680204,1
121349799,CA65921,2025-06-10 15:00:00+00:00,0,test,0.6162137980867654,0.4121994032680204,1
121361403,CA65921,2025-06-10 19:00:00+00:00,0,test,0.5238743772925516,0.4121994032680204,1
121370835,CA65921,2025-06-10 23:00:00+00:00,1,test,0.46089699398561984,0.4121994032680204,1
121379729,CA65921,2025-06-11 03:00:00+00:00,0,test,0.6527430861928349,0.4121994032680204,1
121390721,CA65921,2025-06-11 07:00:00+00:00,0,test,0.5478108449431466,0.4121994032680204,1
121466685,CA65921,2025-06-12 09:54:55+00:00,0,test,0.7255496349201347,0.4121994032680204,1
121477941,CA65921,2025-06-12 14:00:00+00:00,0,test,0.4585750944498247,0.4121994032680204,1
121534232,CA65921,2025-06-13 11:00:00+00:00,0,test,0.7370359811016487,0.4121994032680204,1
121550441,CA65921,2025-06-13 16:09:31+00:00,1,test,0.4149185510683043,0.4121994032680204,1
121560269,CA65921,2025-06-13 20:47:37+00:00,1,test,0.854987466993649,0.4121994032680204,1
121572161,CA65921,2025-06-14 01:00:00+00:00,1,test,0.814130005255556,0.4121994032680204,1
121582570,CA65921,2025-06-14 05:00:00+00:00,1,test,0.9437912670160075,0.4121994032680204,1
121595955,CA65921,2025-06-14 09:00:00+00:00,1,test,0.9449587384379848,0.4121994032680204,1
121605509,CA65921,2025-06-14 13:00:00+00:00,0,test,0.6486591077440276,0.4121994032680204,1
121616319,CA65921,2025-06-14 17:00:00+00:00,0,test,0.5172205733691402,0.4121994032680204,1
121629734,CA65921,2025-06-14 21:00:00+00:00,0,test,0.45021924478867775,0.4121994032680204,1
121640155,CA65921,2025-06-15 01:00:00+00:00,0,test,0.42835283757373593,0.4121994032680204,1
121649229,CA65921,2025-06-15 05:00:00+00:00,0,test,0.43226070531017413,0.4121994032680204,1
121691487,CA65921,2025-06-15 21:58:40+00:00,1,test,0.8249752798876079,0.4121994032680204,1
121703500,CA65921,2025-06-16 03:00:00+00:00,0,test,0.4185997359448734,0.4121994032680204,1
121732909,CA65921,2025-06-16 14:50:08+00:00,0,test,0.7502839650782293,0.4121994032680204,1
121802193,CA65921,2025-06-16 19:00:00+00:00,1,test,0.4830121068290032,0.4121994032680204,1
121839388,CA65921,2025-06-16 23:00:00+00:00,1,test,0.7774831615636244,0.4121994032680204,1
121852143,CA65921,2025-06-17 03:00:00+00:00,0,test,0.48526982293736426,0.4121994032680204,1
121859637,CA65921,2025-06-17 07:00:00+00:00,1,test,0.4379966622402833,0.4121994032680204,1
121868934,CA65921,2025-06-17 11:00:00+00:00,1,test,0.6780995912786671,0.4121994032680204,1
121899933,CA65921,2025-06-17 15:00:00+00:00,0,test,0.7009740149343109,0.4121994032680204,1
121919063,CA65921,2025-06-17 19:00:00+00:00,0,test,0.595124920154258,0.4121994032680204,1
123017239,CA65921,2025-06-18 13:00:00+00:00,1,test,0.8286098451998309,0.4121994032680204,1
123051046,CA65921,2025-06-18 18:00:00+00:00,1,test,0.41338960101866556,0.4121994032680204,1
123122927,CA65921,2025-06-18 22:00:00+00:00,0,test,0.43785283815685494,0.4121994032680204,1
123199346,CA65921,2025-06-20 01:00:00+00:00,0,test,0.6700549940679552,0.4121994032680204,1
123348069,CA65921,2025-06-22 05:00:00+00:00,0,test,0.7299599556889623,0.4121994032680204,1
123462921,CA65921,2025-06-23 22:00:00+00:00,1,test,0.7380100105553985,0.4121994032680204,1
123474940,CA65921,2025-06-24 02:00:00+00:00,0,test,0.656177636097934,0.4121994032680204,1
123491581,CA65921,2025-06-24 08:00:00+00:00,0,test,0.4385605251570811,0.4121994032680204,1
124112464,CA65921,2025-06-26 20:00:00+00:00,1,test,0.7595809637972333,0.4121994032680204,1
124122469,CA65921,2025-06-27 00:00:00+00:00,1,test,0.6033540503388751,0.4121994032680204,1
124135466,CA65921,2025-06-27 04:00:00+00:00,0,test,0.6068555673795148,0.4121994032680204,1
124291949,CA65921,2025-06-29 01:00:00+00:00,0,test,0.7604983902485726,0.4121994032680204,1
124303591,CA65921,2025-06-29 05:00:00+00:00,0,test,0.4686782658621864,0.4121994032680204,1
124353903,CA65921,2025-06-29 20:41:29+00:00,0,test,0.6948909413421492,0.4121994032680204,1
124365552,CA65921,2025-06-30 01:00:00+00:00,0,test,0.45553440175134596,0.4121994032680204,1
120809215,CA65924,2025-06-02 15:00:00+00:00,1,test,0.4671096575894046,0.4121994032680204,1
120832775,CA65924,2025-06-02 19:00:00+00:00,0,test,0.6543988957934687,0.4121994032680204,1
120844478,CA65924,2025-06-02 23:00:00+00:00,0,test,0.5514266315230422,0.4121994032680204,1
120854212,CA65924,2025-06-03 03:00:00+00:00,0,test,0.47100672510049557,0.4121994032680204,1
120862926,CA65924,2025-06-03 07:00:00+00:00,0,test,0.45153705761626467,0.4121994032680204,1
120873603,CA65924,2025-06-03 11:00:00+00:00,1,test,0.4678767730108614,0.4121994032680204,1
120883325,CA65924,2025-06-03 15:00:00+00:00,0,test,0.6651106049440401,0.4121994032680204,1
120895271,CA65924,2025-06-03 19:00:00+00:00,0,test,0.4931756035374557,0.4121994032680204,1
124026751,CA65924,2025-06-03 23:00:00+00:00,0,test,0.4858480598527609,0.4121994032680204,1
124026757,CA65924,2025-06-04 03:00:00+00:00,0,test,0.4639998642010034,0.4121994032680204,1
124026767,CA65924,2025-06-04 07:00:00+00:00,1,test,0.46545670613374385,0.4121994032680204,1
120934224,CA65924,2025-06-04 11:00:00+00:00,1,test,0.651663704634143,0.4121994032680204,1
120945922,CA65924,2025-06-04 15:00:00+00:00,1,test,0.8215486745283461,0.4121994032680204,1
120955937,CA65924,2025-06-04 19:00:00+00:00,1,test,0.6149247718179789,0.4121994032680204,1
120965208,CA65924,2025-06-04 23:00:00+00:00,1,test,0.8671089451449853,0.4121994032680204,1
120977710,CA65924,2025-06-05 03:00:00+00:00,1,test,0.8252377034397897,0.4121994032680204,1
120986271,CA65924,2025-06-05 07:00:00+00:00,0,test,0.8120654901133666,0.4121994032680204,1
120997569,CA65924,2025-06-05 11:00:00+00:00,1,test,0.6528835276046986,0.4121994032680204,1
121008251,CA65924,2025-06-05 15:00:00+00:00,1,test,0.7298438571772895,0.4121994032680204,1
121019246,CA65924,2025-06-05 19:00:00+00:00,1,test,0.8240472788910825,0.4121994032680204,1
121033417,CA65924,2025-06-05 23:00:00+00:00,1,test,0.8794811357447272,0.4121994032680204,1
121042082,CA65924,2025-06-06 03:00:00+00:00,1,test,0.8797451851497246,0.4121994032680204,1
121053143,CA65924,2025-06-06 07:00:00+00:00,1,test,0.736383048518877,0.4121994032680204,1
121064819,CA65924,2025-06-06 11:00:00+00:00,0,test,0.7758794553192484,0.4121994032680204,1
121079960,CA65924,2025-06-06 15:00:00+00:00,1,test,0.6662858071600322,0.4121994032680204,1
121091011,CA65924,2025-06-06 19:00:00+00:00,0,test,0.7185857694703071,0.4121994032680204,1
121099195,CA65924,2025-06-06 23:00:00+00:00,0,test,0.4788510410901811,0.4121994032680204,1
121113959,CA65924,2025-06-07 03:00:00+00:00,0,test,0.4768669481501126,0.4121994032680204,1
121123241,CA65924,2025-06-07 07:00:00+00:00,0,test,0.447926324377025,0.4121994032680204,1
121137550,CA65924,2025-06-07 11:00:00+00:00,0,test,0.456987604084969,0.4121994032680204,1
121148243,CA65924,2025-06-07 15:00:00+00:00,0,test,0.48263223166061625,0.4121994032680204,1
121159041,CA65924,2025-06-07 19:00:00+00:00,0,test,0.47590908724246966,0.4121994032680204,1
121169079,CA65924,2025-06-07 23:00:00+00:00,0,test,0.4356054197950417,0.4121994032680204,1
121186298,CA65924,2025-06-08 03:53:32+00:00,0,test,0.4296228489466817,0.4121994032680204,1
121368458,CA65924,2025-06-10 22:00:00+00:00,1,test,0.7594534569003281,0.4121994032680204,1
121379559,CA65924,2025-06-11 02:00:00+00:00,0,test,0.4599807494852229,0.4121994032680204,1
121389538,CA65924,2025-06-11 06:00:00+00:00,1,test,0.46915027856581276,0.4121994032680204,1
121399339,CA65924,2025-06-11 10:00:00+00:00,1,test,0.8263306554536692,0.4121994032680204,1
121409979,CA65924,2025-06-11 14:00:00+00:00,0,test,0.7462148570800278,0.4121994032680204,1
121423315,CA65924,2025-06-11 18:00:00+00:00,1,test,0.5161441196013135,0.4121994032680204,1
121434626,CA65924,2025-06-11 22:00:00+00:00,1,test,0.8646398281260248,0.4121994032680204,1
121444944,CA65924,2025-06-12 02:00:00+00:00,1,test,0.8344100794413706,0.4121994032680204,1
121457575,CA65924,2025-06-12 06:00:00+00:00,0,test,0.7674959240056407,0.4121994032680204,1
121467227,CA65924,2025-06-12 10:00:00+00:00,1,test,0.6395692590306511,0.4121994032680204,1
121477944,CA65924,2025-06-12 14:00:00+00:00,0,test,0.8693532113623353,0.4121994032680204,1
121491008,CA65924,2025-06-12 18:00:00+00:00,1,test,0.7306880010016358,0.4121994032680204,1
121499994,CA65924,2025-06-12 22:00:00+00:00,1,test,0.8747733438790486,0.4121994032680204,1
121511964,CA65924,2025-06-13 02:00:00+00:00,0,test,0.7467786789597062,0.4121994032680204,1
121521450,CA65924,2025-06-13 06:00:00+00:00,1,test,0.5892730767916011,0.4121994032680204,1
121533020,CA65924,2025-06-13 10:00:00+00:00,1,test,0.7797757996468168,0.4121994032680204,1
121543922,CA65924,2025-06-13 14:00:00+00:00,1,test,0.8650290722416847,0.4121994032680204,1
121554161,CA65924,2025-06-13 18:00:00+00:00,1,test,0.732282711938081,0.4121994032680204,1
121562806,CA65924,2025-06-13 22:00:00+00:00,0,test,0.8171030497335812,0.4121994032680204,1
121573784,CA65924,2025-06-14 02:00:00+00:00,1,test,0.6671775133066599,0.4121994032680204,1
121585035,CA65924,2025-06-14 06:00:00+00:00,1,test,0.7331214207080751,0.4121994032680204,1
121598510,CA65924,2025-06-14 10:00:00+00:00,1,test,0.9041307923734009,0.4121994032680204,1
121609620,CA65924,2025-06-14 14:00:00+00:00,1,test,0.8662382385918437,0.4121994032680204,1
121620462,CA65924,2025-06-14 18:00:00+00:00,1,test,0.9203247561936613,0.4121994032680204,1
121631423,CA65924,2025-06-14 22:00:00+00:00,1,test,0.9605075727003045,0.4121994032680204,1
121642186,CA65924,2025-06-15 02:00:00+00:00,1,test,0.9217216790351266,0.4121994032680204,1
121652586,CA65924,2025-06-15 06:00:00+00:00,1,test,0.9071188257176329,0.4121994032680204,1
121660925,CA65924,2025-06-15 10:00:00+00:00,1,test,0.9614498602614346,0.4121994032680204,1
121671162,CA65924,2025-06-15 14:00:00+00:00,0,test,0.8446422738068791,0.4121994032680204,1
121682428,CA65924,2025-06-15 18:00:00+00:00,0,test,0.6962310690724977,0.4121994032680204,1
121691275,CA65924,2025-06-15 22:00:00+00:00,0,test,0.5756790471335,0.4121994032680204,1
121700497,CA65924,2025-06-16 02:00:00+00:00,0,test,0.5372971287305337,0.4121994032680204,1
121708996,CA65924,2025-06-16 06:00:00+00:00,0,test,0.5334084243326375,0.4121994032680204,1
121730532,CA65924,2025-06-16 10:00:00+00:00,0,test,0.5353726631717889,0.4121994032680204,1
121753592,CA65924,2025-06-16 15:40:31+00:00,1,test,0.42427614731273333,0.4121994032680204,1
121819839,CA65924,2025-06-16 20:00:00+00:00,0,test,0.617728139357207,0.4121994032680204,1
121839403,CA65924,2025-06-17 00:00:00+00:00,0,test,0.5645686248572681,0.4121994032680204,1
121854045,CA65924,2025-06-17 04:00:00+00:00,0,test,0.47100672510049557,0.4121994032680204,1
121864088,CA65924,2025-06-17 08:00:00+00:00,0,test,0.4639998642010034,0.4121994032680204,1
121876776,CA65924,2025-06-17 12:00:00+00:00,0,test,0.4639998642010034,0.4121994032680204,1
121902196,CA65924,2025-06-17 16:00:00+00:00,0,test,0.49277711966997645,0.4121994032680204,1
121925340,CA65924,2025-06-17 20:00:00+00:00,0,test,0.48372162620295567,0.4121994032680204,1
122646256,CA65924,2025-06-18 00:00:00+00:00,0,test,0.4426221361735281,0.4121994032680204,1
122989495,CA65924,2025-06-18 04:00:00+00:00,0,test,0.43347961529992546,0.4121994032680204,1
123003593,CA65924,2025-06-18 08:00:00+00:00,0,test,0.43144593430469436,0.4121994032680204,1
123016934,CA65924,2025-06-18 12:00:00+00:00,0,test,0.43347961529992546,0.4121994032680204,1
123132483,CA65924,2025-06-19 02:00:00+00:00,0,test,0.770902360256226,0.4121994032680204,1
123143924,CA65924,2025-06-19 06:00:00+00:00,0,test,0.4588954250357405,0.4121994032680204,1
123157168,CA65924,2025-06-19 10:00:00+00:00,0,test,0.46855303897198675,0.4121994032680204,1
123168411,CA65924,2025-06-19 14:00:00+00:00,0,test,0.46608158741487293,0.4121994032680204,1
123180415,CA65924,2025-06-19 18:00:00+00:00,0,test,0.4875079698756196,0.4121994032680204,1
123191830,CA65924,2025-06-19 22:00:00+00:00,0,test,0.48428173427477106,0.4121994032680204,1
123203728,CA65924,2025-06-20 02:00:00+00:00,0,test,0.4484704552847684,0.4121994032680204,1
123221258,CA65924,2025-06-20 07:58:00+00:00,0,test,0.42142286402689205,0.4121994032680204,1
123232477,CA65924,2025-06-20 12:00:00+00:00,0,test,0.42975134654081787,0.4121994032680204,1
123246153,CA65924,2025-06-20 16:00:00+00:00,1,test,0.4376546537084804,0.4121994032680204,1
123256040,CA65924,2025-06-20 20:00:00+00:00,1,test,0.6842152764557979,0.4121994032680204,1
123267888,CA65924,2025-06-21 00:00:00+00:00,1,test,0.5677398078243228,0.4121994032680204,1
123281009,CA65924,2025-06-21 04:00:00+00:00,0,test,0.5513960762192783,0.4121994032680204,1
123291840,CA65924,2025-06-21 08:00:00+00:00,1,test,0.5849072594341598,0.4121994032680204,1
123303348,CA65924,2025-06-21 12:00:00+00:00,0,test,0.7143563019455232,0.4121994032680204,1
123316217,CA65924,2025-06-21 16:00:00+00:00,0,test,0.6137316358820603,0.4121994032680204,1
123326200,CA65924,2025-06-21 20:00:00+00:00,0,test,0.48634250605488033,0.4121994032680204,1
123335310,CA65924,2025-06-22 00:00:00+00:00,0,test,0.49267047920690776,0.4121994032680204,1
123346690,CA65924,2025-06-22 04:00:00+00:00,0,test,0.4513469597856418,0.4121994032680204,1
123358084,CA65924,2025-06-22 08:00:00+00:00,0,test,0.4458851118794673,0.4121994032680204,1
123367430,CA65924,2025-06-22 12:00:00+00:00,0,test,0.4600920844434813,0.4121994032680204,1
123386877,CA65924,2025-06-22 19:00:00+00:00,1,test,0.9062989244875714,0.4121994032680204,1
123398435,CA65924,2025-06-22 23:00:00+00:00,0,test,0.7295902716327448,0.4121994032680204,1
123409281,CA65924,2025-06-23 03:00:00+00:00,0,test,0.4964593588066628,0.4121994032680204,1
120810099,CA65925,2025-06-02 15:00:00+00:00,0,test,0.44858206268737955,0.4121994032680204,1
120832776,CA65925,2025-06-02 19:00:00+00:00,0,test,0.4756695889528001,0.4121994032680204,1
120863994,CA65925,2025-06-03 07:43:35+00:00,1,test,0.4231434777319411,0.4121994032680204,1
120879657,CA65925,2025-06-03 14:00:00+00:00,0,test,0.4141529787415451,0.4121994032680204,1
120892514,CA65925,2025-06-03 18:00:00+00:00,0,test,0.4510694793945953,0.4121994032680204,1
124026778,CA65925,2025-06-03 22:00:00+00:00,0,test,0.4376430174180212,0.4121994032680204,1
124026784,CA65925,2025-06-04 02:00:00+00:00,0,test,0.44095040408382635,0.4121994032680204,1
124026792,CA65925,2025-06-04 06:00:00+00:00,0,test,0.4358642376152985,0.4121994032680204,1
120934225,CA65925,2025-06-04 10:00:00+00:00,0,test,0.43894121571490924,0.4121994032680204,1
120942395,CA65925,2025-06-04 14:00:00+00:00,0,test,0.4310109847473126,0.4121994032680204,1
120952496,CA65925,2025-06-04 18:00:00+00:00,0,test,0.43004683755560785,0.4121994032680204,1
120964353,CA65925,2025-06-04 22:00:00+00:00,0,test,0.4284091548088836,0.4121994032680204,1
120974387,CA65925,2025-06-05 02:00:00+00:00,0,test,0.42711284290327844,0.4121994032680204,1
121372953,CA65925,2025-06-10 23:57:48+00:00,0,test,0.774136196124537,0.4121994032680204,1
121384319,CA65925,2025-06-11 04:00:00+00:00,0,test,0.558203276733103,0.4121994032680204,1
121393233,CA65925,2025-06-11 08:00:00+00:00,1,test,0.47397248890350197,0.4121994032680204,1
121404525,CA65925,2025-06-11 12:00:00+00:00,1,test,0.7424240222725748,0.4121994032680204,1
121417785,CA65925,2025-06-11 16:00:00+00:00,0,test,0.7889579080827535,0.4121994032680204,1
121426797,CA65925,2025-06-11 20:00:00+00:00,1,test,0.6494206870915622,0.4121994032680204,1
121439875,CA65925,2025-06-12 00:00:00+00:00,0,test,0.745230590266994,0.4121994032680204,1
121450230,CA65925,2025-06-12 04:00:00+00:00,0,test,0.6388481922419977,0.4121994032680204,1
121462351,CA65925,2025-06-12 08:00:00+00:00,0,test,0.544372281188349,0.4121994032680204,1
121472818,CA65925,2025-06-12 12:00:00+00:00,1,test,0.5432707775702607,0.4121994032680204,1
121484819,CA65925,2025-06-12 16:00:00+00:00,0,test,0.7565630735966186,0.4121994032680204,1
121494219,CA65925,2025-06-12 20:00:00+00:00,1,test,0.579034563752951,0.4121994032680204,1
121507196,CA65925,2025-06-13 00:00:00+00:00,0,test,0.6899878921347773,0.4121994032680204,1
121518284,CA65925,2025-06-13 04:00:00+00:00,0,test,0.5357303369361696,0.4121994032680204,1
121528297,CA65925,2025-06-13 08:00:00+00:00,0,test,0.46019633879895894,0.4121994032680204,1
121539343,CA65925,2025-06-13 12:00:00+00:00,0,test,0.4492052493234397,0.4121994032680204,1
121548249,CA65925,2025-06-13 16:00:00+00:00,0,test,0.4757423696536869,0.4121994032680204,1
121558477,CA65925,2025-06-13 20:00:00+00:00,0,test,0.4757423696536869,0.4121994032680204,1
121570285,CA65925,2025-06-14 00:00:00+00:00,0,test,0.46662034187983814,0.4121994032680204,1
121581068,CA65925,2025-06-14 04:00:00+00:00,0,test,0.4371477464098066,0.4121994032680204,1
121591770,CA65925,2025-06-14 08:00:00+00:00,0,test,0.42868400024359965,0.4121994032680204,1
121604985,CA65925,2025-06-14 12:00:00+00:00,0,test,0.4295664292936312,0.4121994032680204,1
121716252,CA65925,2025-06-16 08:53:37+00:00,0,test,0.7500247974027,0.4121994032680204,1
121730549,CA65925,2025-06-16 13:00:00+00:00,1,test,0.5449558740329482,0.4121994032680204,1
121773895,CA65925,2025-06-16 17:00:00+00:00,0,test,0.6559121870702335,0.4121994032680204,1
121829052,CA65925,2025-06-16 21:00:00+00:00,1,test,0.5481330591458673,0.4121994032680204,1
121847126,CA65925,2025-06-17 01:00:00+00:00,0,test,0.733705877227624,0.4121994032680204,1
121855618,CA65925,2025-06-17 05:00:00+00:00,0,test,0.5831432971524352,0.4121994032680204,1
121883893,CA65925,2025-06-17 13:00:00+00:00,0,test,0.7042081559788959,0.4121994032680204,1
121913271,CA65925,2025-06-17 17:00:00+00:00,1,test,0.4162885179507363,0.4121994032680204,1
121926409,CA65925,2025-06-17 21:00:00+00:00,1,test,0.5859942913929125,0.4121994032680204,1
122663708,CA65925,2025-06-18 01:00:00+00:00,1,test,0.4887750652446116,0.4121994032680204,1
122990175,CA65925,2025-06-18 05:00:00+00:00,1,test,0.6092832674248474,0.4121994032680204,1
123008741,CA65925,2025-06-18 09:00:00+00:00,0,test,0.7116299425407413,0.4121994032680204,1
123018914,CA65925,2025-06-18 13:00:00+00:00,1,test,0.5621059669089634,0.4121994032680204,1
123048978,CA65925,2025-06-18 17:00:00+00:00,1,test,0.8640374974158086,0.4121994032680204,1
123115679,CA65925,2025-06-18 21:00:00+00:00,1,test,0.8260901962804658,0.4121994032680204,1
123132485,CA65925,2025-06-19 01:00:00+00:00,1,test,0.8576818026424562,0.4121994032680204,1
123140908,CA65925,2025-06-19 05:00:00+00:00,0,test,0.739081289531349,0.4121994032680204,1
123154840,CA65925,2025-06-19 09:00:00+00:00,1,test,0.6098447139740839,0.4121994032680204,1
123164081,CA65925,2025-06-19 13:00:00+00:00,1,test,0.8281321107950046,0.4121994032680204,1
123178513,CA65925,2025-06-19 17:00:00+00:00,1,test,0.8817828541351688,0.4121994032680204,1
123187369,CA65925,2025-06-19 21:00:00+00:00,0,test,0.6778129954829779,0.4121994032680204,1
123199350,CA65925,2025-06-20 01:00:00+00:00,0,test,0.5787944735817914,0.4121994032680204,1
123210688,CA65925,2025-06-20 05:00:00+00:00,0,test,0.5337079119703658,0.4121994032680204,1
123224530,CA65925,2025-06-20 09:00:00+00:00,0,test,0.5387837792988492,0.4121994032680204,1
123234614,CA65925,2025-06-20 13:00:00+00:00,0,test,0.47509014605741884,0.4121994032680204,1
123246690,CA65925,2025-06-20 17:00:00+00:00,0,test,0.45222921695120005,0.4121994032680204,1
123262995,CA65925,2025-06-20 21:40:21+00:00,0,test,0.429393582832684,0.4121994032680204,1
123272544,CA65925,2025-06-21 02:00:00+00:00,0,test,0.43069702625359163,0.4121994032680204,1
123286294,CA65925,2025-06-21 06:00:00+00:00,0,test,0.42226447585991,0.4121994032680204,1
123298713,CA65925,2025-06-21 10:00:00+00:00,1,test,0.4231434777319411,0.4121994032680204,1
123308113,CA65925,2025-06-21 14:00:00+00:00,0,test,0.4429949752768206,0.4121994032680204,1
123321544,CA65925,2025-06-21 18:00:00+00:00,0,test,0.4705703718961501,0.4121994032680204,1
123331128,CA65925,2025-06-21 22:00:00+00:00,0,test,0.4754435630073474,0.4121994032680204,1
123340462,CA65925,2025-06-22 02:00:00+00:00,0,test,0.4405224262766297,0.4121994032680204,1
123350796,CA65925,2025-06-22 06:00:00+00:00,0,test,0.4405224262766297,0.4121994032680204,1
123363023,CA65925,2025-06-22 10:00:00+00:00,0,test,0.4405224262766297,0.4121994032680204,1
123372864,CA65925,2025-06-22 14:00:00+00:00,0,test,0.45436859653381934,0.4121994032680204,1
123383542,CA65925,2025-06-22 18:00:00+00:00,0,test,0.43932629493246256,0.4121994032680204,1
123395624,CA65925,2025-06-22 22:00:00+00:00,0,test,0.42535003462987697,0.4121994032680204,1
123406471,CA65925,2025-06-23 02:00:00+00:00,0,test,0.42799446062379043,0.4121994032680204,1
123418267,CA65925,2025-06-23 06:00:00+00:00,0,test,0.42139579228744517,0.4121994032680204,1
124071912,CA65925,2025-06-26 10:50:12+00:00,0,test,0.7482269663465734,0.4121994032680204,1
124084705,CA65925,2025-06-26 15:00:00+00:00,0,test,0.4529500652831064,0.4121994032680204,1
124099062,CA65925,2025-06-26 19:00:00+00:00,1,test,0.45206241249223117,0.4121994032680204,1
124119668,CA65925,2025-06-26 23:00:00+00:00,0,test,0.7565630735966186,0.4121994032680204,1
124131835,CA65925,2025-06-27 03:00:00+00:00,1,test,0.43162203819205064,0.4121994032680204,1
124143768,CA65925,2025-06-27 07:00:00+00:00,1,test,0.7424499340650874,0.4121994032680204,1
124153189,CA65925,2025-06-27 11:00:00+00:00,1,test,0.8857777327378699,0.4121994032680204,1
124165829,CA65925,2025-06-27 15:00:00+00:00,0,test,0.7771936641292037,0.4121994032680204,1
124183544,CA65925,2025-06-27 19:00:00+00:00,0,test,0.6665124556001794,0.4121994032680204,1
124203353,CA65925,2025-06-27 23:00:00+00:00,0,test,0.588147675525077,0.4121994032680204,1
124212321,CA65925,2025-06-28 03:00:00+00:00,0,test,0.5486803434325415,0.4121994032680204,1
124225763,CA65925,2025-06-28 07:00:00+00:00,0,test,0.48683204489389703,0.4121994032680204,1
124244977,CA65925,2025-06-28 11:00:00+00:00,0,test,0.4476178075306136,0.4121994032680204,1
124272534,CA65925,2025-06-28 19:24:43+00:00,0,test,0.7436049696991323,0.4121994032680204,1
124289831,CA65925,2025-06-28 23:48:00+00:00,0,test,0.5457530451348562,0.4121994032680204,1
124302196,CA65925,2025-06-29 04:00:00+00:00,0,test,0.47245539650893087,0.4121994032680204,1
124315250,CA65925,2025-06-29 08:00:00+00:00,0,test,0.4358642376152985,0.4121994032680204,1
124326323,CA65925,2025-06-29 12:00:00+00:00,0,test,0.4358642376152985,0.4121994032680204,1
124340296,CA65925,2025-06-29 16:00:00+00:00,0,test,0.4757423696536869,0.4121994032680204,1
124352014,CA65925,2025-06-29 20:00:00+00:00,0,test,0.47489698185979806,0.4121994032680204,1
124363886,CA65925,2025-06-30 00:00:00+00:00,0,test,0.44628388928683355,0.4121994032680204,1
124373748,CA65925,2025-06-30 04:00:00+00:00,0,test,0.43032194265977824,0.4121994032680204,1
124386430,CA65925,2025-06-30 08:00:00+00:00,0,test,0.4256243788841063,0.4121994032680204,1
124396137,CA65925,2025-06-30 12:00:00+00:00,0,test,0.4342735415848028,0.4121994032680204,1
120849762,CA65926,2025-06-03 02:00:00+00:00,0,test,0.7525593230662548,0.4121994032680204,1
120863995,CA65926,2025-06-03 07:57:57+00:00,1,test,0.7832920840228482,0.4121994032680204,1
120875202,CA65926,2025-06-03 12:00:00+00:00,1,test,0.9548273437999841,0.4121994032680204,1
120886537,CA65926,2025-06-03 16:00:00+00:00,0,test,0.7159846049184942,0.4121994032680204,1
120895741,CA65926,2025-06-03 20:00:00+00:00,0,test,0.6551065262831038,0.4121994032680204,1
124026811,CA65926,2025-06-04 00:00:00+00:00,0,test,0.5601842118580712,0.4121994032680204,1
124026824,CA65926,2025-06-04 04:00:00+00:00,0,test,0.546411134698441,0.4121994032680204,1
124026835,CA65926,2025-06-04 08:00:00+00:00,0,test,0.5569449548527633,0.4121994032680204,1
120937053,CA65926,2025-06-04 12:00:00+00:00,1,test,0.4718130292112065,0.4121994032680204,1
120947301,CA65926,2025-06-04 16:00:00+00:00,0,test,0.8066204420324814,0.4121994032680204,1
120959314,CA65926,2025-06-04 20:00:00+00:00,0,test,0.4812607631381758,0.4121994032680204,1
120969998,CA65926,2025-06-05 00:00:00+00:00,1,test,0.4940958460028423,0.4121994032680204,1
120979989,CA65926,2025-06-05 04:00:00+00:00,0,test,0.6338469142762593,0.4121994032680204,1
120990569,CA65926,2025-06-05 08:00:00+00:00,0,test,0.548211784943445,0.4121994032680204,1
121000565,CA65926,2025-06-05 12:00:00+00:00,0,test,0.4673377220233294,0.4121994032680204,1
121010942,CA65926,2025-06-05 16:00:00+00:00,0,test,0.47973531986272266,0.4121994032680204,1
121022894,CA65926,2025-06-05 20:00:00+00:00,1,test,0.4962022627991977,0.4121994032680204,1
121034164,CA65926,2025-06-06 00:00:00+00:00,0,test,0.4627696031547126,0.4121994032680204,1
121044818,CA65926,2025-06-06 04:00:00+00:00,0,test,0.4690467745320748,0.4121994032680204,1
121055860,CA65926,2025-06-06 08:00:00+00:00,0,test,0.45254260950317005,0.4121994032680204,1
121069272,CA65926,2025-06-06 12:00:00+00:00,1,test,0.4595948401666658,0.4121994032680204,1
121082567,CA65926,2025-06-06 16:00:00+00:00,1,test,0.7011865275578328,0.4121994032680204,1
121091014,CA65926,2025-06-06 20:00:00+00:00,0,test,0.6308110562081116,0.4121994032680204,1
121101473,CA65926,2025-06-07 00:00:00+00:00,0,test,0.5159237869566513,0.4121994032680204,1
121117824,CA65926,2025-06-07 04:00:00+00:00,1,test,0.4912521758351308,0.4121994032680204,1
121127472,CA65926,2025-06-07 08:00:00+00:00,0,test,0.6151795014191085,0.4121994032680204,1
121138175,CA65926,2025-06-07 12:00:00+00:00,0,test,0.5569861732715738,0.4121994032680204,1
121150036,CA65926,2025-06-07 16:00:00+00:00,0,test,0.5111737554589623,0.4121994032680204,1
121162682,CA65926,2025-06-07 20:00:00+00:00,0,test,0.49325727454040247,0.4121994032680204,1
121173347,CA65926,2025-06-08 00:00:00+00:00,0,test,0.4844988972217205,0.4121994032680204,1
121185060,CA65926,2025-06-08 04:00:00+00:00,1,test,0.4511411202238932,0.4121994032680204,1
121195580,CA65926,2025-06-08 08:00:00+00:00,1,test,0.8118421331383958,0.4121994032680204,1
121208808,CA65926,2025-06-08 12:00:00+00:00,0,test,0.7696974603337235,0.4121994032680204,1
121218894,CA65926,2025-06-08 16:00:00+00:00,1,test,0.6449685794025998,0.4121994032680204,1
121229447,CA65926,2025-06-08 20:00:00+00:00,1,test,0.9548273437999841,0.4121994032680204,1
121243197,CA65926,2025-06-09 00:00:00+00:00,1,test,0.8816446921254879,0.4121994032680204,1
121254264,CA65926,2025-06-09 04:00:00+00:00,1,test,0.8704940050291348,0.4121994032680204,1
121264979,CA65926,2025-06-09 08:00:00+00:00,0,test,0.8533760468929078,0.4121994032680204,1
121273818,CA65926,2025-06-09 12:00:00+00:00,0,test,0.7002852129794154,0.4121994032680204,1
121286193,CA65926,2025-06-09 16:00:00+00:00,0,test,0.5882723675806067,0.4121994032680204,1
121297658,CA65926,2025-06-09 20:00:00+00:00,1,test,0.5743934380305658,0.4121994032680204,1
121307929,CA65926,2025-06-10 00:00:00+00:00,1,test,0.8797082640817152,0.4121994032680204,1
121319940,CA65926,2025-06-10 04:00:00+00:00,1,test,0.9264914750945614,0.4121994032680204,1
121328723,CA65926,2025-06-10 08:00:00+00:00,1,test,0.7449821245557563,0.4121994032680204,1
121342346,CA65926,2025-06-10 12:00:00+00:00,0,test,0.7724987632577986,0.4121994032680204,1
121351441,CA65926,2025-06-10 16:00:00+00:00,1,test,0.6791787740514857,0.4121994032680204,1
121364138,CA65926,2025-06-10 20:00:00+00:00,1,test,0.9436668802972625,0.4121994032680204,1
121371750,CA65926,2025-06-11 00:00:00+00:00,1,test,0.8589276874107302,0.4121994032680204,1
121382420,CA65926,2025-06-11 04:00:00+00:00,0,test,0.7624207465813948,0.4121994032680204,1
121394179,CA65926,2025-06-11 08:00:00+00:00,0,test,0.6310367583722863,0.4121994032680204,1
121404526,CA65926,2025-06-11 12:00:00+00:00,1,test,0.5443673191377455,0.4121994032680204,1
121416482,CA65926,2025-06-11 16:00:00+00:00,1,test,0.8809125719635545,0.4121994032680204,1
121429482,CA65926,2025-06-11 20:00:00+00:00,1,test,0.9592738984484663,0.4121994032680204,1
121440831,CA65926,2025-06-12 00:00:00+00:00,1,test,0.9506646861341606,0.4121994032680204,1
121451395,CA65926,2025-06-12 04:00:00+00:00,1,test,0.8661185994507855,0.4121994032680204,1
121462985,CA65926,2025-06-12 08:00:00+00:00,0,test,0.8362483810603318,0.4121994032680204,1
121472819,CA65926,2025-06-12 12:00:00+00:00,1,test,0.7027122296220408,0.4121994032680204,1
121483712,CA65926,2025-06-12 16:00:00+00:00,1,test,0.7963010780685028,0.4121994032680204,1
121496134,CA65926,2025-06-12 20:00:00+00:00,1,test,0.9463017641277556,0.4121994032680204,1
121507443,CA65926,2025-06-13 00:00:00+00:00,1,test,0.8683848617562968,0.4121994032680204,1
121517379,CA65926,2025-06-13 04:00:00+00:00,1,test,0.9617102430171263,0.4121994032680204,1
121527039,CA65926,2025-06-13 08:00:00+00:00,1,test,0.8961346048894382,0.4121994032680204,1
121539345,CA65926,2025-06-13 12:00:00+00:00,1,test,0.9617102430171263,0.4121994032680204,1
121547906,CA65926,2025-06-13 16:00:00+00:00,1,test,0.8983607164594266,0.4121994032680204,1
121560274,CA65926,2025-06-13 20:00:00+00:00,1,test,0.9309634765205255,0.4121994032680204,1
121570043,CA65926,2025-06-14 00:00:00+00:00,1,test,0.960012904842256,0.4121994032680204,1
121582183,CA65926,2025-06-14 04:00:00+00:00,1,test,0.9137253477434474,0.4121994032680204,1
121592362,CA65926,2025-06-14 08:00:00+00:00,1,test,0.9617102430171263,0.4121994032680204,1
121603632,CA65926,2025-06-14 12:00:00+00:00,1,test,0.9617102430171263,0.4121994032680204,1
121615403,CA65926,2025-06-14 16:00:00+00:00,1,test,0.9617102430171263,0.4121994032680204,1
121624288,CA65926,2025-06-14 20:00:00+00:00,1,test,0.9492292149392136,0.4121994032680204,1
121638242,CA65926,2025-06-15 00:00:00+00:00,1,test,0.8675907312390578,0.4121994032680204,1
121648220,CA65926,2025-06-15 04:00:00+00:00,1,test,0.9310073224346549,0.4121994032680204,1
121656504,CA65926,2025-06-15 08:00:00+00:00,1,test,0.9356110846962092,0.4121994032680204,1
121665011,CA65926,2025-06-15 12:00:00+00:00,1,test,0.9044137564509804,0.4121994032680204,1
121677337,CA65926,2025-06-15 16:00:00+00:00,0,test,0.93829266524726,0.4121994032680204,1
121687452,CA65926,2025-06-15 20:00:00+00:00,0,test,0.7384471211376693,0.4121994032680204,1
121695006,CA65926,2025-06-16 00:00:00+00:00,1,test,0.638710896635112,0.4121994032680204,1
121706162,CA65926,2025-06-16 04:00:00+00:00,1,test,0.7759140291393714,0.4121994032680204,1
121715016,CA65926,2025-06-16 08:00:00+00:00,0,test,0.6838409106847919,0.4121994032680204,1
121730558,CA65926,2025-06-16 12:00:00+00:00,0,test,0.5954484651663301,0.4121994032680204,1
121740713,CA65926,2025-06-16 16:00:00+00:00,1,test,0.49566511135019964,0.4121994032680204,1
121821558,CA65926,2025-06-16 20:00:00+00:00,1,test,0.7557813592594732,0.4121994032680204,1
121840916,CA65926,2025-06-17 00:00:00+00:00,0,test,0.7922708846841118,0.4121994032680204,1
121852149,CA65926,2025-06-17 04:00:00+00:00,0,test,0.5498350315749208,0.4121994032680204,1
121861797,CA65926,2025-06-17 08:00:00+00:00,0,test,0.47601218657719585,0.4121994032680204,1
121916679,CA65926,2025-06-17 17:38:28+00:00,0,test,0.5115640650207981,0.4121994032680204,1
122030560,CA65926,2025-06-17 22:00:00+00:00,0,test,0.47009731832410684,0.4121994032680204,1
122965943,CA65926,2025-06-18 02:00:00+00:00,0,test,0.434425697377939,0.4121994032680204,1
122992691,CA65926,2025-06-18 06:00:00+00:00,0,test,0.43349815711258693,0.4121994032680204,1
123010848,CA65926,2025-06-18 10:00:00+00:00,0,test,0.4421638443724316,0.4121994032680204,1
123021255,CA65926,2025-06-18 14:00:00+00:00,1,test,0.446214887161154,0.4121994032680204,1
123061426,CA65926,2025-06-18 18:00:00+00:00,0,test,0.7090252372597513,0.4121994032680204,1
123123472,CA65926,2025-06-18 22:00:00+00:00,0,test,0.4592625101266408,0.4121994032680204,1
123135046,CA65926,2025-06-19 02:00:00+00:00,0,test,0.4740029126614847,0.4121994032680204,1
123144587,CA65926,2025-06-19 06:00:00+00:00,0,test,0.4504677376159624,0.4121994032680204,1
123156592,CA65926,2025-06-19 10:00:00+00:00,0,test,0.46753655486241646,0.4121994032680204,1
123168417,CA65926,2025-06-19 14:00:00+00:00,0,test,0.4742400192032196,0.4121994032680204,1
123181137,CA65926,2025-06-19 18:00:00+00:00,1,test,0.44591670946463596,0.4121994032680204,1
123192740,CA65926,2025-06-19 22:00:00+00:00,0,test,0.5175995391108781,0.4121994032680204,1
123203178,CA65926,2025-06-20 02:00:00+00:00,1,test,0.4457730822217195,0.4121994032680204,1
123213819,CA65926,2025-06-20 06:00:00+00:00,0,test,0.7344464969378035,0.4121994032680204,1
123226147,CA65926,2025-06-20 10:00:00+00:00,1,test,0.58314822353598,0.4121994032680204,1
123240415,CA65926,2025-06-20 14:00:00+00:00,0,test,0.7149528954581896,0.4121994032680204,1
123250997,CA65926,2025-06-20 18:00:00+00:00,1,test,0.5426311355106848,0.4121994032680204,1
123261193,CA65926,2025-06-20 22:00:00+00:00,0,test,0.5622267372338023,0.4121994032680204,1
123275083,CA65926,2025-06-21 02:00:00+00:00,0,test,0.5939750891720226,0.4121994032680204,1
123284475,CA65926,2025-06-21 06:00:00+00:00,0,test,0.46937011612907087,0.4121994032680204,1
123297863,CA65926,2025-06-21 10:00:00+00:00,1,test,0.4742469419624168,0.4121994032680204,1
123309287,CA65926,2025-06-21 14:00:00+00:00,0,test,0.6927620788317304,0.4121994032680204,1
123321132,CA65926,2025-06-21 18:00:00+00:00,0,test,0.5699648507585626,0.4121994032680204,1
123329885,CA65926,2025-06-21 22:00:00+00:00,1,test,0.4721533268644902,0.4121994032680204,1
123340463,CA65926,2025-06-22 02:00:00+00:00,1,test,0.492698718757474,0.4121994032680204,1
123353183,CA65926,2025-06-22 06:00:00+00:00,0,test,0.7420202444778918,0.4121994032680204,1
123363232,CA65926,2025-06-22 10:00:00+00:00,1,test,0.5236010666638671,0.4121994032680204,1
123374351,CA65926,2025-06-22 14:00:00+00:00,1,test,0.8445958768559477,0.4121994032680204,1
123383543,CA65926,2025-06-22 18:00:00+00:00,1,test,0.906732581172356,0.4121994032680204,1
123396430,CA65926,2025-06-22 22:00:00+00:00,1,test,0.8191291593918796,0.4121994032680204,1
123406472,CA65926,2025-06-23 02:00:00+00:00,1,test,0.9460137859045032,0.4121994032680204,1
123417021,CA65926,2025-06-23 06:00:00+00:00,1,test,0.9617102430171263,0.4121994032680204,1
123430567,CA65926,2025-06-23 10:00:00+00:00,1,test,0.942422696496672,0.4121994032680204,1
123442585,CA65926,2025-06-23 14:00:00+00:00,1,test,0.8990738537234373,0.4121994032680204,1
123453777,CA65926,2025-06-23 18:00:00+00:00,1,test,0.9617102430171263,0.4121994032680204,1
123461802,CA65926,2025-06-23 22:00:00+00:00,1,test,0.9466773092668108,0.4121994032680204,1
123473281,CA65926,2025-06-24 02:00:00+00:00,1,test,0.9617102430171263,0.4121994032680204,1
123485492,CA65926,2025-06-24 06:00:00+00:00,1,test,0.9504235687237209,0.4121994032680204,1
123495632,CA65926,2025-06-24 10:00:00+00:00,1,test,0.9591372781969012,0.4121994032680204,1
123508065,CA65926,2025-06-24 14:00:00+00:00,1,test,0.9617102430171263,0.4121994032680204,1
123937332,CA65926,2025-06-24 18:00:00+00:00,0,test,0.7269194896635315,0.4121994032680204,1
123953975,CA65926,2025-06-24 22:00:00+00:00,1,test,0.6165504530559532,0.4121994032680204,1
123967843,CA65926,2025-06-25 02:00:00+00:00,1,test,0.960012904842256,0.4121994032680204,1
123981040,CA65926,2025-06-25 06:00:00+00:00,1,test,0.9391258080005694,0.4121994032680204,1
123991713,CA65926,2025-06-25 10:00:00+00:00,1,test,0.9617102430171263,0.4121994032680204,1
124004058,CA65926,2025-06-25 14:00:00+00:00,1,test,0.9617102430171263,0.4121994032680204,1
124017324,CA65926,2025-06-25 18:00:00+00:00,1,test,0.9617102430171263,0.4121994032680204,1
124033626,CA65926,2025-06-25 22:00:00+00:00,1,test,0.8050650165365506,0.4121994032680204,1
124046419,CA65926,2025-06-26 02:00:00+00:00,1,test,0.9335991252359931,0.4121994032680204,1
124060352,CA65926,2025-06-26 06:00:00+00:00,1,test,0.9249762950912948,0.4121994032680204,1
124071913,CA65926,2025-06-26 10:00:00+00:00,1,test,0.960012904842256,0.4121994032680204,1
124082793,CA65926,2025-06-26 14:00:00+00:00,1,test,0.8895508426508411,0.4121994032680204,1
124097086,CA65926,2025-06-26 18:00:00+00:00,1,test,0.8943919724096374,0.4121994032680204,1
124118338,CA65926,2025-06-26 22:00:00+00:00,1,test,0.8522973635424219,0.4121994032680204,1
124130177,CA65926,2025-06-27 02:00:00+00:00,1,test,0.9617102430171263,0.4121994032680204,1
124138890,CA65926,2025-06-27 06:00:00+00:00,1,test,0.917759578431361,0.4121994032680204,1
124152377,CA65926,2025-06-27 10:00:00+00:00,1,test,0.960012904842256,0.4121994032680204,1
124162883,CA65926,2025-06-27 14:00:00+00:00,1,test,0.960012904842256,0.4121994032680204,1
124177074,CA65926,2025-06-27 18:00:00+00:00,1,test,0.9617102430171263,0.4121994032680204,1
124200144,CA65926,2025-06-27 22:00:00+00:00,1,test,0.960012904842256,0.4121994032680204,1
124211792,CA65926,2025-06-28 02:00:00+00:00,1,test,0.9617102430171263,0.4121994032680204,1
124221583,CA65926,2025-06-28 06:00:00+00:00,1,test,0.9617102430171263,0.4121994032680204,1
124233620,CA65926,2025-06-28 10:00:00+00:00,1,test,0.8445190088532549,0.4121994032680204,1
124257695,CA65926,2025-06-28 14:00:00+00:00,1,test,0.8744691534603074,0.4121994032680204,1
124268337,CA65926,2025-06-28 18:00:00+00:00,1,test,0.9531065517800165,0.4121994032680204,1
124281196,CA65926,2025-06-28 22:00:00+00:00,1,test,0.9033996946652768,0.4121994032680204,1
124293987,CA65926,2025-06-29 02:00:00+00:00,1,test,0.9342527348121589,0.4121994032680204,1
124306834,CA65926,2025-06-29 06:00:00+00:00,0,test,0.7243974819546994,0.4121994032680204,1
124319012,CA65926,2025-06-29 10:00:00+00:00,0,test,0.6309054311936775,0.4121994032680204,1
124351647,CA65926,2025-06-29 19:37:51+00:00,1,test,0.5640457172529295,0.4121994032680204,1
124362718,CA65926,2025-06-29 23:38:14+00:00,1,test,0.9617102430171263,0.4121994032680204,1
124373749,CA65926,2025-06-30 04:00:00+00:00,1,test,0.9617102430171263,0.4121994032680204,1
124386836,CA65926,2025-06-30 08:00:00+00:00,1,test,0.9617102430171263,0.4121994032680204,1
124396138,CA65926,2025-06-30 12:00:00+00:00,1,test,0.960012904842256,0.4121994032680204,1
124408335,CA65926,2025-06-30 16:00:00+00:00,1,test,0.9617102430171263,0.4121994032680204,1
124438855,CA65926,2025-06-30 20:00:00+00:00,1,test,0.9617102430171263,0.4121994032680204,1
124448917,CA65926,2025-07-01 00:00:00+00:00,1,test,0.9617102430171263,0.4121994032680204,1
120834622,CA65927,2025-06-02 20:00:00+00:00,1,test,0.8202480284570192,0.4121994032680204,1
120846753,CA65927,2025-06-03 00:00:00+00:00,1,test,0.744277167553164,0.4121994032680204,1
120856313,CA65927,2025-06-03 04:00:00+00:00,1,test,0.6417025474218446,0.4121994032680204,1
120863996,CA65927,2025-06-03 08:00:00+00:00,1,test,0.8857777327378699,0.4121994032680204,1
120876712,CA65927,2025-06-03 12:00:00+00:00,0,test,0.8810276661939529,0.4121994032680204,1
120886538,CA65927,2025-06-03 16:00:00+00:00,1,test,0.7481074627626352,0.4121994032680204,1
120897608,CA65927,2025-06-03 20:00:00+00:00,1,test,0.784018724797478,0.4121994032680204,1
124026848,CA65927,2025-06-04 00:00:00+00:00,1,test,0.8950799115889783,0.4121994032680204,1
124026852,CA65927,2025-06-04 04:00:00+00:00,1,test,0.9607740603687613,0.4121994032680204,1
124026865,CA65927,2025-06-04 08:00:00+00:00,1,test,0.95167010603844,0.4121994032680204,1
120937962,CA65927,2025-06-04 12:00:00+00:00,1,test,0.7888471718591706,0.4121994032680204,1
120949343,CA65927,2025-06-04 16:00:00+00:00,0,test,0.9112750947043411,0.4121994032680204,1
120958751,CA65927,2025-06-04 20:00:00+00:00,0,test,0.7439476607772885,0.4121994032680204,1
120969999,CA65927,2025-06-05 00:00:00+00:00,0,test,0.6359697329118422,0.4121994032680204,1
120977855,CA65927,2025-06-05 04:00:00+00:00,0,test,0.5716649010799766,0.4121994032680204,1
120988636,CA65927,2025-06-05 08:00:00+00:00,0,test,0.5696279723668514,0.4121994032680204,1
121001554,CA65927,2025-06-05 12:00:00+00:00,0,test,0.573638289060734,0.4121994032680204,1
121010943,CA65927,2025-06-05 16:00:00+00:00,0,test,0.41704965460256443,0.4121994032680204,1
121037364,CA65927,2025-06-06 01:00:00+00:00,0,test,0.44217111157294664,0.4121994032680204,1
121049980,CA65927,2025-06-06 05:00:00+00:00,1,test,0.4427967221467474,0.4121994032680204,1
121060775,CA65927,2025-06-06 09:00:00+00:00,1,test,0.7596717621785612,0.4121994032680204,1
121072690,CA65927,2025-06-06 13:00:00+00:00,0,test,0.7013480572922183,0.4121994032680204,1
121083859,CA65927,2025-06-06 17:00:00+00:00,0,test,0.5692780504652893,0.4121994032680204,1
121096030,CA65927,2025-06-06 21:00:00+00:00,1,test,0.5079105846728016,0.4121994032680204,1
121107782,CA65927,2025-06-07 01:00:00+00:00,1,test,0.7535595319962939,0.4121994032680204,1
121117826,CA65927,2025-06-07 05:00:00+00:00,1,test,0.6599294401091341,0.4121994032680204,1
121131762,CA65927,2025-06-07 09:00:00+00:00,1,test,0.7466867475132862,0.4121994032680204,1
121142485,CA65927,2025-06-07 13:00:00+00:00,0,test,0.5341471734769275,0.4121994032680204,1
121153926,CA65927,2025-06-07 17:00:00+00:00,0,test,0.6050565873393912,0.4121994032680204,1
121165486,CA65927,2025-06-07 21:00:00+00:00,1,test,0.5771382706359095,0.4121994032680204,1
121175637,CA65927,2025-06-08 01:00:00+00:00,1,test,0.6415247933028367,0.4121994032680204,1
121186770,CA65927,2025-06-08 05:00:00+00:00,1,test,0.7887258795715393,0.4121994032680204,1
121200262,CA65927,2025-06-08 09:00:00+00:00,1,test,0.8341831325659629,0.4121994032680204,1
121212982,CA65927,2025-06-08 13:00:00+00:00,1,test,0.9617102430171263,0.4121994032680204,1
121221446,CA65927,2025-06-08 17:00:00+00:00,1,test,0.9522682035724409,0.4121994032680204,1
121234536,CA65927,2025-06-08 21:00:00+00:00,1,test,0.9465151213037941,0.4121994032680204,1
121243887,CA65927,2025-06-09 01:00:00+00:00,1,test,0.7248054120009737,0.4121994032680204,1
121255455,CA65927,2025-06-09 05:00:00+00:00,1,test,0.9132422513642214,0.4121994032680204,1
121266865,CA65927,2025-06-09 09:00:00+00:00,1,test,0.929677553992928,0.4121994032680204,1
121278105,CA65927,2025-06-09 13:00:00+00:00,1,test,0.893677466814359,0.4121994032680204,1
121288987,CA65927,2025-06-09 17:00:00+00:00,1,test,0.829576992714043,0.4121994032680204,1
121300635,CA65927,2025-06-09 21:00:00+00:00,1,test,0.8557300710767582,0.4121994032680204,1
121311395,CA65927,2025-06-10 01:00:00+00:00,1,test,0.9617102430171263,0.4121994032680204,1
121322434,CA65927,2025-06-10 05:00:00+00:00,1,test,0.9029939035935205,0.4121994032680204,1
121333848,CA65927,2025-06-10 09:00:00+00:00,1,test,0.949243849386858,0.4121994032680204,1
121344316,CA65927,2025-06-10 13:00:00+00:00,1,test,0.7827748512443222,0.4121994032680204,1
121354207,CA65927,2025-06-10 17:00:00+00:00,1,test,0.9028732310337333,0.4121994032680204,1
121364484,CA65927,2025-06-10 21:00:00+00:00,1,test,0.7791993459927495,0.4121994032680204,1
121374623,CA65927,2025-06-11 01:00:00+00:00,0,test,0.6983160162722966,0.4121994032680204,1
121385345,CA65927,2025-06-11 05:00:00+00:00,0,test,0.6192502423838768,0.4121994032680204,1
121487472,CA65927,2025-06-12 16:58:35+00:00,1,test,0.45470615385414775,0.4121994032680204,1
121497235,CA65927,2025-06-12 21:00:00+00:00,1,test,0.537033863390434,0.4121994032680204,1
121508251,CA65927,2025-06-13 01:00:00+00:00,0,test,0.667457355650335,0.4121994032680204,1
121518287,CA65927,2025-06-13 05:00:00+00:00,0,test,0.49377255111017193,0.4121994032680204,1
121806246,CA65927,2025-06-16 18:22:44+00:00,1,test,0.4160521278890257,0.4121994032680204,1
121839421,CA65927,2025-06-16 23:00:00+00:00,0,test,0.4877850460563327,0.4121994032680204,1
121850429,CA65927,2025-06-17 03:00:00+00:00,0,test,0.4804409246045191,0.4121994032680204,1
121860843,CA65927,2025-06-17 07:00:00+00:00,0,test,0.43677235460819364,0.4121994032680204,1
121876782,CA65927,2025-06-17 11:00:00+00:00,0,test,0.4590089992879337,0.4121994032680204,1
121899939,CA65927,2025-06-17 15:00:00+00:00,1,test,0.45308899641639405,0.4121994032680204,1
121923731,CA65927,2025-06-17 19:00:00+00:00,0,test,0.7297295709540483,0.4121994032680204,1
122382690,CA65927,2025-06-17 23:00:00+00:00,0,test,0.4647228808195857,0.4121994032680204,1
122978826,CA65927,2025-06-18 03:00:00+00:00,1,test,0.47371235115211136,0.4121994032680204,1
122995620,CA65927,2025-06-18 07:00:00+00:00,0,test,0.6257853538783102,0.4121994032680204,1
123014240,CA65927,2025-06-18 11:00:00+00:00,1,test,0.5614354159663408,0.4121994032680204,1
123031487,CA65927,2025-06-18 15:00:00+00:00,0,test,0.5038254185626381,0.4121994032680204,1
123061701,CA65927,2025-06-18 19:00:00+00:00,0,test,0.49579131370708895,0.4121994032680204,1
123126011,CA65927,2025-06-18 23:00:00+00:00,0,test,0.4819227741243914,0.4121994032680204,1
123137487,CA65927,2025-06-19 03:00:00+00:00,1,test,0.42608132989859776,0.4121994032680204,1
123147055,CA65927,2025-06-19 07:00:00+00:00,1,test,0.8232442661992351,0.4121994032680204,1
123158201,CA65927,2025-06-19 11:00:00+00:00,0,test,0.5547041188868505,0.4121994032680204,1
123171414,CA65927,2025-06-19 15:00:00+00:00,1,test,0.567966455792071,0.4121994032680204,1
123184144,CA65927,2025-06-19 19:00:00+00:00,0,test,0.8687179824748555,0.4121994032680204,1
123193367,CA65927,2025-06-19 23:00:00+00:00,0,test,0.7166235965313487,0.4121994032680204,1
123205193,CA65927,2025-06-20 03:00:00+00:00,1,test,0.6423735010221655,0.4121994032680204,1
123218782,CA65927,2025-06-20 07:00:00+00:00,0,test,0.6917461981365797,0.4121994032680204,1
123230031,CA65927,2025-06-20 11:00:00+00:00,0,test,0.5931513667992175,0.4121994032680204,1
123241158,CA65927,2025-06-20 15:00:00+00:00,0,test,0.5192349138670285,0.4121994032680204,1
123255484,CA65927,2025-06-20 19:00:00+00:00,0,test,0.4490311826871035,0.4121994032680204,1
123263840,CA65927,2025-06-20 23:00:00+00:00,1,test,0.45571513587521223,0.4121994032680204,1
123277777,CA65927,2025-06-21 03:00:00+00:00,1,test,0.8219855080901948,0.4121994032680204,1
123288744,CA65927,2025-06-21 07:00:00+00:00,0,test,0.8027371699360002,0.4121994032680204,1
123300102,CA65927,2025-06-21 11:00:00+00:00,1,test,0.6540558278379043,0.4121994032680204,1
123313288,CA65927,2025-06-21 15:00:00+00:00,1,test,0.8363629758432473,0.4121994032680204,1
123321942,CA65927,2025-06-21 19:00:00+00:00,1,test,0.8681003540827196,0.4121994032680204,1
123333988,CA65927,2025-06-21 23:00:00+00:00,0,test,0.8879489160602215,0.4121994032680204,1
123342821,CA65927,2025-06-22 03:00:00+00:00,1,test,0.7021432972234233,0.4121994032680204,1
123356126,CA65927,2025-06-22 07:00:00+00:00,1,test,0.9223891408473839,0.4121994032680204,1
123364556,CA65927,2025-06-22 11:00:00+00:00,1,test,0.7949546715427441,0.4121994032680204,1
123375436,CA65927,2025-06-22 15:00:00+00:00,0,test,0.7127977563977701,0.4121994032680204,1
123386880,CA65927,2025-06-22 19:00:00+00:00,1,test,0.5902747056050128,0.4121994032680204,1
123401242,CA65927,2025-06-22 23:00:00+00:00,1,test,0.9428293790253781,0.4121994032680204,1
123409284,CA65927,2025-06-23 03:00:00+00:00,0,test,0.7675902319221604,0.4121994032680204,1
123420150,CA65927,2025-06-23 07:00:00+00:00,0,test,0.6396694004169903,0.4121994032680204,1
123477162,CA65927,2025-06-24 02:19:34+00:00,0,test,0.48844934079971497,0.4121994032680204,1
123487849,CA65927,2025-06-24 06:20:24+00:00,1,test,0.4226969786480933,0.4121994032680204,1
123497644,CA65927,2025-06-24 11:00:00+00:00,0,test,0.6664910562609107,0.4121994032680204,1
123508878,CA65927,2025-06-24 15:00:00+00:00,0,test,0.47348364147319827,0.4121994032680204,1
123947190,CA65927,2025-06-24 19:00:00+00:00,1,test,0.5082608988085924,0.4121994032680204,1
123958932,CA65927,2025-06-24 23:00:00+00:00,0,test,0.5962408606221153,0.4121994032680204,1
123970884,CA65927,2025-06-25 03:00:00+00:00,1,test,0.5796680440366856,0.4121994032680204,1
123984076,CA65927,2025-06-25 07:00:00+00:00,1,test,0.7854772950615677,0.4121994032680204,1
124023976,CA65927,2025-06-25 11:00:00+00:00,0,test,0.8052766641631401,0.4121994032680204,1
124023980,CA65927,2025-06-25 15:00:00+00:00,0,test,0.6680090213321627,0.4121994032680204,1
124215391,CA65927,2025-06-28 04:00:00+00:00,1,test,0.7518725547965951,0.4121994032680204,1
124227874,CA65927,2025-06-28 08:00:00+00:00,0,test,0.9033422876792521,0.4121994032680204,1
124245746,CA65927,2025-06-28 12:00:00+00:00,0,test,0.7224087841987193,0.4121994032680204,1
124257705,CA65927,2025-06-28 16:00:00+00:00,0,test,0.43140077235652613,0.4121994032680204,1
124312208,CA65927,2025-06-29 07:00:00+00:00,0,test,0.5522606490961727,0.4121994032680204,1
124322692,CA65927,2025-06-29 11:00:00+00:00,0,test,0.41861226978700505,0.4121994032680204,1
124337700,CA65927,2025-06-29 15:00:00+00:00,1,test,0.46703325244455585,0.4121994032680204,1
124346418,CA65927,2025-06-29 19:00:00+00:00,1,test,0.7188200938913942,0.4121994032680204,1
124360921,CA65927,2025-06-29 23:00:00+00:00,1,test,0.9322359606175769,0.4121994032680204,1
124373033,CA65927,2025-06-30 03:00:00+00:00,1,test,0.9617102430171263,0.4121994032680204,1
124382010,CA65927,2025-06-30 07:00:00+00:00,1,test,0.9617102430171263,0.4121994032680204,1
124394292,CA65927,2025-06-30 11:00:00+00:00,0,test,0.7175261447300074,0.4121994032680204,1
124406183,CA65927,2025-06-30 15:00:00+00:00,0,test,0.6709033598113615,0.4121994032680204,1
124423507,CA65927,2025-06-30 19:00:00+00:00,1,test,0.5733779659010866,0.4121994032680204,1
124445375,CA65927,2025-06-30 23:00:00+00:00,1,test,0.9417983669057435,0.4121994032680204,1
124455607,CA65927,2025-07-01 03:00:00+00:00,0,test,0.9234821421944608,0.4121994032680204,1
120874834,CA65928,2025-06-03 11:57:14+00:00,1,test,0.7111642642205344,0.4121994032680204,1
120888780,CA65928,2025-06-03 16:00:00+00:00,1,test,0.5074778662977288,0.4121994032680204,1
120895743,CA65928,2025-06-03 20:00:00+00:00,0,test,0.5030235175245793,0.4121994032680204,1
124026879,CA65928,2025-06-04 00:00:00+00:00,0,test,0.477350600761978,0.4121994032680204,1
124026887,CA65928,2025-06-04 04:00:00+00:00,1,test,0.4745441681484296,0.4121994032680204,1
124026894,CA65928,2025-06-04 08:00:00+00:00,0,test,0.4545520242646905,0.4121994032680204,1
120938565,CA65928,2025-06-04 12:00:00+00:00,0,test,0.47967845548279026,0.4121994032680204,1
120948556,CA65928,2025-06-04 16:00:00+00:00,0,test,0.4656480866583444,0.4121994032680204,1
120957606,CA65928,2025-06-04 20:00:00+00:00,0,test,0.4656480866583444,0.4121994032680204,1
120967772,CA65928,2025-06-05 00:00:00+00:00,0,test,0.5337174182014234,0.4121994032680204,1
120980220,CA65928,2025-06-05 04:00:00+00:00,0,test,0.5116809940344775,0.4121994032680204,1
120988637,CA65928,2025-06-05 08:00:00+00:00,0,test,0.4311829183508128,0.4121994032680204,1
121000567,CA65928,2025-06-05 12:00:00+00:00,0,test,0.43425228772879026,0.4121994032680204,1
121180623,CA65928,2025-06-08 03:00:00+00:00,0,test,0.7206999927728958,0.4121994032680204,1
121195582,CA65928,2025-06-08 07:00:00+00:00,1,test,0.5051175274354123,0.4121994032680204,1
121205740,CA65928,2025-06-08 11:00:00+00:00,0,test,0.6508364161976923,0.4121994032680204,1
121217990,CA65928,2025-06-08 15:00:00+00:00,0,test,0.4796033186417887,0.4121994032680204,1
121226487,CA65928,2025-06-08 19:00:00+00:00,0,test,0.44970914130578477,0.4121994032680204,1
121239343,CA65928,2025-06-08 23:00:00+00:00,1,test,0.46688599530232033,0.4121994032680204,1
121254267,CA65928,2025-06-09 04:55:09+00:00,0,test,0.42457786375755013,0.4121994032680204,1
121267371,CA65928,2025-06-09 09:00:00+00:00,0,test,0.43109245556359693,0.4121994032680204,1
121275983,CA65928,2025-06-09 13:00:00+00:00,0,test,0.5187934691755197,0.4121994032680204,1
121288988,CA65928,2025-06-09 17:00:00+00:00,0,test,0.5319453044967094,0.4121994032680204,1
121299760,CA65928,2025-06-09 21:00:00+00:00,0,test,0.5350572448657035,0.4121994032680204,1
121310235,CA65928,2025-06-10 01:00:00+00:00,0,test,0.5091922107762056,0.4121994032680204,1
121322435,CA65928,2025-06-10 05:00:00+00:00,0,test,0.42392307384812405,0.4121994032680204,1
121368654,CA65928,2025-06-10 22:00:00+00:00,0,test,0.6816427158594536,0.4121994032680204,1
121386300,CA65928,2025-06-11 04:22:48+00:00,0,test,0.4157841156718543,0.4121994032680204,1
121395813,CA65928,2025-06-11 08:45:54+00:00,0,test,0.4481373091016314,0.4121994032680204,1
121406878,CA65928,2025-06-11 13:00:00+00:00,0,test,0.4481373091016314,0.4121994032680204,1
121418871,CA65928,2025-06-11 17:00:00+00:00,0,test,0.536827835296111,0.4121994032680204,1
121432416,CA65928,2025-06-11 21:00:00+00:00,0,test,0.5225877946781291,0.4121994032680204,1
121442093,CA65928,2025-06-12 01:00:00+00:00,0,test,0.43250409847709853,0.4121994032680204,1
121454562,CA65928,2025-06-12 05:00:00+00:00,1,test,0.43425228772879026,0.4121994032680204,1
121467327,CA65928,2025-06-12 09:00:00+00:00,0,test,0.7206999927728958,0.4121994032680204,1
121481099,CA65928,2025-06-12 14:07:38+00:00,0,test,0.41509147805630536,0.4121994032680204,1
121491534,CA65928,2025-06-12 19:00:00+00:00,0,test,0.4294992277474995,0.4121994032680204,1
121502679,CA65928,2025-06-12 23:00:00+00:00,0,test,0.4804968229171124,0.4121994032680204,1
121513755,CA65928,2025-06-13 03:00:00+00:00,0,test,0.5208288660497387,0.4121994032680204,1
121525783,CA65928,2025-06-13 07:00:00+00:00,0,test,0.4437585731804697,0.4121994032680204,1
121534240,CA65928,2025-06-13 11:00:00+00:00,0,test,0.42329149086556683,0.4121994032680204,1
121578323,CA65928,2025-06-14 03:00:00+00:00,0,test,0.4123038974863011,0.4121994032680204,1
121593303,CA65928,2025-06-14 09:00:00+00:00,1,test,0.8441929034823696,0.4121994032680204,1
121605516,CA65928,2025-06-14 13:00:00+00:00,1,test,0.8798454532954648,0.4121994032680204,1
121616326,CA65928,2025-06-14 17:00:00+00:00,1,test,0.9362870197173275,0.4121994032680204,1
121631042,CA65928,2025-06-14 21:00:00+00:00,0,test,0.8889417161153657,0.4121994032680204,1
121639275,CA65928,2025-06-15 01:00:00+00:00,0,test,0.7666561242774808,0.4121994032680204,1
121649947,CA65928,2025-06-15 05:00:00+00:00,1,test,0.6787403272634778,0.4121994032680204,1
121659715,CA65928,2025-06-15 09:00:00+00:00,1,test,0.9023465125812925,0.4121994032680204,1
121670407,CA65928,2025-06-15 13:00:00+00:00,0,test,0.9175980569467908,0.4121994032680204,1
121679639,CA65928,2025-06-15 17:00:00+00:00,0,test,0.7097063526178978,0.4121994032680204,1
121690234,CA65928,2025-06-15 21:00:00+00:00,0,test,0.589708878842088,0.4121994032680204,1
121697292,CA65928,2025-06-16 01:00:00+00:00,0,test,0.5382302506967426,0.4121994032680204,1
121707445,CA65928,2025-06-16 05:00:00+00:00,0,test,0.5361633317455905,0.4121994032680204,1
121718206,CA65928,2025-06-16 09:00:00+00:00,0,test,0.5298033220787339,0.4121994032680204,1
121730589,CA65928,2025-06-16 13:00:00+00:00,0,test,0.4189768682214217,0.4121994032680204,1
121806247,CA65928,2025-06-16 19:00:00+00:00,0,test,0.43139165060950513,0.4121994032680204,1
121845317,CA65928,2025-06-17 00:45:53+00:00,0,test,0.8067892006680221,0.4121994032680204,1
121854758,CA65928,2025-06-17 04:59:41+00:00,0,test,0.5093428656948071,0.4121994032680204,1
121865189,CA65928,2025-06-17 09:00:00+00:00,0,test,0.4926079526618816,0.4121994032680204,1
121889127,CA65928,2025-06-17 13:00:00+00:00,0,test,0.5187934691755197,0.4121994032680204,1
121913274,CA65928,2025-06-17 17:00:00+00:00,0,test,0.5337174182014234,0.4121994032680204,1
121926412,CA65928,2025-06-17 21:00:00+00:00,0,test,0.43043020355449135,0.4121994032680204,1
122663713,CA65928,2025-06-18 01:00:00+00:00,0,test,0.4174905773101986,0.4121994032680204,1
123290395,CA65928,2025-06-21 08:00:00+00:00,0,test,0.7137113990534751,0.4121994032680204,1
123318835,CA65928,2025-06-21 16:56:12+00:00,0,test,0.536325881750641,0.4121994032680204,1
123329288,CA65928,2025-06-21 21:00:00+00:00,0,test,0.4750093489107045,0.4121994032680204,1
123339850,CA65928,2025-06-22 01:00:00+00:00,0,test,0.4606422378170165,0.4121994032680204,1
123349034,CA65928,2025-06-22 05:00:00+00:00,0,test,0.45606466901469145,0.4121994032680204,1
123361322,CA65928,2025-06-22 09:00:00+00:00,0,test,0.5158789286879749,0.4121994032680204,1
123371886,CA65928,2025-06-22 13:00:00+00:00,0,test,0.4311829183508128,0.4121994032680204,1
123380668,CA65928,2025-06-22 17:00:00+00:00,0,test,0.41817663725111653,0.4121994032680204,1
123396431,CA65928,2025-06-22 22:00:00+00:00,0,test,0.4129457013832019,0.4121994032680204,1
123439153,CA65928,2025-06-23 13:00:00+00:00,0,test,0.7156712471664451,0.4121994032680204,1
123448400,CA65928,2025-06-23 17:00:00+00:00,0,test,0.427120193755222,0.4121994032680204,1
123460669,CA65928,2025-06-23 21:00:00+00:00,0,test,0.4517279343059852,0.4121994032680204,1
123470503,CA65928,2025-06-24 01:00:00+00:00,0,test,0.4437585731804697,0.4121994032680204,1
123483110,CA65928,2025-06-24 05:00:00+00:00,1,test,0.4437585731804697,0.4121994032680204,1
123493271,CA65928,2025-06-24 09:00:00+00:00,0,test,0.7061789713492613,0.4121994032680204,1
123505409,CA65928,2025-06-24 13:00:00+00:00,0,test,0.49945075754344304,0.4121994032680204,1
123937339,CA65928,2025-06-24 17:00:00+00:00,0,test,0.48627176690962276,0.4121994032680204,1
123952094,CA65928,2025-06-24 21:00:00+00:00,0,test,0.5337174182014234,0.4121994032680204,1
123967499,CA65928,2025-06-25 01:00:00+00:00,0,test,0.5156712082164718,0.4121994032680204,1
123977666,CA65928,2025-06-25 05:00:00+00:00,0,test,0.4329403431784731,0.4121994032680204,1
123989786,CA65928,2025-06-25 09:00:00+00:00,0,test,0.42850129094274153,0.4121994032680204,1
124039880,CA65928,2025-06-26 00:00:00+00:00,0,test,0.4140497142589973,0.4121994032680204,1
124068425,CA65928,2025-06-26 08:51:43+00:00,0,test,0.7299473202236612,0.4121994032680204,1
124079882,CA65928,2025-06-26 13:00:00+00:00,0,test,0.5051175274354123,0.4121994032680204,1
124094704,CA65928,2025-06-26 17:00:00+00:00,0,test,0.5035737384040121,0.4121994032680204,1
124114746,CA65928,2025-06-26 21:00:00+00:00,0,test,0.49572489667352915,0.4121994032680204,1
124128082,CA65928,2025-06-27 01:00:00+00:00,0,test,0.442531083660467,0.4121994032680204,1
124137427,CA65928,2025-06-27 05:00:00+00:00,0,test,0.4437585731804697,0.4121994032680204,1
124149552,CA65928,2025-06-27 09:00:00+00:00,0,test,0.5020209704247199,0.4121994032680204,1
124160647,CA65928,2025-06-27 13:00:00+00:00,0,test,0.43250409847709853,0.4121994032680204,1
124316115,CA65928,2025-06-29 08:41:29+00:00,0,test,0.7206999927728958,0.4121994032680204,1
124328735,CA65928,2025-06-29 12:48:48+00:00,0,test,0.4952246553734209,0.4121994032680204,1
124342521,CA65928,2025-06-29 17:00:00+00:00,0,test,0.5085057242380226,0.4121994032680204,1
124355226,CA65928,2025-06-29 21:00:00+00:00,0,test,0.5296874262963878,0.4121994032680204,1
124365559,CA65928,2025-06-30 01:00:00+00:00,0,test,0.442531083660467,0.4121994032680204,1
124377749,CA65928,2025-06-30 05:00:00+00:00,0,test,0.4320092015390583,0.4121994032680204,1
124389447,CA65928,2025-06-30 09:00:00+00:00,0,test,0.42971986256883377,0.4121994032680204,1
124405214,CA65928,2025-06-30 15:00:00+00:00,0,test,0.7739495464494421,0.4121994032680204,1
124423510,CA65928,2025-06-30 19:00:00+00:00,1,test,0.4993483867487192,0.4121994032680204,1
124443731,CA65928,2025-06-30 23:00:00+00:00,0,test,0.6164464181382704,0.4121994032680204,1
124455608,CA65928,2025-07-01 03:00:00+00:00,0,test,0.4794437081252034,0.4121994032680204,1
120810273,CA65929,2025-06-02 15:00:00+00:00,0,test,0.45886577176752885,0.4121994032680204,1
120832780,CA65929,2025-06-02 19:00:00+00:00,0,test,0.47650711382165534,0.4121994032680204,1
120860404,CA65929,2025-06-03 06:00:00+00:00,0,test,0.7228836907881403,0.4121994032680204,1
120871244,CA65929,2025-06-03 10:00:00+00:00,0,test,0.5554923439365218,0.4121994032680204,1
120879661,CA65929,2025-06-03 14:00:00+00:00,0,test,0.5182430145743746,0.4121994032680204,1
120891467,CA65929,2025-06-03 18:00:00+00:00,0,test,0.5143513500477633,0.4121994032680204,1
124026900,CA65929,2025-06-03 22:00:00+00:00,0,test,0.5143513500477633,0.4121994032680204,1
124026908,CA65929,2025-06-04 02:00:00+00:00,0,test,0.4881361950894601,0.4121994032680204,1
124026917,CA65929,2025-06-04 06:00:00+00:00,0,test,0.48501247484877114,0.4121994032680204,1
120932669,CA65929,2025-06-04 10:00:00+00:00,0,test,0.47784789106775727,0.4121994032680204,1
120943899,CA65929,2025-06-04 14:00:00+00:00,0,test,0.4340200152322013,0.4121994032680204,1
121560279,CA65929,2025-06-13 20:51:43+00:00,1,test,0.7509147330216827,0.4121994032680204,1
121571031,CA65929,2025-06-14 01:00:00+00:00,0,test,0.4514753948562054,0.4121994032680204,1
121582578,CA65929,2025-06-14 05:00:00+00:00,0,test,0.480597908289827,0.4121994032680204,1
121595958,CA65929,2025-06-14 09:00:00+00:00,0,test,0.4789388416925663,0.4121994032680204,1
121607716,CA65929,2025-06-14 13:00:00+00:00,0,test,0.48363887417177676,0.4121994032680204,1
121618178,CA65929,2025-06-14 17:00:00+00:00,0,test,0.5098530803545885,0.4121994032680204,1
121629924,CA65929,2025-06-14 21:00:00+00:00,0,test,0.5051475155426955,0.4121994032680204,1
121638248,CA65929,2025-06-15 01:00:00+00:00,0,test,0.4794494879445713,0.4121994032680204,1
121648224,CA65929,2025-06-15 05:00:00+00:00,0,test,0.4794494879445713,0.4121994032680204,1
121659883,CA65929,2025-06-15 09:00:00+00:00,0,test,0.44923805105293974,0.4121994032680204,1
121667889,CA65929,2025-06-15 13:00:00+00:00,0,test,0.4702958806472633,0.4121994032680204,1
121679227,CA65929,2025-06-15 17:00:00+00:00,0,test,0.4467055935737246,0.4121994032680204,1
121839434,CA65929,2025-06-17 00:00:00+00:00,0,test,0.4200361643396549,0.4121994032680204,1
121875673,CA65929,2025-06-17 11:00:00+00:00,0,test,0.7444797545636801,0.4121994032680204,1
121901786,CA65929,2025-06-17 15:00:00+00:00,0,test,0.5761986487799905,0.4121994032680204,1
121923733,CA65929,2025-06-17 19:00:00+00:00,0,test,0.5351172743175993,0.4121994032680204,1
122345147,CA65929,2025-06-17 23:00:00+00:00,0,test,0.4993416720810006,0.4121994032680204,1
122980688,CA65929,2025-06-18 03:00:00+00:00,1,test,0.4607897077067986,0.4121994032680204,1
123002704,CA65929,2025-06-18 07:00:00+00:00,0,test,0.44233265222903956,0.4121994032680204,1
123013141,CA65929,2025-06-18 11:00:00+00:00,0,test,0.48502318585211796,0.4121994032680204,1
123029792,CA65929,2025-06-18 15:00:00+00:00,0,test,0.5107966854686528,0.4121994032680204,1
123061703,CA65929,2025-06-18 19:00:00+00:00,0,test,0.5098530803545885,0.4121994032680204,1
123124203,CA65929,2025-06-18 23:00:00+00:00,0,test,0.5098530803545885,0.4121994032680204,1
123135383,CA65929,2025-06-19 03:00:00+00:00,0,test,0.4657726410817701,0.4121994032680204,1
123147057,CA65929,2025-06-19 07:00:00+00:00,0,test,0.4794494879445713,0.4121994032680204,1
123161092,CA65929,2025-06-19 11:00:00+00:00,0,test,0.45744230190884205,0.4121994032680204,1
123172154,CA65929,2025-06-19 15:00:00+00:00,0,test,0.47587163767520113,0.4121994032680204,1
123181324,CA65929,2025-06-19 19:00:00+00:00,0,test,0.46931079560960687,0.4121994032680204,1
123193370,CA65929,2025-06-19 23:00:00+00:00,0,test,0.44759605601714736,0.4121994032680204,1
123375438,CA65929,2025-06-22 14:54:53+00:00,0,test,0.7328688952478603,0.4121994032680204,1
123386882,CA65929,2025-06-22 19:00:00+00:00,0,test,0.569872406739422,0.4121994032680204,1
123399303,CA65929,2025-06-22 23:00:00+00:00,0,test,0.5299928356449399,0.4121994032680204,1
123411339,CA65929,2025-06-23 03:00:00+00:00,1,test,0.4881361950894601,0.4121994032680204,1
123420152,CA65929,2025-06-23 07:00:00+00:00,0,test,0.5260335497502324,0.4121994032680204,1
123431671,CA65929,2025-06-23 11:00:00+00:00,0,test,0.47150923821481605,0.4121994032680204,1
123442590,CA65929,2025-06-23 15:00:00+00:00,0,test,0.4969876958647551,0.4121994032680204,1
123453781,CA65929,2025-06-23 19:00:00+00:00,0,test,0.5067279657194245,0.4121994032680204,1
123467060,CA65929,2025-06-23 23:00:00+00:00,0,test,0.5025934694325759,0.4121994032680204,1
123475827,CA65929,2025-06-24 03:00:00+00:00,0,test,0.48363887417177676,0.4121994032680204,1
123486902,CA65929,2025-06-24 07:00:00+00:00,0,test,0.4820362418678102,0.4121994032680204,1
123497646,CA65929,2025-06-24 11:00:00+00:00,0,test,0.47784789106775727,0.4121994032680204,1
123508880,CA65929,2025-06-24 15:00:00+00:00,0,test,0.4750110874244539,0.4121994032680204,1
123942736,CA65929,2025-06-24 19:00:00+00:00,0,test,0.47189392580285433,0.4121994032680204,1
123961295,CA65929,2025-06-24 23:00:00+00:00,0,test,0.46828097198562696,0.4121994032680204,1
124032656,CA65929,2025-06-25 21:14:10+00:00,0,test,0.7743144281835608,0.4121994032680204,1
124044711,CA65929,2025-06-26 02:00:00+00:00,0,test,0.5554923439365218,0.4121994032680204,1
124055060,CA65929,2025-06-26 06:00:00+00:00,1,test,0.5089529068650589,0.4121994032680204,1
124071131,CA65929,2025-06-26 10:00:00+00:00,0,test,0.6875006293642902,0.4121994032680204,1
124080949,CA65929,2025-06-26 14:00:00+00:00,0,test,0.5582299629478423,0.4121994032680204,1
124095711,CA65929,2025-06-26 18:00:00+00:00,0,test,0.5351172743175993,0.4121994032680204,1
124118579,CA65929,2025-06-26 22:00:00+00:00,0,test,0.5143513500477633,0.4121994032680204,1
124130621,CA65929,2025-06-27 02:00:00+00:00,0,test,0.48343337557759986,0.4121994032680204,1
124141384,CA65929,2025-06-27 06:00:00+00:00,0,test,0.48343337557759986,0.4121994032680204,1
124152095,CA65929,2025-06-27 10:00:00+00:00,0,test,0.4865327019040681,0.4121994032680204,1
124162886,CA65929,2025-06-27 14:00:00+00:00,0,test,0.47189511610145046,0.4121994032680204,1
124177075,CA65929,2025-06-27 18:00:00+00:00,0,test,0.46725511985117996,0.4121994032680204,1
124200690,CA65929,2025-06-27 22:00:00+00:00,0,test,0.4663585653646433,0.4121994032680204,1
124209929,CA65929,2025-06-28 02:00:00+00:00,0,test,0.45592858149931603,0.4121994032680204,1
124257713,CA65929,2025-06-28 15:00:00+00:00,0,test,0.41278075597653185,0.4121994032680204,1
124345428,CA65929,2025-06-29 18:00:00+00:00,0,test,0.42037771247397443,0.4121994032680204,1
124382012,CA65929,2025-06-30 07:00:00+00:00,1,test,0.7491634456836841,0.4121994032680204,1
124395583,CA65929,2025-06-30 11:00:00+00:00,0,test,0.5574052437012551,0.4121994032680204,1
124405215,CA65929,2025-06-30 15:00:00+00:00,0,test,0.4549901460205008,0.4121994032680204,1
124424052,CA65929,2025-06-30 19:00:00+00:00,0,test,0.4944951544511156,0.4121994032680204,1
124448918,CA65929,2025-06-30 23:00:00+00:00,0,test,0.49839766925403367,0.4121994032680204,1
124455609,CA65929,2025-07-01 03:00:00+00:00,0,test,0.4434056666458516,0.4121994032680204,1
120809223,CA65930,2025-06-02 15:00:00+00:00,0,test,0.5757456476194305,0.4121994032680204,1
120834272,CA65930,2025-06-02 19:00:00+00:00,1,test,0.5757456476194305,0.4121994032680204,1
120842313,CA65930,2025-06-02 23:00:00+00:00,1,test,0.7981535831657472,0.4121994032680204,1
120854215,CA65930,2025-06-03 03:00:00+00:00,1,test,0.6991673079623377,0.4121994032680204,1
120863390,CA65930,2025-06-03 07:00:00+00:00,1,test,0.7492402897704785,0.4121994032680204,1
120871849,CA65930,2025-06-03 11:00:00+00:00,1,test,0.7264369684185185,0.4121994032680204,1
120883331,CA65930,2025-06-03 15:00:00+00:00,1,test,0.8759470293668954,0.4121994032680204,1
120893227,CA65930,2025-06-03 19:00:00+00:00,0,test,0.7832934177768912,0.4121994032680204,1
124026928,CA65930,2025-06-03 23:00:00+00:00,1,test,0.7062394260025365,0.4121994032680204,1
124026940,CA65930,2025-06-04 03:00:00+00:00,0,test,0.8313099963140617,0.4121994032680204,1
124026950,CA65930,2025-06-04 07:00:00+00:00,0,test,0.6805877164963158,0.4121994032680204,1
120934233,CA65930,2025-06-04 11:00:00+00:00,0,test,0.6413463743958822,0.4121994032680204,1
120945118,CA65930,2025-06-04 15:00:00+00:00,0,test,0.5445473375507737,0.4121994032680204,1
120957216,CA65930,2025-06-04 19:00:00+00:00,0,test,0.5457807599941473,0.4121994032680204,1
120965214,CA65930,2025-06-04 23:00:00+00:00,0,test,0.5737227180380883,0.4121994032680204,1
120976832,CA65930,2025-06-05 03:00:00+00:00,0,test,0.5091503256420156,0.4121994032680204,1
120986277,CA65930,2025-06-05 07:00:00+00:00,0,test,0.4929153268504037,0.4121994032680204,1
120997326,CA65930,2025-06-05 11:00:00+00:00,0,test,0.48164375494642925,0.4121994032680204,1
121010947,CA65930,2025-06-05 15:00:00+00:00,0,test,0.4451147742415352,0.4121994032680204,1
121019252,CA65930,2025-06-05 19:00:00+00:00,0,test,0.4243409435306373,0.4121994032680204,1
121067992,CA65930,2025-06-06 11:46:46+00:00,1,test,0.7563911796348677,0.4121994032680204,1
121079967,CA65930,2025-06-06 15:51:34+00:00,0,test,0.8156930470694248,0.4121994032680204,1
121092569,CA65930,2025-06-06 20:00:00+00:00,0,test,0.6948709122785574,0.4121994032680204,1
121104455,CA65930,2025-06-07 00:00:00+00:00,0,test,0.6717171969124539,0.4121994032680204,1
121116354,CA65930,2025-06-07 04:00:00+00:00,0,test,0.6023409422575302,0.4121994032680204,1
121128631,CA65930,2025-06-07 08:00:00+00:00,0,test,0.6003479081083738,0.4121994032680204,1
121140904,CA65930,2025-06-07 12:00:00+00:00,0,test,0.5962452789606323,0.4121994032680204,1
121150955,CA65930,2025-06-07 16:00:00+00:00,0,test,0.5269464561361393,0.4121994032680204,1
121162000,CA65930,2025-06-07 20:00:00+00:00,0,test,0.4934986638564205,0.4121994032680204,1
121174905,CA65930,2025-06-08 00:00:00+00:00,0,test,0.47991267935068016,0.4121994032680204,1
121245086,CA65930,2025-06-09 01:00:00+00:00,0,test,0.4279348267585038,0.4121994032680204,1
121260021,CA65930,2025-06-09 06:40:50+00:00,0,test,0.8196757341599663,0.4121994032680204,1
121272081,CA65930,2025-06-09 11:00:00+00:00,0,test,0.5627242485312889,0.4121994032680204,1
121284153,CA65930,2025-06-09 15:00:00+00:00,0,test,0.579968392451654,0.4121994032680204,1
121293996,CA65930,2025-06-09 19:00:00+00:00,0,test,0.5692208907307892,0.4121994032680204,1
121304088,CA65930,2025-06-09 23:00:00+00:00,0,test,0.5722842706019964,0.4121994032680204,1
121317823,CA65930,2025-06-10 03:00:00+00:00,1,test,0.5498293239957606,0.4121994032680204,1
121328223,CA65930,2025-06-10 07:00:00+00:00,0,test,0.6269188689636132,0.4121994032680204,1
121338719,CA65930,2025-06-10 11:00:00+00:00,1,test,0.568936261500801,0.4121994032680204,1
121348704,CA65930,2025-06-10 15:00:00+00:00,1,test,0.8424077878324602,0.4121994032680204,1
121359680,CA65930,2025-06-10 19:00:00+00:00,1,test,0.816699227051602,0.4121994032680204,1
121369028,CA65930,2025-06-10 23:00:00+00:00,0,test,0.7713798519942697,0.4121994032680204,1
121381889,CA65930,2025-06-11 03:00:00+00:00,0,test,0.7271312598893296,0.4121994032680204,1
121393239,CA65930,2025-06-11 07:00:00+00:00,1,test,0.6348162955658263,0.4121994032680204,1
121401147,CA65930,2025-06-11 11:00:00+00:00,0,test,0.8490785372270925,0.4121994032680204,1
121414973,CA65930,2025-06-11 15:00:00+00:00,0,test,0.7131988299644445,0.4121994032680204,1
121426802,CA65930,2025-06-11 19:00:00+00:00,0,test,0.6534157365957965,0.4121994032680204,1
121435916,CA65930,2025-06-11 23:00:00+00:00,0,test,0.5737227180380883,0.4121994032680204,1
121449806,CA65930,2025-06-12 03:00:00+00:00,1,test,0.5579788968367256,0.4121994032680204,1
121458715,CA65930,2025-06-12 07:00:00+00:00,0,test,0.8448491787593984,0.4121994032680204,1
121469458,CA65930,2025-06-12 11:00:00+00:00,0,test,0.7074187898801337,0.4121994032680204,1
121482305,CA65930,2025-06-12 15:00:00+00:00,0,test,0.6708674264321022,0.4121994032680204,1
121493124,CA65930,2025-06-12 19:00:00+00:00,0,test,0.5646815851797352,0.4121994032680204,1
121502681,CA65930,2025-06-12 23:00:00+00:00,0,test,0.5499553734722882,0.4121994032680204,1
121578994,CA65930,2025-06-14 03:00:00+00:00,0,test,0.42515088012138197,0.4121994032680204,1
121599394,CA65930,2025-06-14 11:00:00+00:00,0,test,0.4239678799804653,0.4121994032680204,1
121611885,CA65930,2025-06-14 15:00:00+00:00,0,test,0.423862507692579,0.4121994032680204,1
121623764,CA65930,2025-06-14 19:00:00+00:00,0,test,0.42275120743978983,0.4121994032680204,1
122263438,CA65930,2025-06-17 23:00:00+00:00,1,test,0.7746077000432152,0.4121994032680204,1
122978829,CA65930,2025-06-18 03:00:00+00:00,1,test,0.7022222907388951,0.4121994032680204,1
122995623,CA65930,2025-06-18 07:00:00+00:00,1,test,0.8866206500168419,0.4121994032680204,1
123014335,CA65930,2025-06-18 11:00:00+00:00,0,test,0.7988668548297628,0.4121994032680204,1
123029793,CA65930,2025-06-18 15:00:00+00:00,0,test,0.7089535264191714,0.4121994032680204,1
123061704,CA65930,2025-06-18 19:00:00+00:00,0,test,0.6220580908406156,0.4121994032680204,1
123124204,CA65930,2025-06-18 23:00:00+00:00,0,test,0.6220580908406156,0.4121994032680204,1
123137765,CA65930,2025-06-19 03:00:00+00:00,0,test,0.6003479081083738,0.4121994032680204,1
123149391,CA65930,2025-06-19 07:00:00+00:00,0,test,0.5102750519849817,0.4121994032680204,1
123161343,CA65930,2025-06-19 11:00:00+00:00,0,test,0.4746844145344934,0.4121994032680204,1
123170835,CA65930,2025-06-19 15:00:00+00:00,0,test,0.4865866389820862,0.4121994032680204,1
123181326,CA65930,2025-06-19 19:00:00+00:00,0,test,0.4544666870837911,0.4121994032680204,1
123196024,CA65930,2025-06-19 23:00:00+00:00,0,test,0.4782062559311008,0.4121994032680204,1
123208317,CA65930,2025-06-20 04:00:00+00:00,0,test,0.42068589859019423,0.4121994032680204,1
123385878,CA65930,2025-06-22 17:51:20+00:00,0,test,0.790356291778172,0.4121994032680204,1
123397755,CA65930,2025-06-22 22:00:00+00:00,1,test,0.6655263456234704,0.4121994032680204,1
123408775,CA65930,2025-06-23 02:00:00+00:00,0,test,0.7316331315943095,0.4121994032680204,1
123419257,CA65930,2025-06-23 06:00:00+00:00,0,test,0.6668470712928933,0.4121994032680204,1
123430568,CA65930,2025-06-23 10:00:00+00:00,0,test,0.5800291194066327,0.4121994032680204,1
123441800,CA65930,2025-06-23 14:00:00+00:00,0,test,0.5676057243442194,0.4121994032680204,1
123451945,CA65930,2025-06-23 18:00:00+00:00,0,test,0.5726885478880192,0.4121994032680204,1
123461806,CA65930,2025-06-23 22:00:00+00:00,0,test,0.5535733399613418,0.4121994032680204,1
123474137,CA65930,2025-06-24 02:00:00+00:00,0,test,0.5102750519849817,0.4121994032680204,1
123486077,CA65930,2025-06-24 06:00:00+00:00,1,test,0.4746844145344934,0.4121994032680204,1
123494921,CA65930,2025-06-24 10:00:00+00:00,0,test,0.6622302400544166,0.4121994032680204,1
123505925,CA65930,2025-06-24 14:00:00+00:00,0,test,0.6425721982042802,0.4121994032680204,1
123937354,CA65930,2025-06-24 18:00:00+00:00,0,test,0.571249218640545,0.4121994032680204,1
123954694,CA65930,2025-06-24 22:00:00+00:00,0,test,0.571249218640545,0.4121994032680204,1
123969371,CA65930,2025-06-25 02:00:00+00:00,1,test,0.5223630317082576,0.4121994032680204,1
123978916,CA65930,2025-06-25 06:00:00+00:00,0,test,0.7290841265367821,0.4121994032680204,1
123990972,CA65930,2025-06-25 10:00:00+00:00,0,test,0.6290908330353265,0.4121994032680204,1
124211570,CA65930,2025-06-28 02:00:00+00:00,0,test,0.4236888475533895,0.4121994032680204,1
124233621,CA65930,2025-06-28 10:00:00+00:00,1,test,0.42593975902241676,0.4121994032680204,1
124257717,CA65930,2025-06-28 14:00:00+00:00,0,test,0.7172042800908581,0.4121994032680204,1
124268339,CA65930,2025-06-28 18:00:00+00:00,0,test,0.6667379196752964,0.4121994032680204,1
124281198,CA65930,2025-06-28 22:00:00+00:00,0,test,0.5923335853094022,0.4121994032680204,1
124293993,CA65930,2025-06-29 02:00:00+00:00,0,test,0.5565283881780935,0.4121994032680204,1
124307767,CA65930,2025-06-29 06:00:00+00:00,0,test,0.5565283881780935,0.4121994032680204,1
124319016,CA65930,2025-06-29 10:00:00+00:00,0,test,0.5565283881780935,0.4121994032680204,1
124332370,CA65930,2025-06-29 14:00:00+00:00,0,test,0.5125936602356961,0.4121994032680204,1
124344467,CA65930,2025-06-29 18:00:00+00:00,0,test,0.494047359627763,0.4121994032680204,1
124357013,CA65930,2025-06-29 22:00:00+00:00,0,test,0.4782062559311008,0.4121994032680204,1
124368217,CA65930,2025-06-30 02:00:00+00:00,1,test,0.46499486023790676,0.4121994032680204,1
124380759,CA65930,2025-06-30 06:00:00+00:00,0,test,0.7608569103932684,0.4121994032680204,1
124391327,CA65930,2025-06-30 10:00:00+00:00,0,test,0.6484767392151076,0.4121994032680204,1
124402574,CA65930,2025-06-30 14:00:00+00:00,0,test,0.6089459036794693,0.4121994032680204,1
124420374,CA65930,2025-06-30 18:00:00+00:00,0,test,0.5716977871768624,0.4121994032680204,1
124441936,CA65930,2025-06-30 22:00:00+00:00,0,test,0.5743089614908734,0.4121994032680204,1
124452776,CA65930,2025-07-01 02:00:00+00:00,0,test,0.5565283881780935,0.4121994032680204,1
120809224,CA65931,2025-06-02 15:00:00+00:00,1,test,0.6136449450502757,0.4121994032680204,1
120832782,CA65931,2025-06-02 19:00:00+00:00,0,test,0.680944102496883,0.4121994032680204,1
120842314,CA65931,2025-06-02 23:00:00+00:00,0,test,0.5394719345309316,0.4121994032680204,1
120951878,CA65931,2025-06-04 17:00:00+00:00,0,test,0.42185485065747536,0.4121994032680204,1
120983496,CA65931,2025-06-05 06:00:00+00:00,1,test,0.41797921713236186,0.4121994032680204,1
120996126,CA65931,2025-06-05 10:00:00+00:00,0,test,0.6477984063747846,0.4121994032680204,1
121007551,CA65931,2025-06-05 14:00:00+00:00,0,test,0.555653131601989,0.4121994032680204,1
121018543,CA65931,2025-06-05 18:00:00+00:00,0,test,0.5169181867814754,0.4121994032680204,1
121029084,CA65931,2025-06-05 22:00:00+00:00,0,test,0.5248761227053633,0.4121994032680204,1
121039984,CA65931,2025-06-06 02:00:00+00:00,0,test,0.49867535631947146,0.4121994032680204,1
121050463,CA65931,2025-06-06 06:00:00+00:00,0,test,0.49554948650833885,0.4121994032680204,1
121061872,CA65931,2025-06-06 10:00:00+00:00,0,test,0.443424621915215,0.4121994032680204,1
121075838,CA65931,2025-06-06 14:00:00+00:00,0,test,0.4598701278759042,0.4121994032680204,1
121087134,CA65931,2025-06-06 18:00:00+00:00,0,test,0.4732464588803272,0.4121994032680204,1
121097298,CA65931,2025-06-06 22:00:00+00:00,0,test,0.4960208309614015,0.4121994032680204,1
121110345,CA65931,2025-06-07 02:00:00+00:00,0,test,0.48228752636286076,0.4121994032680204,1
121120622,CA65931,2025-06-07 06:00:00+00:00,0,test,0.43010947217265183,0.4121994032680204,1
121133616,CA65931,2025-06-07 10:00:00+00:00,0,test,0.43010947217265183,0.4121994032680204,1
121143577,CA65931,2025-06-07 14:00:00+00:00,0,test,0.4320399694839331,0.4121994032680204,1
121155019,CA65931,2025-06-07 18:00:00+00:00,1,test,0.4140841455006871,0.4121994032680204,1
121169086,CA65931,2025-06-07 22:00:00+00:00,0,test,0.47295670770771076,0.4121994032680204,1
121179465,CA65931,2025-06-08 02:00:00+00:00,0,test,0.47930838195106645,0.4121994032680204,1
121191833,CA65931,2025-06-08 06:00:00+00:00,0,test,0.47880632202147305,0.4121994032680204,1
121202070,CA65931,2025-06-08 10:00:00+00:00,0,test,0.48862888017789025,0.4121994032680204,1
121212987,CA65931,2025-06-08 14:00:00+00:00,0,test,0.4420250400423583,0.4121994032680204,1
121226132,CA65931,2025-06-08 18:00:00+00:00,0,test,0.4910727741222625,0.4121994032680204,1
121236360,CA65931,2025-06-08 22:00:00+00:00,0,test,0.4728770719955012,0.4121994032680204,1
121249343,CA65931,2025-06-09 02:00:00+00:00,0,test,0.4717076096144282,0.4121994032680204,1
121258787,CA65931,2025-06-09 06:00:00+00:00,0,test,0.48166739653852925,0.4121994032680204,1
121269140,CA65931,2025-06-09 10:00:00+00:00,0,test,0.4838902136257021,0.4121994032680204,1
121281366,CA65931,2025-06-09 14:36:40+00:00,0,test,0.41365666346265956,0.4121994032680204,1
121292399,CA65931,2025-06-09 19:00:00+00:00,0,test,0.43324597054860686,0.4121994032680204,1
121305148,CA65931,2025-06-09 23:00:00+00:00,0,test,0.43397024231665465,0.4121994032680204,1
121317521,CA65931,2025-06-10 03:00:00+00:00,0,test,0.43187142087865793,0.4121994032680204,1
121523956,CA65931,2025-06-13 07:00:00+00:00,1,test,0.747068267738187,0.4121994032680204,1
121535625,CA65931,2025-06-13 11:00:00+00:00,0,test,0.5875133643158412,0.4121994032680204,1
121545245,CA65931,2025-06-13 15:00:00+00:00,0,test,0.5710171732327696,0.4121994032680204,1
121556818,CA65931,2025-06-13 19:00:00+00:00,0,test,0.5248761227053633,0.4121994032680204,1
121564722,CA65931,2025-06-13 23:00:00+00:00,0,test,0.5248761227053633,0.4121994032680204,1
121579473,CA65931,2025-06-14 03:00:00+00:00,0,test,0.49867535631947146,0.4121994032680204,1
121588203,CA65931,2025-06-14 07:00:00+00:00,0,test,0.49867535631947146,0.4121994032680204,1
121599395,CA65931,2025-06-14 11:00:00+00:00,0,test,0.4899806309889122,0.4121994032680204,1
121613388,CA65931,2025-06-14 15:00:00+00:00,0,test,0.4972629110327368,0.4121994032680204,1
121623069,CA65931,2025-06-14 19:00:00+00:00,0,test,0.5000742521950718,0.4121994032680204,1
121632664,CA65931,2025-06-14 23:00:00+00:00,0,test,0.49797640309037594,0.4121994032680204,1
121643313,CA65931,2025-06-15 03:00:00+00:00,0,test,0.46846488281012627,0.4121994032680204,1
121654790,CA65931,2025-06-15 07:00:00+00:00,0,test,0.41278200297093987,0.4121994032680204,1
121664543,CA65931,2025-06-15 11:00:00+00:00,0,test,0.4333089363390126,0.4121994032680204,1
121672810,CA65931,2025-06-15 15:00:00+00:00,1,test,0.43416261075152546,0.4121994032680204,1
121685546,CA65931,2025-06-15 19:00:00+00:00,0,test,0.8053147422240194,0.4121994032680204,1
121692394,CA65931,2025-06-15 23:00:00+00:00,0,test,0.6072899609481789,0.4121994032680204,1
121702102,CA65931,2025-06-16 03:00:00+00:00,0,test,0.5351665464263317,0.4121994032680204,1
121711392,CA65931,2025-06-16 07:00:00+00:00,1,test,0.496538885926594,0.4121994032680204,1
121730613,CA65931,2025-06-16 11:00:00+00:00,0,test,0.7931480862602068,0.4121994032680204,1
121740090,CA65931,2025-06-16 15:00:00+00:00,1,test,0.6438540611277914,0.4121994032680204,1
121802204,CA65931,2025-06-16 19:00:00+00:00,1,test,0.8150942134295973,0.4121994032680204,1
121839445,CA65931,2025-06-16 23:00:00+00:00,0,test,0.8297228472255872,0.4121994032680204,1
121850434,CA65931,2025-06-17 03:00:00+00:00,0,test,0.6404183394362186,0.4121994032680204,1
121861215,CA65931,2025-06-17 07:00:00+00:00,0,test,0.566923597124862,0.4121994032680204,1
121868945,CA65931,2025-06-17 11:00:00+00:00,0,test,0.491713936990358,0.4121994032680204,1
121901582,CA65931,2025-06-17 15:00:00+00:00,0,test,0.5196165566671873,0.4121994032680204,1
121918178,CA65931,2025-06-17 19:00:00+00:00,0,test,0.5334385115870165,0.4121994032680204,1
122382898,CA65931,2025-06-17 23:00:00+00:00,0,test,0.5263364106930696,0.4121994032680204,1
122986463,CA65931,2025-06-18 03:00:00+00:00,0,test,0.48831955984949516,0.4121994032680204,1
122995624,CA65931,2025-06-18 07:00:00+00:00,0,test,0.4894082194768997,0.4121994032680204,1
123013430,CA65931,2025-06-18 11:00:00+00:00,0,test,0.4890327021053316,0.4121994032680204,1
123031245,CA65931,2025-06-18 15:00:00+00:00,0,test,0.4984124023229923,0.4121994032680204,1
123104411,CA65931,2025-06-18 19:00:00+00:00,0,test,0.4175593155717361,0.4121994032680204,1
123128321,CA65931,2025-06-19 00:00:00+00:00,0,test,0.4230545856812427,0.4121994032680204,1
123139720,CA65931,2025-06-19 04:00:00+00:00,0,test,0.4206758845546015,0.4121994032680204,1
123151967,CA65931,2025-06-19 08:00:00+00:00,0,test,0.41652486371244424,0.4121994032680204,1
123161367,CA65931,2025-06-19 12:00:00+00:00,0,test,0.4156497040831879,0.4121994032680204,1
123174248,CA65931,2025-06-19 16:00:00+00:00,0,test,0.42862132848386597,0.4121994032680204,1
123185565,CA65931,2025-06-19 20:00:00+00:00,0,test,0.4240230829348285,0.4121994032680204,1
123198053,CA65931,2025-06-20 00:00:00+00:00,0,test,0.43097915705888606,0.4121994032680204,1
123215806,CA65931,2025-06-20 06:00:00+00:00,0,test,0.7489352336271732,0.4121994032680204,1
123225955,CA65931,2025-06-20 10:00:00+00:00,0,test,0.569629078538906,0.4121994032680204,1
123240069,CA65931,2025-06-20 14:00:00+00:00,0,test,0.5030962001700954,0.4121994032680204,1
123250999,CA65931,2025-06-20 18:00:00+00:00,0,test,0.5014586212840881,0.4121994032680204,1
123262691,CA65931,2025-06-20 22:00:00+00:00,0,test,0.5002150558241815,0.4121994032680204,1
123272550,CA65931,2025-06-21 02:00:00+00:00,0,test,0.4865915345971201,0.4121994032680204,1
123284481,CA65931,2025-06-21 06:00:00+00:00,0,test,0.47077303638417545,0.4121994032680204,1
123297778,CA65931,2025-06-21 10:00:00+00:00,0,test,0.4792525997485189,0.4121994032680204,1
123311046,CA65931,2025-06-21 15:00:00+00:00,0,test,0.41358408409602,0.4121994032680204,1
123323997,CA65931,2025-06-21 19:00:00+00:00,0,test,0.4649688933758327,0.4121994032680204,1
123332506,CA65931,2025-06-21 23:00:00+00:00,0,test,0.4658651085517009,0.4121994032680204,1
123344459,CA65931,2025-06-22 03:00:00+00:00,0,test,0.42670311569377034,0.4121994032680204,1
123354848,CA65931,2025-06-22 07:00:00+00:00,0,test,0.4262601295478823,0.4121994032680204,1
123377285,CA65931,2025-06-22 14:54:32+00:00,0,test,0.4278643939561449,0.4121994032680204,1
123386884,CA65931,2025-06-22 19:00:00+00:00,0,test,0.42991982099901,0.4121994032680204,1
123398443,CA65931,2025-06-22 23:00:00+00:00,1,test,0.43654149126592,0.4121994032680204,1
123409290,CA65931,2025-06-23 03:00:00+00:00,0,test,0.42685144849956796,0.4121994032680204,1
123422338,CA65931,2025-06-23 07:00:00+00:00,1,test,0.48920430023879447,0.4121994032680204,1
123431673,CA65931,2025-06-23 11:00:00+00:00,0,test,0.6036565516349305,0.4121994032680204,1
123442592,CA65931,2025-06-23 15:00:00+00:00,1,test,0.45344977354383115,0.4121994032680204,1
123453783,CA65931,2025-06-23 19:00:00+00:00,0,test,0.7844533925948657,0.4121994032680204,1
123464720,CA65931,2025-06-23 23:00:00+00:00,1,test,0.5037729479203281,0.4121994032680204,1
123475838,CA65931,2025-06-24 03:00:00+00:00,0,test,0.7578587960849725,0.4121994032680204,1
123486904,CA65931,2025-06-24 07:00:00+00:00,1,test,0.6055413262768181,0.4121994032680204,1
123497648,CA65931,2025-06-24 11:00:00+00:00,1,test,0.8825105686871927,0.4121994032680204,1
123510852,CA65931,2025-06-24 15:00:00+00:00,1,test,0.7228939985215875,0.4121994032680204,1
123947482,CA65931,2025-06-24 19:00:00+00:00,0,test,0.7260276367014264,0.4121994032680204,1
123958936,CA65931,2025-06-24 23:00:00+00:00,1,test,0.6214565806091641,0.4121994032680204,1
123973050,CA65931,2025-06-25 03:00:00+00:00,0,test,0.7805622873202178,0.4121994032680204,1
123983087,CA65931,2025-06-25 07:00:00+00:00,1,test,0.5666973434193705,0.4121994032680204,1
123995213,CA65931,2025-06-25 11:00:00+00:00,0,test,0.7821568135909737,0.4121994032680204,1
124005683,CA65931,2025-06-25 15:00:00+00:00,0,test,0.5095334786516601,0.4121994032680204,1
124017461,CA65931,2025-06-25 19:00:00+00:00,0,test,0.5144345841069542,0.4121994032680204,1
124036558,CA65931,2025-06-25 23:00:00+00:00,0,test,0.5191470890229987,0.4121994032680204,1
124048848,CA65931,2025-06-26 03:00:00+00:00,0,test,0.4905199028228816,0.4121994032680204,1
124061419,CA65931,2025-06-26 07:00:00+00:00,1,test,0.4905199028228816,0.4121994032680204,1
124074205,CA65931,2025-06-26 11:00:00+00:00,1,test,0.747068267738187,0.4121994032680204,1
124085062,CA65931,2025-06-26 15:00:00+00:00,1,test,0.6158915238796567,0.4121994032680204,1
124099066,CA65931,2025-06-26 19:00:00+00:00,0,test,0.5018593257563905,0.4121994032680204,1
124121509,CA65931,2025-06-26 23:00:00+00:00,0,test,0.5341977153319047,0.4121994032680204,1
124130624,CA65931,2025-06-27 03:00:00+00:00,0,test,0.5012075475162916,0.4121994032680204,1
124141954,CA65931,2025-06-27 07:00:00+00:00,0,test,0.5022550940043117,0.4121994032680204,1
124155284,CA65931,2025-06-27 11:00:00+00:00,0,test,0.5022550940043117,0.4121994032680204,1
124165835,CA65931,2025-06-27 15:00:00+00:00,0,test,0.5018719418317834,0.4121994032680204,1
124183551,CA65931,2025-06-27 19:00:00+00:00,0,test,0.4800613292945575,0.4121994032680204,1
124203826,CA65931,2025-06-27 23:00:00+00:00,0,test,0.453276296633536,0.4121994032680204,1
124212327,CA65931,2025-06-28 03:00:00+00:00,0,test,0.4781238009374041,0.4121994032680204,1
124225774,CA65931,2025-06-28 07:00:00+00:00,0,test,0.48766537687454303,0.4121994032680204,1
124245750,CA65931,2025-06-28 11:00:00+00:00,0,test,0.44647971458958463,0.4121994032680204,1
124257721,CA65931,2025-06-28 15:00:00+00:00,0,test,0.43631876078869924,0.4121994032680204,1
124269195,CA65931,2025-06-28 19:00:00+00:00,0,test,0.43648157476839344,0.4121994032680204,1
124283628,CA65931,2025-06-28 23:00:00+00:00,0,test,0.43559578789914566,0.4121994032680204,1
124297187,CA65931,2025-06-29 03:00:00+00:00,0,test,0.42792408601810816,0.4121994032680204,1
124311679,CA65931,2025-06-29 07:00:00+00:00,0,test,0.42801815264323256,0.4121994032680204,1
124327437,CA65931,2025-06-29 11:19:48+00:00,0,test,0.4302973800257144,0.4121994032680204,1
124338547,CA65931,2025-06-29 15:40:12+00:00,0,test,0.42011557835344265,0.4121994032680204,1
124349401,CA65931,2025-06-29 20:00:00+00:00,0,test,0.43507083072076014,0.4121994032680204,1
124405217,CA65931,2025-06-30 14:06:30+00:00,0,test,0.41474631872399104,0.4121994032680204,1
120977862,CA65932,2025-06-05 04:00:00+00:00,0,test,0.7289914867631028,0.4121994032680204,1
121002849,CA65932,2025-06-05 13:00:00+00:00,1,test,0.6567165482280021,0.4121994032680204,1
121016966,CA65932,2025-06-05 17:00:00+00:00,1,test,0.7578357875745042,0.4121994032680204,1
121025735,CA65932,2025-06-05 21:00:00+00:00,1,test,0.8228838045265398,0.4121994032680204,1
121037369,CA65932,2025-06-06 01:00:00+00:00,1,test,0.9464507063957277,0.4121994032680204,1
121048040,CA65932,2025-06-06 05:00:00+00:00,1,test,0.8596381320196305,0.4121994032680204,1
121061457,CA65932,2025-06-06 09:00:00+00:00,0,test,0.7956965543351634,0.4121994032680204,1
121070131,CA65932,2025-06-06 13:00:00+00:00,1,test,0.6569884770518426,0.4121994032680204,1
121085024,CA65932,2025-06-06 17:00:00+00:00,1,test,0.9372068565821134,0.4121994032680204,1
121096034,CA65932,2025-06-06 21:00:00+00:00,1,test,0.9411213420395365,0.4121994032680204,1
121104458,CA65932,2025-06-07 01:00:00+00:00,1,test,0.8385025654455649,0.4121994032680204,1
121118804,CA65932,2025-06-07 05:00:00+00:00,1,test,0.9071637842622108,0.4121994032680204,1
121131597,CA65932,2025-06-07 09:00:00+00:00,1,test,0.914170070657288,0.4121994032680204,1
121143204,CA65932,2025-06-07 13:00:00+00:00,0,test,0.7592407528403398,0.4121994032680204,1
121155021,CA65932,2025-06-07 17:00:00+00:00,0,test,0.6513364542684278,0.4121994032680204,1
121165488,CA65932,2025-06-07 21:00:00+00:00,0,test,0.5100321731225803,0.4121994032680204,1
121175643,CA65932,2025-06-08 01:00:00+00:00,0,test,0.511358906128637,0.4121994032680204,1
121190542,CA65932,2025-06-08 05:00:00+00:00,0,test,0.5070397500626348,0.4121994032680204,1
121198806,CA65932,2025-06-08 09:00:00+00:00,0,test,0.4186165931030024,0.4121994032680204,1
121260023,CA65932,2025-06-09 07:00:00+00:00,1,test,0.7134122370701441,0.4121994032680204,1
121270473,CA65932,2025-06-09 11:00:00+00:00,1,test,0.7813939424719437,0.4121994032680204,1
121283736,CA65932,2025-06-09 15:00:00+00:00,0,test,0.6781024364111464,0.4121994032680204,1
121294939,CA65932,2025-06-09 19:00:00+00:00,1,test,0.4698631217479497,0.4121994032680204,1
121306593,CA65932,2025-06-09 23:00:00+00:00,1,test,0.8606488663365005,0.4121994032680204,1
121318012,CA65932,2025-06-10 03:00:00+00:00,1,test,0.8291897029816494,0.4121994032680204,1
121327936,CA65932,2025-06-10 07:00:00+00:00,1,test,0.9039828567319468,0.4121994032680204,1
121338549,CA65932,2025-06-10 11:00:00+00:00,1,test,0.7800111111123162,0.4121994032680204,1
121350768,CA65932,2025-06-10 15:00:00+00:00,1,test,0.7266664853346445,0.4121994032680204,1
121359685,CA65932,2025-06-10 19:00:00+00:00,1,test,0.8818001079477581,0.4121994032680204,1
121369030,CA65932,2025-06-10 23:00:00+00:00,1,test,0.9432020036600541,0.4121994032680204,1
121381751,CA65932,2025-06-11 03:00:00+00:00,0,test,0.8049843913026081,0.4121994032680204,1
121392559,CA65932,2025-06-11 07:00:00+00:00,0,test,0.6786382560085591,0.4121994032680204,1
121401149,CA65932,2025-06-11 11:00:00+00:00,0,test,0.5230223246167257,0.4121994032680204,1
121412904,CA65932,2025-06-11 15:00:00+00:00,0,test,0.5318858049184396,0.4121994032680204,1
121426593,CA65932,2025-06-11 19:00:00+00:00,0,test,0.505712625549961,0.4121994032680204,1
121439609,CA65932,2025-06-11 23:00:00+00:00,0,test,0.4599871331198934,0.4121994032680204,1
121513759,CA65932,2025-06-13 02:59:20+00:00,0,test,0.7369922232530695,0.4121994032680204,1
121525205,CA65932,2025-06-13 07:00:00+00:00,1,test,0.4709191698625462,0.4121994032680204,1
121534244,CA65932,2025-06-13 11:00:00+00:00,1,test,0.4943213289325829,0.4121994032680204,1
121546009,CA65932,2025-06-13 15:00:00+00:00,0,test,0.6741327239759832,0.4121994032680204,1
121555618,CA65932,2025-06-13 19:00:00+00:00,1,test,0.4871630968107289,0.4121994032680204,1
121564723,CA65932,2025-06-13 23:00:00+00:00,1,test,0.5396414000063737,0.4121994032680204,1
121577111,CA65932,2025-06-14 03:00:00+00:00,1,test,0.8809619030335801,0.4121994032680204,1
121588205,CA65932,2025-06-14 07:00:00+00:00,1,test,0.8737975352727503,0.4121994032680204,1
121599396,CA65932,2025-06-14 11:00:00+00:00,0,test,0.7478662410860373,0.4121994032680204,1
121611107,CA65932,2025-06-14 15:00:00+00:00,0,test,0.6502442719123415,0.4121994032680204,1
121622907,CA65932,2025-06-14 19:00:00+00:00,0,test,0.5273012860422083,0.4121994032680204,1
121632665,CA65932,2025-06-14 23:00:00+00:00,0,test,0.5293637984614177,0.4121994032680204,1
121645369,CA65932,2025-06-15 03:00:00+00:00,1,test,0.451086352622382,0.4121994032680204,1
121655126,CA65932,2025-06-15 07:00:00+00:00,1,test,0.7392418441751609,0.4121994032680204,1
121662256,CA65932,2025-06-15 11:00:00+00:00,0,test,0.8857597369376471,0.4121994032680204,1
121672811,CA65932,2025-06-15 15:00:00+00:00,1,test,0.7150594706465587,0.4121994032680204,1
121684536,CA65932,2025-06-15 19:00:00+00:00,0,test,0.7632298617912092,0.4121994032680204,1
121692395,CA65932,2025-06-15 23:00:00+00:00,0,test,0.6141020525625023,0.4121994032680204,1
121703982,CA65932,2025-06-16 03:00:00+00:00,0,test,0.5258234822579442,0.4121994032680204,1
121711393,CA65932,2025-06-16 07:00:00+00:00,0,test,0.46366976566253815,0.4121994032680204,1
121730626,CA65932,2025-06-16 11:00:00+00:00,0,test,0.504344983326705,0.4121994032680204,1
121740564,CA65932,2025-06-16 15:00:00+00:00,0,test,0.4977101511377457,0.4121994032680204,1
121839447,CA65932,2025-06-16 22:00:00+00:00,0,test,0.7549733124168597,0.4121994032680204,1
121847831,CA65932,2025-06-17 02:00:00+00:00,0,test,0.47441419157526826,0.4121994032680204,1
121859650,CA65932,2025-06-17 06:00:00+00:00,0,test,0.42299358939166537,0.4121994032680204,1
121867974,CA65932,2025-06-17 10:00:00+00:00,0,test,0.4186165931030024,0.4121994032680204,1
122059048,CA65932,2025-06-17 22:00:00+00:00,0,test,0.43632617219795083,0.4121994032680204,1
123243551,CA65932,2025-06-20 16:00:00+00:00,1,test,0.7201337614195015,0.4121994032680204,1
123256048,CA65932,2025-06-20 20:00:00+00:00,0,test,0.5288039794686757,0.4121994032680204,1
123267897,CA65932,2025-06-21 00:00:00+00:00,0,test,0.4438204989726263,0.4121994032680204,1
123278686,CA65932,2025-06-21 04:00:00+00:00,0,test,0.41713584167432227,0.4121994032680204,1
123291628,CA65932,2025-06-21 08:00:00+00:00,1,test,0.4160777017575094,0.4121994032680204,1
123303349,CA65932,2025-06-21 12:00:00+00:00,0,test,0.610933968356742,0.4121994032680204,1
123315896,CA65932,2025-06-21 16:00:00+00:00,0,test,0.4407361856569561,0.4121994032680204,1
123326611,CA65932,2025-06-21 20:00:00+00:00,0,test,0.4311376153742421,0.4121994032680204,1
123335320,CA65932,2025-06-22 00:00:00+00:00,0,test,0.43632617219795083,0.4121994032680204,1
123345198,CA65932,2025-06-22 04:00:00+00:00,1,test,0.4186165931030024,0.4121994032680204,1
123377983,CA65932,2025-06-22 15:49:35+00:00,0,test,0.43632617219795083,0.4121994032680204,1
123389755,CA65932,2025-06-22 20:00:00+00:00,0,test,0.43632617219795083,0.4121994032680204,1
123403360,CA65932,2025-06-23 00:00:00+00:00,1,test,0.43632617219795083,0.4121994032680204,1
123412838,CA65932,2025-06-23 04:00:00+00:00,0,test,0.702412066719091,0.4121994032680204,1
123425394,CA65932,2025-06-23 08:00:00+00:00,0,test,0.45782344419181126,0.4121994032680204,1
123463163,CA65932,2025-06-23 21:56:02+00:00,0,test,0.43632617219795083,0.4121994032680204,1
124071920,CA65932,2025-06-26 10:57:40+00:00,1,test,0.7619071617654948,0.4121994032680204,1
124085063,CA65932,2025-06-26 14:58:01+00:00,1,test,0.9530764154376609,0.4121994032680204,1
124100125,CA65932,2025-06-26 19:00:00+00:00,0,test,0.7458391951002059,0.4121994032680204,1
124119676,CA65932,2025-06-26 23:00:00+00:00,0,test,0.6209641747408766,0.4121994032680204,1
124131836,CA65932,2025-06-27 03:00:00+00:00,1,test,0.4711620927447679,0.4121994032680204,1
124141955,CA65932,2025-06-27 07:00:00+00:00,0,test,0.7272810438467654,0.4121994032680204,1
124153196,CA65932,2025-06-27 11:00:00+00:00,0,test,0.6172960291922122,0.4121994032680204,1
124167869,CA65932,2025-06-27 15:00:00+00:00,0,test,0.5023893540624771,0.4121994032680204,1
124186560,CA65932,2025-06-27 19:00:00+00:00,0,test,0.46590461152888485,0.4121994032680204,1
124203355,CA65932,2025-06-27 23:00:00+00:00,0,test,0.4599871331198934,0.4121994032680204,1
124214588,CA65932,2025-06-28 03:00:00+00:00,0,test,0.43784482399755054,0.4121994032680204,1
124225776,CA65932,2025-06-28 07:00:00+00:00,0,test,0.4186165931030024,0.4121994032680204,1
124346425,CA65932,2025-06-29 18:13:53+00:00,0,test,0.7985203952844802,0.4121994032680204,1
124370948,CA65932,2025-06-30 03:00:00+00:00,0,test,0.4249850735647043,0.4121994032680204,1
124387466,CA65932,2025-06-30 08:31:56+00:00,0,test,0.4186165931030024,0.4121994032680204,1
124399662,CA65932,2025-06-30 13:00:00+00:00,0,test,0.4195358728071828,0.4121994032680204,1
124411091,CA65932,2025-06-30 17:00:00+00:00,0,test,0.43632617219795083,0.4121994032680204,1
120809712,CA65933,2025-06-02 15:00:00+00:00,0,test,0.41973039771162035,0.4121994032680204,1
120834318,CA65933,2025-06-02 19:00:00+00:00,0,test,0.4148201276484741,0.4121994032680204,1
120884308,CA65933,2025-06-03 14:43:01+00:00,0,test,0.4363313473310752,0.4121994032680204,1
120894199,CA65933,2025-06-03 19:00:00+00:00,0,test,0.4495873263141605,0.4121994032680204,1
124027029,CA65933,2025-06-04 06:57:18+00:00,1,test,0.8805046350968411,0.4121994032680204,1
120935868,CA65933,2025-06-04 11:00:00+00:00,1,test,0.8358073929187456,0.4121994032680204,1
120946655,CA65933,2025-06-04 15:00:00+00:00,1,test,0.9331702439202887,0.4121994032680204,1
120955041,CA65933,2025-06-04 19:00:00+00:00,1,test,0.9209752098634322,0.4121994032680204,1
120966775,CA65933,2025-06-04 23:00:00+00:00,1,test,0.852301886265633,0.4121994032680204,1
120975234,CA65933,2025-06-05 03:00:00+00:00,1,test,0.9617102430171263,0.4121994032680204,1
120986280,CA65933,2025-06-05 07:00:00+00:00,0,test,0.7216317933232158,0.4121994032680204,1
120997329,CA65933,2025-06-05 11:00:00+00:00,0,test,0.7299523167551272,0.4121994032680204,1
121008261,CA65933,2025-06-05 15:00:00+00:00,1,test,0.5399989221949156,0.4121994032680204,1
121020455,CA65933,2025-06-05 19:00:00+00:00,0,test,0.861008697739613,0.4121994032680204,1
121031347,CA65933,2025-06-05 23:00:00+00:00,0,test,0.6864140688067056,0.4121994032680204,1
121044186,CA65933,2025-06-06 03:00:00+00:00,0,test,0.6882592173906941,0.4121994032680204,1
121055307,CA65933,2025-06-06 07:00:00+00:00,0,test,0.48139484517521025,0.4121994032680204,1
121064828,CA65933,2025-06-06 11:00:00+00:00,1,test,0.49701319322390597,0.4121994032680204,1
121079130,CA65933,2025-06-06 15:00:00+00:00,1,test,0.6531430746530112,0.4121994032680204,1
121088195,CA65933,2025-06-06 19:00:00+00:00,0,test,0.5002234592196033,0.4121994032680204,1
121099585,CA65933,2025-06-06 23:00:00+00:00,0,test,0.5014408962881163,0.4121994032680204,1
121112599,CA65933,2025-06-07 03:00:00+00:00,0,test,0.5172669234067075,0.4121994032680204,1
121125865,CA65933,2025-06-07 07:00:00+00:00,0,test,0.5211329982466902,0.4121994032680204,1
121137574,CA65933,2025-06-07 11:00:00+00:00,0,test,0.5277489891985816,0.4121994032680204,1
121146192,CA65933,2025-06-07 15:00:00+00:00,0,test,0.5307632717923536,0.4121994032680204,1
121159664,CA65933,2025-06-07 19:00:00+00:00,0,test,0.5069395422932372,0.4121994032680204,1
121169700,CA65933,2025-06-07 23:00:00+00:00,0,test,0.502059848093148,0.4121994032680204,1
121181788,CA65933,2025-06-08 03:00:00+00:00,0,test,0.499391053123839,0.4121994032680204,1
121192643,CA65933,2025-06-08 07:00:00+00:00,0,test,0.4429821809242903,0.4121994032680204,1
121221452,CA65933,2025-06-08 16:00:00+00:00,0,test,0.42093316287409227,0.4121994032680204,1
121229454,CA65933,2025-06-08 20:00:00+00:00,0,test,0.4258894698026518,0.4121994032680204,1
121240844,CA65933,2025-06-09 00:00:00+00:00,0,test,0.4354422403004692,0.4121994032680204,1
121253152,CA65933,2025-06-09 04:00:00+00:00,0,test,0.4297669118039662,0.4121994032680204,1
121262566,CA65933,2025-06-09 08:00:00+00:00,1,test,0.42670533409094435,0.4121994032680204,1
121274913,CA65933,2025-06-09 12:00:00+00:00,0,test,0.6988693871432603,0.4121994032680204,1
121285676,CA65933,2025-06-09 16:00:00+00:00,0,test,0.5976778322989631,0.4121994032680204,1
121297217,CA65933,2025-06-09 20:00:00+00:00,0,test,0.5575228627609412,0.4121994032680204,1
121308168,CA65933,2025-06-10 00:00:00+00:00,0,test,0.5402312313307166,0.4121994032680204,1
121318014,CA65933,2025-06-10 04:00:00+00:00,0,test,0.5140933326417588,0.4121994032680204,1
121330383,CA65933,2025-06-10 08:00:00+00:00,0,test,0.5140933326417588,0.4121994032680204,1
121343098,CA65933,2025-06-10 12:00:00+00:00,0,test,0.505459743478192,0.4121994032680204,1
121352974,CA65933,2025-06-10 16:00:00+00:00,0,test,0.5147781518437441,0.4121994032680204,1
121364010,CA65933,2025-06-10 20:00:00+00:00,0,test,0.5196034273022365,0.4121994032680204,1
121373021,CA65933,2025-06-11 00:00:00+00:00,1,test,0.5191562875501078,0.4121994032680204,1
121385351,CA65933,2025-06-11 04:00:00+00:00,0,test,0.7242494040116167,0.4121994032680204,1
121394498,CA65933,2025-06-11 08:00:00+00:00,1,test,0.5818096197287472,0.4121994032680204,1
121405979,CA65933,2025-06-11 12:00:00+00:00,0,test,0.7061526618606248,0.4121994032680204,1
121417299,CA65933,2025-06-11 16:00:00+00:00,0,test,0.5381557570704966,0.4121994032680204,1
121426806,CA65933,2025-06-11 20:00:00+00:00,0,test,0.5580207022899496,0.4121994032680204,1
121439612,CA65933,2025-06-12 00:00:00+00:00,0,test,0.558567364138328,0.4121994032680204,1
121450239,CA65933,2025-06-12 04:00:00+00:00,0,test,0.509594951685556,0.4121994032680204,1
121462987,CA65933,2025-06-12 08:00:00+00:00,0,test,0.5009590222990536,0.4121994032680204,1
121472826,CA65933,2025-06-12 12:00:00+00:00,0,test,0.49701319322390597,0.4121994032680204,1
121484293,CA65933,2025-06-12 16:00:00+00:00,0,test,0.4965599022591887,0.4121994032680204,1
121496369,CA65933,2025-06-12 20:00:00+00:00,1,test,0.5044810857624236,0.4121994032680204,1
121505500,CA65933,2025-06-13 00:00:00+00:00,1,test,0.7777587488749228,0.4121994032680204,1
121515642,CA65933,2025-06-13 04:00:00+00:00,0,test,0.638233050251774,0.4121994032680204,1
121525789,CA65933,2025-06-13 08:00:00+00:00,0,test,0.48126994201064055,0.4121994032680204,1
121535958,CA65933,2025-06-13 12:00:00+00:00,0,test,0.4611322472969137,0.4121994032680204,1
121553987,CA65933,2025-06-13 17:51:52+00:00,0,test,0.5203014798606015,0.4121994032680204,1
121564069,CA65933,2025-06-13 22:00:00+00:00,0,test,0.511895028271351,0.4121994032680204,1
121577112,CA65933,2025-06-14 02:00:00+00:00,0,test,0.49701319322390597,0.4121994032680204,1
121587392,CA65933,2025-06-14 06:00:00+00:00,1,test,0.4906106302462969,0.4121994032680204,1
121597731,CA65933,2025-06-14 10:00:00+00:00,0,test,0.6977594433941103,0.4121994032680204,1
121610127,CA65933,2025-06-14 14:00:00+00:00,0,test,0.5760042825159694,0.4121994032680204,1
121618993,CA65933,2025-06-14 18:00:00+00:00,0,test,0.5427986246179429,0.4121994032680204,1
121631182,CA65933,2025-06-14 22:00:00+00:00,0,test,0.5402312313307166,0.4121994032680204,1
121643315,CA65933,2025-06-15 02:00:00+00:00,0,test,0.510830351048187,0.4121994032680204,1
121651109,CA65933,2025-06-15 06:00:00+00:00,0,test,0.5140933326417588,0.4121994032680204,1
121662257,CA65933,2025-06-15 10:00:00+00:00,0,test,0.5140933326417588,0.4121994032680204,1
121670413,CA65933,2025-06-15 14:00:00+00:00,0,test,0.5064728939739324,0.4121994032680204,1
121682559,CA65933,2025-06-15 18:00:00+00:00,0,test,0.49060523753176727,0.4121994032680204,1
121692262,CA65933,2025-06-15 22:00:00+00:00,0,test,0.49060523753176727,0.4121994032680204,1
121701777,CA65933,2025-06-16 02:00:00+00:00,0,test,0.4621726309671817,0.4121994032680204,1
121712129,CA65933,2025-06-16 07:00:00+00:00,0,test,0.4302899869755635,0.4121994032680204,1
121730636,CA65933,2025-06-16 11:00:00+00:00,0,test,0.44473740206975154,0.4121994032680204,1
121768632,CA65933,2025-06-16 17:00:00+00:00,0,test,0.7075679106634591,0.4121994032680204,1
121829055,CA65933,2025-06-16 21:00:00+00:00,0,test,0.5720445629211474,0.4121994032680204,1
121847380,CA65933,2025-06-17 01:00:00+00:00,0,test,0.5663500257898835,0.4121994032680204,1
121856605,CA65933,2025-06-17 05:00:00+00:00,0,test,0.5800140914876711,0.4121994032680204,1
121866326,CA65933,2025-06-17 09:00:00+00:00,0,test,0.5713352239276952,0.4121994032680204,1
121884992,CA65933,2025-06-17 13:00:00+00:00,1,test,0.5677756844764952,0.4121994032680204,1
121913905,CA65933,2025-06-17 17:00:00+00:00,0,test,0.6580098279697312,0.4121994032680204,1
121926417,CA65933,2025-06-17 21:00:00+00:00,1,test,0.4850252398323492,0.4121994032680204,1
122706115,CA65933,2025-06-18 01:00:00+00:00,0,test,0.48307463559646363,0.4121994032680204,1
122990185,CA65933,2025-06-18 05:00:00+00:00,0,test,0.49986172622500114,0.4121994032680204,1
123006111,CA65933,2025-06-18 09:00:00+00:00,1,test,0.4938874779791474,0.4121994032680204,1
123018425,CA65933,2025-06-18 13:00:00+00:00,0,test,0.742848633116787,0.4121994032680204,1
123049693,CA65933,2025-06-18 17:00:00+00:00,0,test,0.587487688561237,0.4121994032680204,1
123115759,CA65933,2025-06-18 21:00:00+00:00,1,test,0.55307701382719,0.4121994032680204,1
123129674,CA65933,2025-06-19 01:00:00+00:00,1,test,0.7195690405912278,0.4121994032680204,1
123143554,CA65933,2025-06-19 05:00:00+00:00,1,test,0.8137901476712736,0.4121994032680204,1
123154844,CA65933,2025-06-19 09:00:00+00:00,1,test,0.9091164187625055,0.4121994032680204,1
123166146,CA65933,2025-06-19 13:00:00+00:00,0,test,0.8580987632877853,0.4121994032680204,1
123176732,CA65933,2025-06-19 17:00:00+00:00,0,test,0.7442257706440653,0.4121994032680204,1
123189835,CA65933,2025-06-19 21:00:00+00:00,0,test,0.6474740395882178,0.4121994032680204,1
123200172,CA65933,2025-06-20 01:00:00+00:00,1,test,0.5951926014354533,0.4121994032680204,1
123210696,CA65933,2025-06-20 05:00:00+00:00,0,test,0.8257316428451652,0.4121994032680204,1
123221768,CA65933,2025-06-20 09:00:00+00:00,0,test,0.6962782314743068,0.4121994032680204,1
123234623,CA65933,2025-06-20 13:00:00+00:00,1,test,0.505665439661236,0.4121994032680204,1
123246698,CA65933,2025-06-20 17:00:00+00:00,0,test,0.8541179744679992,0.4121994032680204,1
123258588,CA65933,2025-06-20 21:00:00+00:00,0,test,0.5302594464517706,0.4121994032680204,1
123270025,CA65933,2025-06-21 01:00:00+00:00,0,test,0.5209705501393003,0.4121994032680204,1
123283405,CA65933,2025-06-21 05:00:00+00:00,1,test,0.5095787991935959,0.4121994032680204,1
123295511,CA65933,2025-06-21 09:00:00+00:00,1,test,0.7495423010921974,0.4121994032680204,1
123308121,CA65933,2025-06-21 13:00:00+00:00,1,test,0.8331157138943469,0.4121994032680204,1
123316635,CA65933,2025-06-21 17:00:00+00:00,0,test,0.7982495526749015,0.4121994032680204,1
123329292,CA65933,2025-06-21 21:00:00+00:00,0,test,0.6961420279317282,0.4121994032680204,1
123339958,CA65933,2025-06-22 01:00:00+00:00,0,test,0.5761671924745644,0.4121994032680204,1
123348082,CA65933,2025-06-22 05:00:00+00:00,1,test,0.5761282915080383,0.4121994032680204,1
123361491,CA65933,2025-06-22 09:00:00+00:00,1,test,0.8805752262873545,0.4121994032680204,1
123369984,CA65933,2025-06-22 13:00:00+00:00,1,test,0.9499827009344847,0.4121994032680204,1
123383551,CA65933,2025-06-22 17:00:00+00:00,0,test,0.8729116855889232,0.4121994032680204,1
123394947,CA65933,2025-06-22 21:00:00+00:00,1,test,0.7341737122036187,0.4121994032680204,1
123405916,CA65933,2025-06-23 01:00:00+00:00,1,test,0.9515035803930371,0.4121994032680204,1
123417029,CA65933,2025-06-23 05:00:00+00:00,0,test,0.9111091031113179,0.4121994032680204,1
123430713,CA65933,2025-06-23 09:00:00+00:00,0,test,0.7514418765484889,0.4121994032680204,1
123438741,CA65933,2025-06-23 13:00:00+00:00,0,test,0.5461540671256893,0.4121994032680204,1
123448405,CA65933,2025-06-23 17:00:00+00:00,0,test,0.5169897414482335,0.4121994032680204,1
123458894,CA65933,2025-06-23 21:00:00+00:00,1,test,0.5948909182647818,0.4121994032680204,1
123472083,CA65933,2025-06-24 01:00:00+00:00,1,test,0.8342891869271287,0.4121994032680204,1
123480999,CA65933,2025-06-24 05:00:00+00:00,1,test,0.8348560434515263,0.4121994032680204,1
123491996,CA65933,2025-06-24 09:00:00+00:00,1,test,0.9607740603687613,0.4121994032680204,1
123505285,CA65933,2025-06-24 13:00:00+00:00,0,test,0.7854543791019575,0.4121994032680204,1
123937372,CA65933,2025-06-24 17:00:00+00:00,1,test,0.6851942094993612,0.4121994032680204,1
123952966,CA65933,2025-06-24 21:00:00+00:00,1,test,0.8616074771142795,0.4121994032680204,1
123967851,CA65933,2025-06-25 01:00:00+00:00,0,test,0.8543736265638769,0.4121994032680204,1
123978394,CA65933,2025-06-25 05:00:00+00:00,0,test,0.7403485718946345,0.4121994032680204,1
123989225,CA65933,2025-06-25 09:00:00+00:00,0,test,0.5186210707155646,0.4121994032680204,1
123998810,CA65933,2025-06-25 13:00:00+00:00,0,test,0.4983997717126049,0.4121994032680204,1
124012573,CA65933,2025-06-25 17:00:00+00:00,0,test,0.5331765401552492,0.4121994032680204,1
124031901,CA65933,2025-06-25 21:00:00+00:00,1,test,0.5262066305986862,0.4121994032680204,1
124041822,CA65933,2025-06-26 01:00:00+00:00,1,test,0.6255049154670725,0.4121994032680204,1
124053909,CA65933,2025-06-26 05:00:00+00:00,0,test,0.7594514316792277,0.4121994032680204,1
124068604,CA65933,2025-06-26 09:00:00+00:00,1,test,0.6015515140364244,0.4121994032680204,1
124077485,CA65933,2025-06-26 13:00:00+00:00,0,test,0.6378113071943751,0.4121994032680204,1
124092971,CA65933,2025-06-26 17:00:00+00:00,0,test,0.6166670049847106,0.4121994032680204,1
124115979,CA65933,2025-06-26 21:00:00+00:00,1,test,0.5631724582061247,0.4121994032680204,1
124127609,CA65933,2025-06-27 01:00:00+00:00,1,test,0.8554881660795443,0.4121994032680204,1
124138897,CA65933,2025-06-27 05:00:00+00:00,0,test,0.9168941463396489,0.4121994032680204,1
124149553,CA65933,2025-06-27 09:00:00+00:00,1,test,0.7610780587586272,0.4121994032680204,1
124159613,CA65933,2025-06-27 13:00:00+00:00,0,test,0.7023375089792853,0.4121994032680204,1
124174997,CA65933,2025-06-27 17:00:00+00:00,0,test,0.7105586986975915,0.4121994032680204,1
124197659,CA65933,2025-06-27 21:00:00+00:00,0,test,0.6308972953713093,0.4121994032680204,1
124206913,CA65933,2025-06-28 01:00:00+00:00,0,test,0.5740957123879947,0.4121994032680204,1
124219229,CA65933,2025-06-28 05:00:00+00:00,0,test,0.509594951685556,0.4121994032680204,1
124229832,CA65933,2025-06-28 09:00:00+00:00,0,test,0.5079909251526765,0.4121994032680204,1
124249432,CA65933,2025-06-28 13:00:00+00:00,0,test,0.5048654677690824,0.4121994032680204,1
124262000,CA65933,2025-06-28 17:00:00+00:00,0,test,0.44265343917204775,0.4121994032680204,1
124278820,CA65933,2025-06-28 21:00:00+00:00,0,test,0.45918793469935637,0.4121994032680204,1
124292516,CA65933,2025-06-29 01:00:00+00:00,0,test,0.4815205779413632,0.4121994032680204,1
124303603,CA65933,2025-06-29 05:00:00+00:00,0,test,0.44268653504368977,0.4121994032680204,1
120810100,CA65934,2025-06-02 15:00:00+00:00,0,test,0.5002395370924277,0.4121994032680204,1
120834070,CA65934,2025-06-02 19:00:00+00:00,0,test,0.501770946152359,0.4121994032680204,1
120843936,CA65934,2025-06-02 23:00:00+00:00,0,test,0.5088376977590101,0.4121994032680204,1
120852146,CA65934,2025-06-03 03:00:00+00:00,0,test,0.4882776348884578,0.4121994032680204,1
120861970,CA65934,2025-06-03 07:00:00+00:00,0,test,0.5004852011655763,0.4121994032680204,1
120871853,CA65934,2025-06-03 11:00:00+00:00,0,test,0.48758591576138566,0.4121994032680204,1
120883335,CA65934,2025-06-03 15:00:00+00:00,0,test,0.4994990237978975,0.4121994032680204,1
120893231,CA65934,2025-06-03 19:00:00+00:00,0,test,0.49641156917791746,0.4121994032680204,1
124027043,CA65934,2025-06-03 23:00:00+00:00,0,test,0.45019671202584083,0.4121994032680204,1
124027051,CA65934,2025-06-04 03:00:00+00:00,0,test,0.42163537628579434,0.4121994032680204,1
120945694,CA65934,2025-06-04 14:27:31+00:00,0,test,0.41486527425960357,0.4121994032680204,1
120955042,CA65934,2025-06-04 19:00:00+00:00,0,test,0.4221753635959594,0.4121994032680204,1
120965219,CA65934,2025-06-04 23:00:00+00:00,0,test,0.4270396451488516,0.4121994032680204,1
120976959,CA65934,2025-06-05 03:00:00+00:00,0,test,0.41334854829770346,0.4121994032680204,1
120987870,CA65934,2025-06-05 07:00:00+00:00,0,test,0.41377231703121703,0.4121994032680204,1
120997330,CA65934,2025-06-05 11:00:00+00:00,0,test,0.4403605404858293,0.4121994032680204,1
121012108,CA65934,2025-06-05 16:00:00+00:00,0,test,0.41931150183465143,0.4121994032680204,1
121024879,CA65934,2025-06-05 20:00:00+00:00,0,test,0.42612266338979865,0.4121994032680204,1
121036250,CA65934,2025-06-06 00:00:00+00:00,0,test,0.42218882593997664,0.4121994032680204,1
121055872,CA65934,2025-06-06 07:21:00+00:00,0,test,0.6602220537679352,0.4121994032680204,1
121067996,CA65934,2025-06-06 12:00:00+00:00,0,test,0.5671396429110389,0.4121994032680204,1
121081933,CA65934,2025-06-06 16:00:00+00:00,0,test,0.5477984951959244,0.4121994032680204,1
121091022,CA65934,2025-06-06 20:00:00+00:00,0,test,0.5248135510593566,0.4121994032680204,1
121101482,CA65934,2025-06-07 00:00:00+00:00,1,test,0.5295062870870445,0.4121994032680204,1
121115637,CA65934,2025-06-07 04:00:00+00:00,0,test,0.623291756498114,0.4121994032680204,1
121128633,CA65934,2025-06-07 08:00:00+00:00,0,test,0.5076511616535637,0.4121994032680204,1
121139082,CA65934,2025-06-07 12:00:00+00:00,0,test,0.48072657542876485,0.4121994032680204,1
121151564,CA65934,2025-06-07 16:00:00+00:00,1,test,0.5185535446739451,0.4121994032680204,1
121160062,CA65934,2025-06-07 20:00:00+00:00,0,test,0.5022556166680763,0.4121994032680204,1
121172750,CA65934,2025-06-08 00:00:00+00:00,0,test,0.49344833905425234,0.4121994032680204,1
121186299,CA65934,2025-06-08 04:00:00+00:00,0,test,0.4790675146623936,0.4121994032680204,1
121195589,CA65934,2025-06-08 08:00:00+00:00,0,test,0.49938883807319656,0.4121994032680204,1
121208100,CA65934,2025-06-08 12:00:00+00:00,0,test,0.5033192366028872,0.4121994032680204,1
121218902,CA65934,2025-06-08 16:00:00+00:00,0,test,0.5101979997404912,0.4121994032680204,1
121231333,CA65934,2025-06-08 20:00:00+00:00,0,test,0.5020885943182873,0.4121994032680204,1
121243201,CA65934,2025-06-09 00:00:00+00:00,0,test,0.5169366649537366,0.4121994032680204,1
121254106,CA65934,2025-06-09 04:00:00+00:00,1,test,0.5039002929192604,0.4121994032680204,1
121264242,CA65934,2025-06-09 08:00:00+00:00,1,test,0.8239358165405389,0.4121994032680204,1
121275465,CA65934,2025-06-09 12:00:00+00:00,0,test,0.678023251400124,0.4121994032680204,1
121286481,CA65934,2025-06-09 16:00:00+00:00,0,test,0.5306520727862051,0.4121994032680204,1
121297519,CA65934,2025-06-09 20:00:00+00:00,0,test,0.5519229082077712,0.4121994032680204,1
121307315,CA65934,2025-06-10 00:00:00+00:00,0,test,0.5499172985875312,0.4121994032680204,1
121319111,CA65934,2025-06-10 04:00:00+00:00,0,test,0.514864370122159,0.4121994032680204,1
121330054,CA65934,2025-06-10 08:00:00+00:00,1,test,0.5078321999265226,0.4121994032680204,1
121341666,CA65934,2025-06-10 12:00:00+00:00,0,test,0.6980618511113739,0.4121994032680204,1
121352377,CA65934,2025-06-10 16:00:00+00:00,1,test,0.4773572051239486,0.4121994032680204,1
121362225,CA65934,2025-06-10 20:00:00+00:00,0,test,0.6783084677917294,0.4121994032680204,1
121373820,CA65934,2025-06-11 00:00:00+00:00,0,test,0.5276003108004916,0.4121994032680204,1
121383525,CA65934,2025-06-11 04:00:00+00:00,0,test,0.5096976304353686,0.4121994032680204,1
121395409,CA65934,2025-06-11 08:00:00+00:00,0,test,0.5261833719887046,0.4121994032680204,1
121404535,CA65934,2025-06-11 12:00:00+00:00,0,test,0.4921235734931031,0.4121994032680204,1
121416997,CA65934,2025-06-11 16:00:00+00:00,0,test,0.5114719305269961,0.4121994032680204,1
121428759,CA65934,2025-06-11 20:00:00+00:00,0,test,0.471780755705096,0.4121994032680204,1
121441312,CA65934,2025-06-12 00:00:00+00:00,1,test,0.49639321265700953,0.4121994032680204,1
121450240,CA65934,2025-06-12 04:00:00+00:00,0,test,0.7432465065562595,0.4121994032680204,1
121462846,CA65934,2025-06-12 08:00:00+00:00,0,test,0.5729730839513185,0.4121994032680204,1
121475373,CA65934,2025-06-12 12:00:00+00:00,0,test,0.522956614976266,0.4121994032680204,1
121483722,CA65934,2025-06-12 16:00:00+00:00,0,test,0.5295062870870445,0.4121994032680204,1
121496241,CA65934,2025-06-12 20:00:00+00:00,0,test,0.5189333442892935,0.4121994032680204,1
121505501,CA65934,2025-06-13 00:00:00+00:00,0,test,0.5336241501292074,0.4121994032680204,1
121515643,CA65934,2025-06-13 04:00:00+00:00,0,test,0.5123312765975713,0.4121994032680204,1
121527829,CA65934,2025-06-13 08:00:00+00:00,0,test,0.5036376498090045,0.4121994032680204,1
121535959,CA65934,2025-06-13 12:00:00+00:00,0,test,0.4997805630749902,0.4121994032680204,1
121546727,CA65934,2025-06-13 16:00:00+00:00,0,test,0.5057155722046678,0.4121994032680204,1
121559083,CA65934,2025-06-13 20:00:00+00:00,0,test,0.5097410961875445,0.4121994032680204,1
121570046,CA65934,2025-06-14 00:00:00+00:00,0,test,0.45186776679327484,0.4121994032680204,1
121579853,CA65934,2025-06-14 04:00:00+00:00,1,test,0.44377296788552106,0.4121994032680204,1
121591882,CA65934,2025-06-14 08:00:00+00:00,0,test,0.5479341041673931,0.4121994032680204,1
121602566,CA65934,2025-06-14 12:00:00+00:00,0,test,0.5120799508763568,0.4121994032680204,1
121617781,CA65934,2025-06-14 16:00:00+00:00,0,test,0.5468629466049665,0.4121994032680204,1
121626772,CA65934,2025-06-14 20:00:00+00:00,0,test,0.5295062870870445,0.4121994032680204,1
121635680,CA65934,2025-06-15 00:00:00+00:00,0,test,0.5246405057967121,0.4121994032680204,1
121645875,CA65934,2025-06-15 04:00:00+00:00,0,test,0.4805817253245446,0.4121994032680204,1
121655873,CA65934,2025-06-15 08:00:00+00:00,0,test,0.4909633485523341,0.4121994032680204,1
121667462,CA65934,2025-06-15 12:00:00+00:00,0,test,0.44545895051509415,0.4121994032680204,1
121677338,CA65934,2025-06-15 16:00:00+00:00,0,test,0.4920261009275086,0.4121994032680204,1
121687091,CA65934,2025-06-15 20:00:00+00:00,0,test,0.4903352466453823,0.4121994032680204,1
121696487,CA65934,2025-06-16 00:00:00+00:00,0,test,0.5056890472348042,0.4121994032680204,1
121704336,CA65934,2025-06-16 04:00:00+00:00,0,test,0.43991322280408385,0.4121994032680204,1
121713630,CA65934,2025-06-16 08:00:00+00:00,0,test,0.44230160050880385,0.4121994032680204,1
121740565,CA65934,2025-06-16 15:00:00+00:00,0,test,0.4331842445933091,0.4121994032680204,1
121802208,CA65934,2025-06-16 19:00:00+00:00,0,test,0.437645593615851,0.4121994032680204,1
121839460,CA65934,2025-06-16 23:00:00+00:00,0,test,0.4441816301376093,0.4121994032680204,1
121850438,CA65934,2025-06-17 03:00:00+00:00,0,test,0.44040378591167606,0.4121994032680204,1
121860980,CA65934,2025-06-17 07:00:00+00:00,0,test,0.4356470736495665,0.4121994032680204,1
121876131,CA65934,2025-06-17 11:00:00+00:00,0,test,0.44040378591167606,0.4121994032680204,1
121916683,CA65934,2025-06-17 15:00:00+00:00,0,test,0.42601134411386277,0.4121994032680204,1
121924130,CA65934,2025-06-17 19:36:42+00:00,0,test,0.4214675338608923,0.4121994032680204,1
122428708,CA65934,2025-06-17 23:39:25+00:00,0,test,0.4268923824191129,0.4121994032680204,1
122991918,CA65934,2025-06-18 05:00:00+00:00,0,test,0.4315831264399862,0.4121994032680204,1
123204222,CA65934,2025-06-20 01:46:50+00:00,0,test,0.7600697521234675,0.4121994032680204,1
123213827,CA65934,2025-06-20 06:00:00+00:00,1,test,0.5699109298820851,0.4121994032680204,1
123226148,CA65934,2025-06-20 10:00:00+00:00,0,test,0.755878185910542,0.4121994032680204,1
123239919,CA65934,2025-06-20 14:00:00+00:00,0,test,0.46988104510315104,0.4121994032680204,1
123251311,CA65934,2025-06-20 18:00:00+00:00,0,test,0.5019520467084585,0.4121994032680204,1
123262692,CA65934,2025-06-20 22:00:00+00:00,1,test,0.5128645480461353,0.4121994032680204,1
123274548,CA65934,2025-06-21 02:00:00+00:00,0,test,0.587756425429999,0.4121994032680204,1
123285459,CA65934,2025-06-21 06:00:00+00:00,0,test,0.5037212426352055,0.4121994032680204,1
123297324,CA65934,2025-06-21 10:00:00+00:00,0,test,0.5019740490430572,0.4121994032680204,1
123310433,CA65934,2025-06-21 14:00:00+00:00,0,test,0.4951342173343475,0.4121994032680204,1
123321265,CA65934,2025-06-21 18:00:00+00:00,0,test,0.5142552798413863,0.4121994032680204,1
123330805,CA65934,2025-06-21 22:00:00+00:00,0,test,0.5291409750100649,0.4121994032680204,1
123340472,CA65934,2025-06-22 02:00:00+00:00,0,test,0.4849323332626627,0.4121994032680204,1
123352374,CA65934,2025-06-22 06:00:00+00:00,1,test,0.4868179006317485,0.4121994032680204,1
123364386,CA65934,2025-06-22 10:00:00+00:00,1,test,0.6205814149594573,0.4121994032680204,1
123374193,CA65934,2025-06-22 14:00:00+00:00,0,test,0.5268665263412063,0.4121994032680204,1
123386036,CA65934,2025-06-22 18:00:00+00:00,0,test,0.517805048116491,0.4121994032680204,1
123395634,CA65934,2025-06-22 22:00:00+00:00,0,test,0.5146682591980295,0.4121994032680204,1
123407651,CA65934,2025-06-23 02:00:00+00:00,0,test,0.49937267966565246,0.4121994032680204,1
123418606,CA65934,2025-06-23 06:00:00+00:00,0,test,0.50388615634332,0.4121994032680204,1
123430569,CA65934,2025-06-23 10:00:00+00:00,0,test,0.484206947124224,0.4121994032680204,1
123440847,CA65934,2025-06-23 14:00:00+00:00,0,test,0.49157457337552896,0.4121994032680204,1
123451144,CA65934,2025-06-23 18:00:00+00:00,0,test,0.5135405156394547,0.4121994032680204,1
123462643,CA65934,2025-06-23 22:00:00+00:00,0,test,0.4985985038330788,0.4121994032680204,1
123475841,CA65934,2025-06-24 02:00:00+00:00,0,test,0.4827855985253205,0.4121994032680204,1
123486908,CA65934,2025-06-24 06:00:00+00:00,0,test,0.42163537628579434,0.4121994032680204,1
123494926,CA65934,2025-06-24 10:00:00+00:00,0,test,0.4429963388237449,0.4121994032680204,1
123947488,CA65934,2025-06-24 20:00:00+00:00,0,test,0.4241658273599783,0.4121994032680204,1
123963910,CA65934,2025-06-25 00:00:00+00:00,0,test,0.42305431580290204,0.4121994032680204,1
123973289,CA65934,2025-06-25 04:00:00+00:00,0,test,0.42715763558082975,0.4121994032680204,1
123986357,CA65934,2025-06-25 08:00:00+00:00,0,test,0.4260936689513559,0.4121994032680204,1
123997239,CA65934,2025-06-25 12:00:00+00:00,0,test,0.4260936689513559,0.4121994032680204,1
124016153,CA65934,2025-06-25 18:00:00+00:00,0,test,0.4322996148372763,0.4121994032680204,1
124043293,CA65934,2025-06-26 01:00:00+00:00,0,test,0.4183615888040338,0.4121994032680204,1
124070545,CA65934,2025-06-26 09:25:40+00:00,0,test,0.412282371041274,0.4121994032680204,1
124269198,CA65934,2025-06-28 18:54:49+00:00,0,test,0.734847274243124,0.4121994032680204,1
124286679,CA65934,2025-06-28 23:00:00+00:00,0,test,0.5766317179065582,0.4121994032680204,1
124298495,CA65934,2025-06-29 03:00:00+00:00,0,test,0.5207676174627895,0.4121994032680204,1
124309934,CA65934,2025-06-29 07:00:00+00:00,0,test,0.5033192366028872,0.4121994032680204,1
124324322,CA65934,2025-06-29 11:00:00+00:00,0,test,0.5033192366028872,0.4121994032680204,1
124335779,CA65934,2025-06-29 15:00:00+00:00,0,test,0.5141430809650814,0.4121994032680204,1
124346427,CA65934,2025-06-29 19:00:00+00:00,0,test,0.5296518097542242,0.4121994032680204,1
124360360,CA65934,2025-06-29 23:00:00+00:00,1,test,0.5114680774284435,0.4121994032680204,1
124370950,CA65934,2025-06-30 03:00:00+00:00,1,test,0.5994190533862184,0.4121994032680204,1
124384274,CA65934,2025-06-30 07:00:00+00:00,1,test,0.7978202406672685,0.4121994032680204,1
124393380,CA65934,2025-06-30 11:00:00+00:00,1,test,0.873935364533719,0.4121994032680204,1
124406758,CA65934,2025-06-30 15:00:00+00:00,0,test,0.7701143526395009,0.4121994032680204,1
124423517,CA65934,2025-06-30 19:00:00+00:00,0,test,0.6281050800782958,0.4121994032680204,1
120810274,CA65935,2025-06-02 15:00:00+00:00,1,test,0.9160270296763687,0.4121994032680204,1
120832787,CA65935,2025-06-02 19:00:00+00:00,1,test,0.9617102430171263,0.4121994032680204,1
120844170,CA65935,2025-06-02 23:00:00+00:00,0,test,0.7269993731827886,0.4121994032680204,1
120852147,CA65935,2025-06-03 03:00:00+00:00,0,test,0.620498696047124,0.4121994032680204,1
120863517,CA65935,2025-06-03 07:00:00+00:00,0,test,0.5769047220152549,0.4121994032680204,1
120871854,CA65935,2025-06-03 11:00:00+00:00,0,test,0.5798394347407109,0.4121994032680204,1
120883336,CA65935,2025-06-03 15:00:00+00:00,1,test,0.6021944792579808,0.4121994032680204,1
120893232,CA65935,2025-06-03 19:00:00+00:00,1,test,0.9425712956148811,0.4121994032680204,1
124027068,CA65935,2025-06-03 23:00:00+00:00,1,test,0.9359617676941697,0.4121994032680204,1
124027074,CA65935,2025-06-04 03:00:00+00:00,1,test,0.9617102430171263,0.4121994032680204,1
124027089,CA65935,2025-06-04 07:00:00+00:00,0,test,0.8154853031738601,0.4121994032680204,1
120936234,CA65935,2025-06-04 11:00:00+00:00,0,test,0.8015321759058407,0.4121994032680204,1
120946519,CA65935,2025-06-04 15:00:00+00:00,0,test,0.6805662412134253,0.4121994032680204,1
120955043,CA65935,2025-06-04 19:00:00+00:00,0,test,0.6645088345383515,0.4121994032680204,1
120965220,CA65935,2025-06-04 23:00:00+00:00,0,test,0.6568672668171206,0.4121994032680204,1
120976356,CA65935,2025-06-05 03:00:00+00:00,1,test,0.5953149203520846,0.4121994032680204,1
120986282,CA65935,2025-06-05 07:00:00+00:00,1,test,0.7419568763612753,0.4121994032680204,1
120997331,CA65935,2025-06-05 11:00:00+00:00,1,test,0.809441412261836,0.4121994032680204,1
121008265,CA65935,2025-06-05 15:00:00+00:00,1,test,0.8652106373707548,0.4121994032680204,1
121022300,CA65935,2025-06-05 19:00:00+00:00,1,test,0.9617102430171263,0.4121994032680204,1
121034005,CA65935,2025-06-05 23:00:00+00:00,0,test,0.8831166745103665,0.4121994032680204,1
121042095,CA65935,2025-06-06 03:00:00+00:00,0,test,0.7721111338169907,0.4121994032680204,1
121053154,CA65935,2025-06-06 07:00:00+00:00,0,test,0.6992009285160963,0.4121994032680204,1
121064830,CA65935,2025-06-06 11:00:00+00:00,1,test,0.6497340159132691,0.4121994032680204,1
121076038,CA65935,2025-06-06 15:00:00+00:00,1,test,0.9172660058992658,0.4121994032680204,1
121091024,CA65935,2025-06-06 19:00:00+00:00,1,test,0.8815332035203206,0.4121994032680204,1
121100701,CA65935,2025-06-06 23:00:00+00:00,0,test,0.8841428416673549,0.4121994032680204,1
121113961,CA65935,2025-06-07 03:00:00+00:00,0,test,0.7498655433115762,0.4121994032680204,1
121124573,CA65935,2025-06-07 07:00:00+00:00,1,test,0.6579798960539585,0.4121994032680204,1
121137576,CA65935,2025-06-07 11:00:00+00:00,1,test,0.9123972632902431,0.4121994032680204,1
121147425,CA65935,2025-06-07 15:00:00+00:00,1,test,0.8285743885444263,0.4121994032680204,1
121157001,CA65935,2025-06-07 19:00:00+00:00,0,test,0.8198854100617735,0.4121994032680204,1
121169091,CA65935,2025-06-07 23:00:00+00:00,0,test,0.6229413155169304,0.4121994032680204,1
121183783,CA65935,2025-06-08 03:30:23+00:00,0,test,0.46024532031375087,0.4121994032680204,1
121196593,CA65935,2025-06-08 07:57:37+00:00,0,test,0.5476171779223349,0.4121994032680204,1
121206810,CA65935,2025-06-08 12:00:00+00:00,1,test,0.5085717291280046,0.4121994032680204,1
121220993,CA65935,2025-06-08 16:00:00+00:00,1,test,0.8291666417128399,0.4121994032680204,1
121229458,CA65935,2025-06-08 20:00:00+00:00,0,test,0.47083877983834116,0.4121994032680204,1
121240848,CA65935,2025-06-09 00:00:00+00:00,0,test,0.4802654841823733,0.4121994032680204,1
121251925,CA65935,2025-06-09 04:00:00+00:00,0,test,0.4654846809261307,0.4121994032680204,1
121262568,CA65935,2025-06-09 08:00:00+00:00,0,test,0.42206129300881545,0.4121994032680204,1
121273828,CA65935,2025-06-09 12:00:00+00:00,0,test,0.4324365069335672,0.4121994032680204,1
121557324,CA65935,2025-06-13 19:21:53+00:00,1,test,0.9607740603687613,0.4121994032680204,1
121567822,CA65935,2025-06-13 23:32:30+00:00,0,test,0.8953025169363811,0.4121994032680204,1
121579854,CA65935,2025-06-14 04:00:00+00:00,1,test,0.7391668520777338,0.4121994032680204,1
121590598,CA65935,2025-06-14 08:00:00+00:00,0,test,0.8132037582239681,0.4121994032680204,1
121602567,CA65935,2025-06-14 12:00:00+00:00,0,test,0.703823633332935,0.4121994032680204,1
121613394,CA65935,2025-06-14 16:00:00+00:00,0,test,0.5267363270316066,0.4121994032680204,1
121624297,CA65935,2025-06-14 20:00:00+00:00,0,test,0.5034105172298473,0.4121994032680204,1
121638255,CA65935,2025-06-15 00:00:00+00:00,0,test,0.46798277940507177,0.4121994032680204,1
121648230,CA65935,2025-06-15 04:00:00+00:00,0,test,0.42723989342514457,0.4121994032680204,1
121655983,CA65935,2025-06-15 08:00:00+00:00,0,test,0.46724117657288483,0.4121994032680204,1
121665894,CA65935,2025-06-15 12:00:00+00:00,1,test,0.45707318562124777,0.4121994032680204,1
121676997,CA65935,2025-06-15 16:00:00+00:00,0,test,0.4415572394820847,0.4121994032680204,1
121687454,CA65935,2025-06-15 20:00:00+00:00,0,test,0.47527362926937194,0.4121994032680204,1
121695015,CA65935,2025-06-16 00:00:00+00:00,0,test,0.4615393491303462,0.4121994032680204,1
121706276,CA65935,2025-06-16 04:00:00+00:00,0,test,0.41288631766213435,0.4121994032680204,1
121822434,CA65935,2025-06-16 21:00:00+00:00,0,test,0.6436650358604136,0.4121994032680204,1
121925892,CA65935,2025-06-17 19:56:49+00:00,0,test,0.511608894355365,0.4121994032680204,1
122512662,CA65935,2025-06-18 00:00:00+00:00,0,test,0.4280670850364764,0.4121994032680204,1
123005274,CA65935,2025-06-18 07:55:54+00:00,0,test,0.43569344569030144,0.4121994032680204,1
123022003,CA65935,2025-06-18 14:00:00+00:00,0,test,0.41512463910444347,0.4121994032680204,1
123124210,CA65935,2025-06-18 22:52:33+00:00,0,test,0.7955711837626833,0.4121994032680204,1
123137767,CA65935,2025-06-19 02:55:56+00:00,0,test,0.433925275083807,0.4121994032680204,1
123147064,CA65935,2025-06-19 07:00:00+00:00,0,test,0.4344140940416148,0.4121994032680204,1
123159111,CA65935,2025-06-19 11:00:00+00:00,0,test,0.46630133822686964,0.4121994032680204,1
123171079,CA65935,2025-06-19 15:00:00+00:00,0,test,0.4629413110394589,0.4121994032680204,1
123181331,CA65935,2025-06-19 19:00:00+00:00,0,test,0.4629413110394589,0.4121994032680204,1
123196031,CA65935,2025-06-19 23:00:00+00:00,1,test,0.4448978158511005,0.4121994032680204,1
123205201,CA65935,2025-06-20 03:00:00+00:00,1,test,0.47970236808988037,0.4121994032680204,1
123216452,CA65935,2025-06-20 07:00:00+00:00,0,test,0.4783531029330263,0.4121994032680204,1
123231678,CA65935,2025-06-20 11:00:00+00:00,0,test,0.46050190570527105,0.4121994032680204,1
123243165,CA65935,2025-06-20 15:00:00+00:00,0,test,0.4932704351318471,0.4121994032680204,1
123255131,CA65935,2025-06-20 19:00:00+00:00,1,test,0.48732791256326596,0.4121994032680204,1
123263848,CA65935,2025-06-20 23:00:00+00:00,1,test,0.5398335951033965,0.4121994032680204,1
123278254,CA65935,2025-06-21 03:00:00+00:00,0,test,0.549041058302983,0.4121994032680204,1
123287448,CA65935,2025-06-21 07:00:00+00:00,0,test,0.47197069604392466,0.4121994032680204,1
123300440,CA65935,2025-06-21 11:00:00+00:00,0,test,0.472489724484423,0.4121994032680204,1
123311051,CA65935,2025-06-21 15:00:00+00:00,0,test,0.49275762868811573,0.4121994032680204,1
123321951,CA65935,2025-06-21 19:00:00+00:00,1,test,0.4953114642703306,0.4121994032680204,1
123332512,CA65935,2025-06-21 23:00:00+00:00,0,test,0.5653397328122632,0.4121994032680204,1
123344020,CA65935,2025-06-22 03:00:00+00:00,0,test,0.45451050340072435,0.4121994032680204,1
123353914,CA65935,2025-06-22 07:00:00+00:00,0,test,0.4691084169320906,0.4121994032680204,1
123366907,CA65935,2025-06-22 11:00:00+00:00,1,test,0.4647044533431509,0.4121994032680204,1
123375445,CA65935,2025-06-22 15:00:00+00:00,0,test,0.8122676694707361,0.4121994032680204,1
123388617,CA65935,2025-06-22 19:00:00+00:00,0,test,0.47447461196218926,0.4121994032680204,1
123399833,CA65935,2025-06-22 23:00:00+00:00,0,test,0.46522659643112113,0.4121994032680204,1
123409294,CA65935,2025-06-23 03:00:00+00:00,1,test,0.4245223105838578,0.4121994032680204,1
123420158,CA65935,2025-06-23 07:00:00+00:00,1,test,0.8438369984135901,0.4121994032680204,1
123434386,CA65935,2025-06-23 11:00:00+00:00,0,test,0.756092533749798,0.4121994032680204,1
123444835,CA65935,2025-06-23 15:00:00+00:00,0,test,0.5562471101478007,0.4121994032680204,1
123456172,CA65935,2025-06-23 19:00:00+00:00,0,test,0.593254734954769,0.4121994032680204,1
123464726,CA65935,2025-06-23 23:00:00+00:00,0,test,0.591144534252789,0.4121994032680204,1
123477564,CA65935,2025-06-24 03:00:00+00:00,0,test,0.5100820709128145,0.4121994032680204,1
123486910,CA65935,2025-06-24 07:00:00+00:00,0,test,0.42820505295969785,0.4121994032680204,1
123937386,CA65935,2025-06-24 17:00:00+00:00,0,test,0.4545774039989612,0.4121994032680204,1
123957700,CA65935,2025-06-24 21:30:18+00:00,0,test,0.42210503786040193,0.4121994032680204,1
123967854,CA65935,2025-06-25 02:00:00+00:00,0,test,0.42075468575231095,0.4121994032680204,1
124061423,CA65935,2025-06-26 06:36:00+00:00,0,test,0.8244077154460608,0.4121994032680204,1
124071923,CA65935,2025-06-26 10:48:48+00:00,0,test,0.43828343480162835,0.4121994032680204,1
124084977,CA65935,2025-06-26 14:56:40+00:00,0,test,0.46616616067819516,0.4121994032680204,1
124099691,CA65935,2025-06-26 18:57:07+00:00,0,test,0.4641782746881183,0.4121994032680204,1
124121510,CA65935,2025-06-26 23:00:00+00:00,0,test,0.4448978158511005,0.4121994032680204,1
124132781,CA65935,2025-06-27 03:00:00+00:00,1,test,0.4281641637599191,0.4121994032680204,1
124141958,CA65935,2025-06-27 07:00:00+00:00,0,test,0.7349801351241152,0.4121994032680204,1
124153199,CA65935,2025-06-27 11:00:00+00:00,0,test,0.4276120750979267,0.4121994032680204,1
124167870,CA65935,2025-06-27 15:00:00+00:00,1,test,0.4664643627173674,0.4121994032680204,1
124183555,CA65935,2025-06-27 19:00:00+00:00,1,test,0.7449260691297053,0.4121994032680204,1
124202374,CA65935,2025-06-27 23:00:00+00:00,1,test,0.709312993774481,0.4121994032680204,1
124213411,CA65935,2025-06-28 03:00:00+00:00,1,test,0.6478444399223817,0.4121994032680204,1
124224653,CA65935,2025-06-28 07:00:00+00:00,1,test,0.8254759848273072,0.4121994032680204,1
124237037,CA65935,2025-06-28 11:00:00+00:00,0,test,0.7280276089985028,0.4121994032680204,1
124257739,CA65935,2025-06-28 15:00:00+00:00,0,test,0.6115399493283266,0.4121994032680204,1
124269199,CA65935,2025-06-28 19:00:00+00:00,0,test,0.5815067636971983,0.4121994032680204,1
124285184,CA65935,2025-06-28 23:00:00+00:00,0,test,0.5795829423887819,0.4121994032680204,1
124297191,CA65935,2025-06-29 03:00:00+00:00,0,test,0.5076035885457344,0.4121994032680204,1
124312359,CA65935,2025-06-29 07:00:00+00:00,1,test,0.46630133822686964,0.4121994032680204,1
124325317,CA65935,2025-06-29 11:00:00+00:00,0,test,0.7444797545636801,0.4121994032680204,1
124335780,CA65935,2025-06-29 15:00:00+00:00,0,test,0.45697775334725416,0.4121994032680204,1
124346428,CA65935,2025-06-29 19:00:00+00:00,0,test,0.46522659643112113,0.4121994032680204,1
124359025,CA65935,2025-06-29 23:00:00+00:00,0,test,0.4924720685321253,0.4121994032680204,1
124378278,CA65935,2025-06-30 04:45:18+00:00,0,test,0.428457567216067,0.4121994032680204,1
124387469,CA65935,2025-06-30 08:46:13+00:00,0,test,0.43743016319225664,0.4121994032680204,1
124399666,CA65935,2025-06-30 13:00:00+00:00,0,test,0.46724117657288483,0.4121994032680204,1
124411094,CA65935,2025-06-30 17:00:00+00:00,0,test,0.4617713905845076,0.4121994032680204,1
124438866,CA65935,2025-06-30 21:00:00+00:00,1,test,0.4498661675402134,0.4121994032680204,1
124449716,CA65935,2025-07-01 01:00:00+00:00,1,test,0.75254435997015,0.4121994032680204,1
120810348,CA65936,2025-06-02 15:00:00+00:00,1,test,0.5191470890229987,0.4121994032680204,1
120834632,CA65936,2025-06-02 19:00:00+00:00,0,test,0.8061287240345106,0.4121994032680204,1
120842320,CA65936,2025-06-02 23:00:00+00:00,0,test,0.6251279790625928,0.4121994032680204,1
120852148,CA65936,2025-06-03 03:00:00+00:00,0,test,0.5368197883011796,0.4121994032680204,1
120863851,CA65936,2025-06-03 07:00:00+00:00,0,test,0.4898700911945704,0.4121994032680204,1
120871855,CA65936,2025-06-03 11:00:00+00:00,1,test,0.49504765874173867,0.4121994032680204,1
120885552,CA65936,2025-06-03 15:00:00+00:00,0,test,0.5641932927554993,0.4121994032680204,1
120893233,CA65936,2025-06-03 19:00:00+00:00,0,test,0.5190835042218833,0.4121994032680204,1
124027097,CA65936,2025-06-03 23:00:00+00:00,0,test,0.44255538548392026,0.4121994032680204,1
124027103,CA65936,2025-06-04 03:00:00+00:00,0,test,0.4632331931356574,0.4121994032680204,1
124027111,CA65936,2025-06-04 07:00:00+00:00,1,test,0.46238011902808557,0.4121994032680204,1
120936235,CA65936,2025-06-04 11:00:00+00:00,0,test,0.5749947969729617,0.4121994032680204,1
120945124,CA65936,2025-06-04 15:00:00+00:00,0,test,0.5134996869331773,0.4121994032680204,1
120957218,CA65936,2025-06-04 19:00:00+00:00,0,test,0.5176820503252768,0.4121994032680204,1
120967461,CA65936,2025-06-04 23:00:00+00:00,0,test,0.516733839795807,0.4121994032680204,1
120977867,CA65936,2025-06-05 03:00:00+00:00,1,test,0.4905199028228816,0.4121994032680204,1
120988645,CA65936,2025-06-05 07:00:00+00:00,0,test,0.4853711701869976,0.4121994032680204,1
120997333,CA65936,2025-06-05 11:00:00+00:00,0,test,0.5030151651412617,0.4121994032680204,1
121010955,CA65936,2025-06-05 15:00:00+00:00,0,test,0.5225542389160314,0.4121994032680204,1
121022302,CA65936,2025-06-05 19:00:00+00:00,0,test,0.513610744130354,0.4121994032680204,1
121033111,CA65936,2025-06-05 23:00:00+00:00,0,test,0.5075027578015494,0.4121994032680204,1
121042096,CA65936,2025-06-06 03:00:00+00:00,0,test,0.44637526524824583,0.4121994032680204,1
121055586,CA65936,2025-06-06 07:00:00+00:00,0,test,0.4749129435643579,0.4121994032680204,1
121065482,CA65936,2025-06-06 11:00:00+00:00,1,test,0.4705462902708901,0.4121994032680204,1
121078848,CA65936,2025-06-06 15:00:00+00:00,1,test,0.7047529590484911,0.4121994032680204,1
121090260,CA65936,2025-06-06 19:00:00+00:00,0,test,0.5080698043511952,0.4121994032680204,1
121099207,CA65936,2025-06-06 23:00:00+00:00,1,test,0.5252914538247864,0.4121994032680204,1
121113962,CA65936,2025-06-07 03:00:00+00:00,1,test,0.8262567441853065,0.4121994032680204,1
121123255,CA65936,2025-06-07 07:00:00+00:00,0,test,0.5840383896412451,0.4121994032680204,1
121134992,CA65936,2025-06-07 11:00:00+00:00,0,test,0.5659710607973462,0.4121994032680204,1
121146195,CA65936,2025-06-07 15:00:00+00:00,0,test,0.5334385115870165,0.4121994032680204,1
121159206,CA65936,2025-06-07 19:00:00+00:00,1,test,0.5303252472780389,0.4121994032680204,1
121171557,CA65936,2025-06-07 23:00:00+00:00,1,test,0.7230910755888827,0.4121994032680204,1
121183341,CA65936,2025-06-08 03:00:00+00:00,0,test,0.6201171318123947,0.4121994032680204,1
121195069,CA65936,2025-06-08 07:00:00+00:00,0,test,0.4958978726024166,0.4121994032680204,1
121205743,CA65936,2025-06-08 11:00:00+00:00,0,test,0.49634829495292343,0.4121994032680204,1
121216063,CA65936,2025-06-08 15:00:00+00:00,0,test,0.516733839795807,0.4121994032680204,1
121229459,CA65936,2025-06-08 19:00:00+00:00,0,test,0.508944434010245,0.4121994032680204,1
121240436,CA65936,2025-06-08 23:00:00+00:00,1,test,0.516733839795807,0.4121994032680204,1
121250146,CA65936,2025-06-09 03:00:00+00:00,0,test,0.5012546229803708,0.4121994032680204,1
121260029,CA65936,2025-06-09 07:00:00+00:00,0,test,0.4900873943139854,0.4121994032680204,1
121272764,CA65936,2025-06-09 11:00:00+00:00,0,test,0.48976074634204325,0.4121994032680204,1
121284161,CA65936,2025-06-09 15:00:00+00:00,0,test,0.5040651705409278,0.4121994032680204,1
121292404,CA65936,2025-06-09 19:00:00+00:00,1,test,0.5118577398153711,0.4121994032680204,1
121305743,CA65936,2025-06-09 23:00:00+00:00,0,test,0.6669376547003805,0.4121994032680204,1
121315227,CA65936,2025-06-10 03:00:00+00:00,0,test,0.4810565124842347,0.4121994032680204,1
121328225,CA65936,2025-06-10 07:00:00+00:00,1,test,0.5041667672571774,0.4121994032680204,1
121339387,CA65936,2025-06-10 11:00:00+00:00,1,test,0.6636160265665411,0.4121994032680204,1
121351103,CA65936,2025-06-10 15:00:00+00:00,0,test,0.5322606547958054,0.4121994032680204,1
121361405,CA65936,2025-06-10 19:00:00+00:00,0,test,0.525680343102133,0.4121994032680204,1
121369999,CA65936,2025-06-10 23:00:00+00:00,1,test,0.5150956418442064,0.4121994032680204,1
121379744,CA65936,2025-06-11 03:00:00+00:00,0,test,0.533579602657667,0.4121994032680204,1
121390739,CA65936,2025-06-11 07:00:00+00:00,0,test,0.5004860766465514,0.4121994032680204,1
121404537,CA65936,2025-06-11 11:00:00+00:00,1,test,0.4898017875944947,0.4121994032680204,1
121413960,CA65936,2025-06-11 15:00:00+00:00,0,test,0.5832113143493851,0.4121994032680204,1
121424600,CA65936,2025-06-11 19:00:00+00:00,0,test,0.49828401977380604,0.4121994032680204,1
121437660,CA65936,2025-06-11 23:00:00+00:00,1,test,0.5073315793570521,0.4121994032680204,1
121449585,CA65936,2025-06-12 03:00:00+00:00,0,test,0.5667111868996476,0.4121994032680204,1
121458721,CA65936,2025-06-12 07:00:00+00:00,0,test,0.47508379242597576,0.4121994032680204,1
121470379,CA65936,2025-06-12 11:00:00+00:00,0,test,0.4832432023368079,0.4121994032680204,1
121481107,CA65936,2025-06-12 15:00:00+00:00,0,test,0.516733839795807,0.4121994032680204,1
121491542,CA65936,2025-06-12 19:00:00+00:00,1,test,0.5087330911150355,0.4121994032680204,1
121504557,CA65936,2025-06-12 23:00:00+00:00,0,test,0.7273326791271736,0.4121994032680204,1
121514397,CA65936,2025-06-13 03:00:00+00:00,1,test,0.5781159496853104,0.4121994032680204,1
121524706,CA65936,2025-06-13 07:00:00+00:00,1,test,0.7436829037012771,0.4121994032680204,1
121535627,CA65936,2025-06-13 11:00:00+00:00,1,test,0.8588379852610515,0.4121994032680204,1
121545884,CA65936,2025-06-13 15:00:00+00:00,0,test,0.8201940878984546,0.4121994032680204,1
121555341,CA65936,2025-06-13 19:00:00+00:00,0,test,0.6276397007732493,0.4121994032680204,1
121564727,CA65936,2025-06-13 23:00:00+00:00,0,test,0.5690458337550662,0.4121994032680204,1
121577116,CA65936,2025-06-14 03:00:00+00:00,1,test,0.5064517191603384,0.4121994032680204,1
121590599,CA65936,2025-06-14 07:00:00+00:00,0,test,0.5943333998689458,0.4121994032680204,1
121601201,CA65936,2025-06-14 11:00:00+00:00,0,test,0.5482512609291534,0.4121994032680204,1
121612392,CA65936,2025-06-14 15:00:00+00:00,1,test,0.516733839795807,0.4121994032680204,1
121622498,CA65936,2025-06-14 19:00:00+00:00,1,test,0.8541179744679992,0.4121994032680204,1
121633601,CA65936,2025-06-14 23:00:00+00:00,0,test,0.6361636940167219,0.4121994032680204,1
121645877,CA65936,2025-06-15 03:00:00+00:00,1,test,0.5992707910652486,0.4121994032680204,1
121654504,CA65936,2025-06-15 07:00:00+00:00,1,test,0.6714214432825863,0.4121994032680204,1
121662261,CA65936,2025-06-15 11:00:00+00:00,0,test,0.6316846927930931,0.4121994032680204,1
121672819,CA65936,2025-06-15 15:00:00+00:00,0,test,0.6081253621735675,0.4121994032680204,1
121685161,CA65936,2025-06-15 19:00:00+00:00,0,test,0.5265070026247033,0.4121994032680204,1
121694137,CA65936,2025-06-15 23:00:00+00:00,0,test,0.5303252472780389,0.4121994032680204,1
121703859,CA65936,2025-06-16 03:00:00+00:00,1,test,0.494460632468552,0.4121994032680204,1
121711397,CA65936,2025-06-16 07:00:00+00:00,0,test,0.48898466340332936,0.4121994032680204,1
121730659,CA65936,2025-06-16 11:00:00+00:00,0,test,0.49576839531094696,0.4121994032680204,1
121732924,CA65936,2025-06-16 15:00:00+00:00,0,test,0.5225542389160314,0.4121994032680204,1
121802210,CA65936,2025-06-16 19:00:00+00:00,1,test,0.513610744130354,0.4121994032680204,1
121839470,CA65936,2025-06-16 23:00:00+00:00,0,test,0.48532745095394053,0.4121994032680204,1
121852160,CA65936,2025-06-17 03:00:00+00:00,0,test,0.48920430023879447,0.4121994032680204,1
121859657,CA65936,2025-06-17 07:00:00+00:00,1,test,0.4905199028228816,0.4121994032680204,1
121875945,CA65936,2025-06-17 11:00:00+00:00,1,test,0.7287952156244191,0.4121994032680204,1
121901319,CA65936,2025-06-17 15:00:00+00:00,0,test,0.5167642543205129,0.4121994032680204,1
121918183,CA65936,2025-06-17 19:00:00+00:00,0,test,0.5276925404950269,0.4121994032680204,1
122263445,CA65936,2025-06-17 23:00:00+00:00,1,test,0.5194337759704117,0.4121994032680204,1
122978836,CA65936,2025-06-18 03:00:00+00:00,0,test,0.5137101499235813,0.4121994032680204,1
122996789,CA65936,2025-06-18 07:00:00+00:00,0,test,0.48878373930652025,0.4121994032680204,1
123012001,CA65936,2025-06-18 11:00:00+00:00,0,test,0.49050375020923276,0.4121994032680204,1
123029799,CA65936,2025-06-18 15:00:00+00:00,0,test,0.516733839795807,0.4121994032680204,1
123104958,CA65936,2025-06-18 19:00:00+00:00,1,test,0.5050950076613228,0.4121994032680204,1
123125546,CA65936,2025-06-18 23:00:00+00:00,0,test,0.48893046579390687,0.4121994032680204,1
123137923,CA65936,2025-06-19 03:00:00+00:00,1,test,0.48172545770755915,0.4121994032680204,1
123149804,CA65936,2025-06-19 07:00:00+00:00,0,test,0.6907973528831434,0.4121994032680204,1
123161398,CA65936,2025-06-19 11:00:00+00:00,0,test,0.5194247832948575,0.4121994032680204,1
123171576,CA65936,2025-06-19 15:00:00+00:00,0,test,0.5481151444482084,0.4121994032680204,1
123181332,CA65936,2025-06-19 19:00:00+00:00,0,test,0.5200896433533393,0.4121994032680204,1
123195102,CA65936,2025-06-19 23:00:00+00:00,1,test,0.5160167626076083,0.4121994032680204,1
123205202,CA65936,2025-06-20 03:00:00+00:00,0,test,0.4680681825696059,0.4121994032680204,1
123216453,CA65936,2025-06-20 07:00:00+00:00,0,test,0.48627171345962544,0.4121994032680204,1
123228258,CA65936,2025-06-20 11:00:00+00:00,0,test,0.4807959836158274,0.4121994032680204,1
123241167,CA65936,2025-06-20 15:00:00+00:00,0,test,0.5181961813990076,0.4121994032680204,1
123254996,CA65936,2025-06-20 19:00:00+00:00,0,test,0.516733839795807,0.4121994032680204,1
123265640,CA65936,2025-06-20 23:00:00+00:00,1,test,0.513610744130354,0.4121994032680204,1
123275847,CA65936,2025-06-21 03:00:00+00:00,0,test,0.43779355770281403,0.4121994032680204,1
123289828,CA65936,2025-06-21 07:00:00+00:00,0,test,0.48004317386526546,0.4121994032680204,1
123298728,CA65936,2025-06-21 11:00:00+00:00,0,test,0.43283934300298954,0.4121994032680204,1
123313143,CA65936,2025-06-21 15:00:00+00:00,0,test,0.5011924500066346,0.4121994032680204,1
123323430,CA65936,2025-06-21 19:00:00+00:00,0,test,0.5050950076613228,0.4121994032680204,1
123332513,CA65936,2025-06-21 23:00:00+00:00,1,test,0.5176767296587458,0.4121994032680204,1
123344722,CA65936,2025-06-22 03:00:00+00:00,0,test,0.4362605634775649,0.4121994032680204,1
123355410,CA65936,2025-06-22 07:00:00+00:00,0,test,0.4837670506940078,0.4121994032680204,1
123366744,CA65936,2025-06-22 11:00:00+00:00,0,test,0.49292737533055825,0.4121994032680204,1
123377288,CA65936,2025-06-22 15:00:00+00:00,1,test,0.5191388731910184,0.4121994032680204,1
123388883,CA65936,2025-06-22 19:00:00+00:00,0,test,0.5994490900824796,0.4121994032680204,1
123398449,CA65936,2025-06-22 23:00:00+00:00,0,test,0.523366297932344,0.4121994032680204,1
123410350,CA65936,2025-06-23 03:00:00+00:00,0,test,0.5141253022810874,0.4121994032680204,1
123421922,CA65936,2025-06-23 07:00:00+00:00,0,test,0.5075769960354118,0.4121994032680204,1
123434218,CA65936,2025-06-23 11:00:00+00:00,1,test,0.4865770633752743,0.4121994032680204,1
123442598,CA65936,2025-06-23 15:00:00+00:00,1,test,0.8291666417128399,0.4121994032680204,1
123455164,CA65936,2025-06-23 19:00:00+00:00,0,test,0.4733180257878495,0.4121994032680204,1
123464727,CA65936,2025-06-23 23:00:00+00:00,1,test,0.5223148760999743,0.4121994032680204,1
123475844,CA65936,2025-06-24 03:00:00+00:00,1,test,0.7852950073379761,0.4121994032680204,1
123488687,CA65936,2025-06-24 07:00:00+00:00,0,test,0.8265374892398276,0.4121994032680204,1
123497654,CA65936,2025-06-24 11:00:00+00:00,0,test,0.6488134044447366,0.4121994032680204,1
123509646,CA65936,2025-06-24 15:00:00+00:00,1,test,0.4880638074982681,0.4121994032680204,1
123945968,CA65936,2025-06-24 19:00:00+00:00,1,test,0.7649889288759681,0.4121994032680204,1
123960741,CA65936,2025-06-24 23:00:00+00:00,1,test,0.5164677607416448,0.4121994032680204,1
123970894,CA65936,2025-06-25 03:00:00+00:00,0,test,0.5406425112931518,0.4121994032680204,1
123983328,CA65936,2025-06-25 07:00:00+00:00,0,test,0.565114648342929,0.4121994032680204,1
123995214,CA65936,2025-06-25 11:00:00+00:00,1,test,0.49050375020923276,0.4121994032680204,1
124006944,CA65936,2025-06-25 15:00:00+00:00,1,test,0.7349934311860271,0.4121994032680204,1
124021166,CA65936,2025-06-25 19:00:00+00:00,0,test,0.5498251487500924,0.4121994032680204,1
124036564,CA65936,2025-06-25 23:00:00+00:00,0,test,0.5338995428265747,0.4121994032680204,1
124049417,CA65936,2025-06-26 03:00:00+00:00,1,test,0.48271479554124097,0.4121994032680204,1
124061424,CA65936,2025-06-26 07:00:00+00:00,0,test,0.4667045953101977,0.4121994032680204,1
124071924,CA65936,2025-06-26 11:00:00+00:00,0,test,0.46463594839037586,0.4121994032680204,1
124299762,CA65936,2025-06-29 03:00:00+00:00,0,test,0.4330679622661001,0.4121994032680204,1
124336426,CA65936,2025-06-29 14:09:33+00:00,0,test,0.41432090673260447,0.4121994032680204,1
120973944,CA65937,2025-06-05 01:13:22+00:00,1,test,0.7761963016707852,0.4121994032680204,1
120987165,CA65937,2025-06-05 07:00:00+00:00,1,test,0.4286030370015959,0.4121994032680204,1
120997334,CA65937,2025-06-05 11:00:00+00:00,1,test,0.4460416131096272,0.4121994032680204,1
121008267,CA65937,2025-06-05 15:00:00+00:00,0,test,0.7611054037916736,0.4121994032680204,1
121019260,CA65937,2025-06-05 19:00:00+00:00,0,test,0.48586796615384026,0.4121994032680204,1
121031353,CA65937,2025-06-05 23:00:00+00:00,0,test,0.5571028303435154,0.4121994032680204,1
121042097,CA65937,2025-06-06 03:00:00+00:00,0,test,0.4733227715988078,0.4121994032680204,1
121055309,CA65937,2025-06-06 07:00:00+00:00,0,test,0.4681362455852554,0.4121994032680204,1
121066577,CA65937,2025-06-06 11:00:00+00:00,0,test,0.41834283762594426,0.4121994032680204,1
121077573,CA65937,2025-06-06 15:00:00+00:00,1,test,0.4384252730919701,0.4121994032680204,1
121090262,CA65937,2025-06-06 19:00:00+00:00,0,test,0.5653824157582001,0.4121994032680204,1
121100343,CA65937,2025-06-06 23:00:00+00:00,0,test,0.5199130955772447,0.4121994032680204,1
121111941,CA65937,2025-06-07 03:00:00+00:00,0,test,0.4235285220315677,0.4121994032680204,1
121124709,CA65937,2025-06-07 07:00:00+00:00,1,test,0.42493705438718804,0.4121994032680204,1
121134993,CA65937,2025-06-07 11:00:00+00:00,0,test,0.5564808928422598,0.4121994032680204,1
121148495,CA65937,2025-06-07 15:00:00+00:00,0,test,0.5162035393673293,0.4121994032680204,1
121160066,CA65937,2025-06-07 19:00:00+00:00,0,test,0.44128817424034106,0.4121994032680204,1
121169093,CA65937,2025-06-07 23:00:00+00:00,0,test,0.44128817424034106,0.4121994032680204,1
121195592,CA65937,2025-06-08 08:00:00+00:00,0,test,0.4215090532540631,0.4121994032680204,1
121232236,CA65937,2025-06-08 21:00:00+00:00,0,test,0.7596489288114301,0.4121994032680204,1
121245877,CA65937,2025-06-09 01:00:00+00:00,0,test,0.5207457776383254,0.4121994032680204,1
121278662,CA65937,2025-06-09 14:00:00+00:00,0,test,0.4188336624425651,0.4121994032680204,1
121289718,CA65937,2025-06-09 18:00:00+00:00,0,test,0.429728189715939,0.4121994032680204,1
121302239,CA65937,2025-06-09 22:00:00+00:00,0,test,0.4283600755894274,0.4121994032680204,1
121318018,CA65937,2025-06-10 04:00:00+00:00,0,test,0.8244077154460608,0.4121994032680204,1
121330384,CA65937,2025-06-10 08:00:00+00:00,0,test,0.5486262292852503,0.4121994032680204,1
121342442,CA65937,2025-06-10 12:00:00+00:00,0,test,0.5061809181031355,0.4121994032680204,1
121373822,CA65937,2025-06-10 23:55:03+00:00,0,test,0.4308222682771346,0.4121994032680204,1
121433966,CA65937,2025-06-11 22:00:00+00:00,0,test,0.8533989480533496,0.4121994032680204,1
121444961,CA65937,2025-06-12 02:00:00+00:00,0,test,0.701703458880907,0.4121994032680204,1
121455786,CA65937,2025-06-12 06:00:00+00:00,0,test,0.6033820119495151,0.4121994032680204,1
121467597,CA65937,2025-06-12 10:00:00+00:00,0,test,0.5196796997184605,0.4121994032680204,1
121477958,CA65937,2025-06-12 14:00:00+00:00,0,test,0.5088878331969768,0.4121994032680204,1
121490039,CA65937,2025-06-12 18:00:00+00:00,0,test,0.5204615058619911,0.4121994032680204,1
121501148,CA65937,2025-06-12 22:00:00+00:00,0,test,0.4332006236970894,0.4121994032680204,1
121599401,CA65937,2025-06-14 10:18:21+00:00,0,test,0.7529886154954583,0.4121994032680204,1
121611112,CA65937,2025-06-14 15:00:00+00:00,1,test,0.529118915540476,0.4121994032680204,1
121622641,CA65937,2025-06-14 19:00:00+00:00,0,test,0.755093061812954,0.4121994032680204,1
121635144,CA65937,2025-06-14 23:00:00+00:00,0,test,0.4350828659150565,0.4121994032680204,1
121645244,CA65937,2025-06-15 03:00:00+00:00,0,test,0.4269749267920583,0.4121994032680204,1
121654166,CA65937,2025-06-15 07:00:00+00:00,0,test,0.42028590258941323,0.4121994032680204,1
121663863,CA65937,2025-06-15 11:00:00+00:00,0,test,0.4193823185070697,0.4121994032680204,1
121674862,CA65937,2025-06-15 15:00:00+00:00,0,test,0.4346168077768634,0.4121994032680204,1
121684538,CA65937,2025-06-15 19:00:00+00:00,0,test,0.4392485479102825,0.4121994032680204,1
121899950,CA65937,2025-06-17 14:09:35+00:00,0,test,0.76040832352469,0.4121994032680204,1
121918185,CA65937,2025-06-17 18:49:45+00:00,0,test,0.7819477238607487,0.4121994032680204,1
122382692,CA65937,2025-06-17 23:00:00+00:00,0,test,0.41759864337126906,0.4121994032680204,1
122987258,CA65937,2025-06-18 03:42:43+00:00,0,test,0.4618118021224899,0.4121994032680204,1
123015980,CA65937,2025-06-18 12:00:00+00:00,0,test,0.4135157066037759,0.4121994032680204,1
123031880,CA65937,2025-06-18 16:00:00+00:00,0,test,0.4311695305624711,0.4121994032680204,1
123107339,CA65937,2025-06-18 20:00:00+00:00,0,test,0.4287646022022394,0.4121994032680204,1
123129678,CA65937,2025-06-19 00:56:13+00:00,0,test,0.7952888436203677,0.4121994032680204,1
123140922,CA65937,2025-06-19 05:00:00+00:00,0,test,0.5292637922078297,0.4121994032680204,1
123154846,CA65937,2025-06-19 09:00:00+00:00,0,test,0.46605194962957536,0.4121994032680204,1
123166348,CA65937,2025-06-19 13:00:00+00:00,0,test,0.4155243868875165,0.4121994032680204,1
123176562,CA65937,2025-06-19 17:00:00+00:00,1,test,0.43013303615600296,0.4121994032680204,1
123189645,CA65937,2025-06-19 21:00:00+00:00,0,test,0.4753482702660237,0.4121994032680204,1
123199362,CA65937,2025-06-20 01:00:00+00:00,0,test,0.4133836293277292,0.4121994032680204,1
123213070,CA65937,2025-06-20 05:00:00+00:00,0,test,0.41692529116878413,0.4121994032680204,1
123224173,CA65937,2025-06-20 09:00:00+00:00,0,test,0.4215090532540631,0.4121994032680204,1
123234627,CA65937,2025-06-20 13:00:00+00:00,0,test,0.42069408289386145,0.4121994032680204,1
123248133,CA65937,2025-06-20 17:00:00+00:00,0,test,0.4392485479102825,0.4121994032680204,1
124132336,CA65937,2025-06-27 02:50:15+00:00,1,test,0.7761963016707852,0.4121994032680204,1
124144082,CA65937,2025-06-27 06:51:16+00:00,1,test,0.8093881985336762,0.4121994032680204,1
124155286,CA65937,2025-06-27 11:00:00+00:00,0,test,0.6563875270551538,0.4121994032680204,1
124165841,CA65937,2025-06-27 15:00:00+00:00,0,test,0.6169318715913561,0.4121994032680204,1
124183557,CA65937,2025-06-27 19:00:00+00:00,0,test,0.5511060121922969,0.4121994032680204,1
124203493,CA65937,2025-06-27 23:00:00+00:00,0,test,0.5505965255210411,0.4121994032680204,1
124212334,CA65937,2025-06-28 03:00:00+00:00,0,test,0.4625600892138721,0.4121994032680204,1
124225777,CA65937,2025-06-28 07:00:00+00:00,0,test,0.4240841316807593,0.4121994032680204,1
124265609,CA65937,2025-06-28 17:34:12+00:00,0,test,0.7698161032771155,0.4121994032680204,1
124280994,CA65937,2025-06-28 22:00:00+00:00,0,test,0.5347916162413697,0.4121994032680204,1
124296124,CA65937,2025-06-29 02:00:00+00:00,0,test,0.4742396553746659,0.4121994032680204,1
124308252,CA65937,2025-06-29 06:00:00+00:00,0,test,0.418938702931228,0.4121994032680204,1
124322704,CA65937,2025-06-29 10:00:00+00:00,1,test,0.418938702931228,0.4121994032680204,1
124333968,CA65937,2025-06-29 14:00:00+00:00,0,test,0.6131073833060946,0.4121994032680204,1
124345577,CA65937,2025-06-29 18:00:00+00:00,0,test,0.5068164919481728,0.4121994032680204,1
124357547,CA65937,2025-06-29 22:00:00+00:00,0,test,0.5386170028478271,0.4121994032680204,1
124369194,CA65937,2025-06-30 02:00:00+00:00,0,test,0.4570560797401498,0.4121994032680204,1
124378945,CA65937,2025-06-30 06:00:00+00:00,0,test,0.45189486261438017,0.4121994032680204,1
124391753,CA65937,2025-06-30 10:00:00+00:00,0,test,0.45499373506154256,0.4121994032680204,1
124153296,PE3795,2025-06-27 11:00:00+00:00,0,test,0.49706991578622783,0.4121994032680204,1
120810776,PE3797,2025-06-02 16:00:00+00:00,0,test,0.5962045588348615,0.4121994032680204,1
