Id,Tag,Fim,target_4h,split,score,threshold,prediction
120817707,CA5926,2025-06-02 17:23:53+00:00,0,test,0.18109077389859177,0.1802228521655894,1
120841013,CA5926,2025-06-02 22:00:00+00:00,0,test,0.18532029250090892,0.1802228521655894,1
121235492,CA5926,2025-06-08 21:17:40+00:00,0,test,0.18339404996673156,0.1802228521655894,1
121417781,CA5926,2025-06-11 15:48:03+00:00,0,test,0.1832321659751449,0.1802228521655894,1
121432602,CA5926,2025-06-11 20:55:50+00:00,0,test,0.18179593689184148,0.1802228521655894,1
121497207,CA5926,2025-06-12 21:00:00+00:00,0,test,0.1804174664129311,0.1802228521655894,1
121897419,CA5926,2025-06-17 13:43:46+00:00,0,test,0.18283636287355007,0.1802228521655894,1
122988120,CA5926,2025-06-17 21:18:22+00:00,0,test,0.1817918486620663,0.1802228521655894,1
123216414,CA5926,2025-06-20 06:50:39+00:00,1,test,0.18221019677787287,0.1802228521655894,1
123231641,CA5926,2025-06-20 11:08:51+00:00,0,test,0.18088303513404616,0.1802228521655894,1
123368880,CA5926,2025-06-22 11:30:28+00:00,0,test,0.18164863635073863,0.1802228521655894,1
123377950,CA5926,2025-06-22 16:00:00+00:00,0,test,0.2112528209386446,0.1802228521655894,1
123420122,CA5926,2025-06-23 06:18:01+00:00,1,test,0.18029780830376368,0.1802228521655894,1
123445365,CA5926,2025-06-23 15:23:48+00:00,0,test,0.18171400928300008,0.1802228521655894,1
123508849,CA5926,2025-06-24 14:13:41+00:00,1,test,0.18918568779865308,0.1802228521655894,1
124079799,CA5926,2025-06-26 13:00:00+00:00,1,test,0.19912573121165114,0.1802228521655894,1
120810145,CA5927,2025-06-02 15:00:00+00:00,1,test,0.3331529417560409,0.1802228521655894,1
120834128,CA5927,2025-06-02 19:00:00+00:00,0,test,0.38318170891268494,0.1802228521655894,1
120842282,CA5927,2025-06-02 23:00:00+00:00,0,test,0.40238443090424714,0.1802228521655894,1
120854209,CA5927,2025-06-03 03:00:00+00:00,0,test,0.35011636245963557,0.1802228521655894,1
120863849,CA5927,2025-06-03 07:00:00+00:00,0,test,0.3995806368402254,0.1802228521655894,1
120874188,CA5927,2025-06-03 11:00:00+00:00,0,test,0.42268322813290476,0.1802228521655894,1
120885392,CA5927,2025-06-03 15:00:00+00:00,0,test,0.43059372566313725,0.1802228521655894,1
120893196,CA5927,2025-06-03 19:00:00+00:00,0,test,0.46023969549321975,0.1802228521655894,1
124026178,CA5927,2025-06-03 23:00:00+00:00,0,test,0.46947838828168253,0.1802228521655894,1
124026200,CA5927,2025-06-04 03:00:00+00:00,0,test,0.4669338239378239,0.1802228521655894,1
124026211,CA5927,2025-06-04 07:00:00+00:00,0,test,0.41071271337344606,0.1802228521655894,1
120935134,CA5927,2025-06-04 11:00:00+00:00,0,test,0.4402152318951192,0.1802228521655894,1
120945084,CA5927,2025-06-04 15:00:00+00:00,0,test,0.43409559859463576,0.1802228521655894,1
120955007,CA5927,2025-06-04 19:00:00+00:00,0,test,0.4094049038982218,0.1802228521655894,1
120965183,CA5927,2025-06-04 23:00:00+00:00,0,test,0.47030420554681757,0.1802228521655894,1
120975175,CA5927,2025-06-05 03:00:00+00:00,1,test,0.44584736254918117,0.1802228521655894,1
120988608,CA5927,2025-06-05 07:00:00+00:00,0,test,0.3737197828341114,0.1802228521655894,1
120997292,CA5927,2025-06-05 11:00:00+00:00,0,test,0.4064123271190457,0.1802228521655894,1
121008225,CA5927,2025-06-05 15:00:00+00:00,1,test,0.4126212403222791,0.1802228521655894,1
121020531,CA5927,2025-06-05 19:00:00+00:00,0,test,0.46042125466454575,0.1802228521655894,1
121031313,CA5927,2025-06-05 23:00:00+00:00,1,test,0.47204571349366586,0.1802228521655894,1
121042057,CA5927,2025-06-06 03:00:00+00:00,0,test,0.3616836394284765,0.1802228521655894,1
121055462,CA5927,2025-06-06 07:00:00+00:00,1,test,0.34861065582343437,0.1802228521655894,1
121066902,CA5927,2025-06-06 11:00:00+00:00,0,test,0.3637195197520521,0.1802228521655894,1
121076000,CA5927,2025-06-06 15:00:00+00:00,1,test,0.2586442305610561,0.1802228521655894,1
121088159,CA5927,2025-06-06 19:00:00+00:00,0,test,0.29479738942559164,0.1802228521655894,1
121211594,CA5927,2025-06-08 13:00:00+00:00,0,test,0.32495077855491344,0.1802228521655894,1
121222367,CA5927,2025-06-08 17:00:00+00:00,0,test,0.230248579158614,0.1802228521655894,1
121234531,CA5927,2025-06-08 21:00:00+00:00,0,test,0.38051306060805085,0.1802228521655894,1
121243857,CA5927,2025-06-09 01:00:00+00:00,0,test,0.35347558847522315,0.1802228521655894,1
121254238,CA5927,2025-06-09 05:00:00+00:00,0,test,0.36636143487017364,0.1802228521655894,1
121266323,CA5927,2025-06-09 09:00:00+00:00,0,test,0.41650264771628,0.1802228521655894,1
121278623,CA5927,2025-06-09 13:00:00+00:00,0,test,0.4635666052197383,0.1802228521655894,1
121289673,CA5927,2025-06-09 17:00:00+00:00,0,test,0.41921709641362864,0.1802228521655894,1
121300397,CA5927,2025-06-09 21:00:00+00:00,0,test,0.5390657908686465,0.1802228521655894,1
121310205,CA5927,2025-06-10 01:00:00+00:00,0,test,0.4473615991461831,0.1802228521655894,1
121323458,CA5927,2025-06-10 05:00:00+00:00,1,test,0.40419383809553994,0.1802228521655894,1
121333843,CA5927,2025-06-10 09:00:00+00:00,0,test,0.3443745195427306,0.1802228521655894,1
121345348,CA5927,2025-06-10 13:00:00+00:00,0,test,0.42224059348832876,0.1802228521655894,1
121356380,CA5927,2025-06-10 17:00:00+00:00,0,test,0.30161572729205477,0.1802228521655894,1
121366113,CA5927,2025-06-10 21:00:00+00:00,0,test,0.41972014181994916,0.1802228521655894,1
121375598,CA5927,2025-06-11 01:00:00+00:00,0,test,0.37029285701778236,0.1802228521655894,1
121387712,CA5927,2025-06-11 05:00:00+00:00,1,test,0.3689558019110555,0.1802228521655894,1
121395784,CA5927,2025-06-11 09:00:00+00:00,0,test,0.2971375084113916,0.1802228521655894,1
121406848,CA5927,2025-06-11 13:00:00+00:00,1,test,0.28310335929113584,0.1802228521655894,1
121419994,CA5927,2025-06-11 17:00:00+00:00,0,test,0.3559525828731799,0.1802228521655894,1
121432603,CA5927,2025-06-11 21:00:00+00:00,0,test,0.3877606751450487,0.1802228521655894,1
121443299,CA5927,2025-06-12 01:00:00+00:00,0,test,0.32167218853997465,0.1802228521655894,1
121453304,CA5927,2025-06-12 05:00:00+00:00,0,test,0.3779911209648358,0.1802228521655894,1
121465730,CA5927,2025-06-12 09:00:00+00:00,0,test,0.38365348719964854,0.1802228521655894,1
121475873,CA5927,2025-06-12 13:00:00+00:00,0,test,0.40175236356916544,0.1802228521655894,1
121486245,CA5927,2025-06-12 17:00:00+00:00,0,test,0.450338112787492,0.1802228521655894,1
121499000,CA5927,2025-06-12 21:00:00+00:00,0,test,0.41715152167728115,0.1802228521655894,1
121509421,CA5927,2025-06-13 01:00:00+00:00,0,test,0.3832947882150004,0.1802228521655894,1
121520251,CA5927,2025-06-13 05:00:00+00:00,1,test,0.45319932296930066,0.1802228521655894,1
121529437,CA5927,2025-06-13 09:00:00+00:00,0,test,0.3929432367975949,0.1802228521655894,1
121541119,CA5927,2025-06-13 13:00:00+00:00,0,test,0.3929432367975949,0.1802228521655894,1
121550172,CA5927,2025-06-13 17:00:00+00:00,1,test,0.4102310949068048,0.1802228521655894,1
121562090,CA5927,2025-06-13 21:00:00+00:00,0,test,0.4601283013664769,0.1802228521655894,1
121571002,CA5927,2025-06-14 01:00:00+00:00,1,test,0.3853452499732557,0.1802228521655894,1
121584471,CA5927,2025-06-14 05:00:00+00:00,0,test,0.4536773352175211,0.1802228521655894,1
121595949,CA5927,2025-06-14 09:00:00+00:00,0,test,0.4415729815540862,0.1802228521655894,1
121608080,CA5927,2025-06-14 13:00:00+00:00,0,test,0.3502286668425604,0.1802228521655894,1
121617181,CA5927,2025-06-14 17:00:00+00:00,0,test,0.33187003003423643,0.1802228521655894,1
121629728,CA5927,2025-06-14 21:00:00+00:00,0,test,0.36338018832244645,0.1802228521655894,1
121638216,CA5927,2025-06-15 01:00:00+00:00,1,test,0.30798275585328305,0.1802228521655894,1
121648191,CA5927,2025-06-15 05:00:00+00:00,0,test,0.3783052428752377,0.1802228521655894,1
121659709,CA5927,2025-06-15 09:00:00+00:00,0,test,0.3572769780010717,0.1802228521655894,1
121668705,CA5927,2025-06-15 13:00:00+00:00,0,test,0.3474305751932664,0.1802228521655894,1
121679077,CA5927,2025-06-15 17:00:00+00:00,0,test,0.3929466860579309,0.1802228521655894,1
121689918,CA5927,2025-06-15 21:00:00+00:00,0,test,0.4477662825490598,0.1802228521655894,1
121699433,CA5927,2025-06-16 01:00:00+00:00,0,test,0.34351899597588187,0.1802228521655894,1
121708970,CA5927,2025-06-16 05:00:00+00:00,0,test,0.24543864688910552,0.1802228521655894,1
121716225,CA5927,2025-06-16 09:00:00+00:00,1,test,0.3955503610040455,0.1802228521655894,1
121730350,CA5927,2025-06-16 13:00:00+00:00,0,test,0.4032282440267124,0.1802228521655894,1
121773890,CA5927,2025-06-16 17:00:00+00:00,0,test,0.4376231138888458,0.1802228521655894,1
121828897,CA5927,2025-06-16 21:00:00+00:00,0,test,0.47558291776546396,0.1802228521655894,1
121847794,CA5927,2025-06-17 01:00:00+00:00,0,test,0.39680922334955354,0.1802228521655894,1
121856148,CA5927,2025-06-17 05:00:00+00:00,0,test,0.39258293404243405,0.1802228521655894,1
121865834,CA5927,2025-06-17 09:00:00+00:00,0,test,0.38681245649394036,0.1802228521655894,1
121883866,CA5927,2025-06-17 13:00:00+00:00,0,test,0.36202716543694746,0.1802228521655894,1
121914783,CA5927,2025-06-17 17:00:00+00:00,1,test,0.3539369543024859,0.1802228521655894,1
121926384,CA5927,2025-06-17 21:00:00+00:00,0,test,0.26115658019291516,0.1802228521655894,1
122837866,CA5927,2025-06-18 01:00:00+00:00,0,test,0.37091889472501455,0.1802228521655894,1
122992512,CA5927,2025-06-18 05:00:00+00:00,0,test,0.37317729129334465,0.1802228521655894,1
123008545,CA5927,2025-06-18 09:00:00+00:00,0,test,0.3594717527737383,0.1802228521655894,1
123019574,CA5927,2025-06-18 13:00:00+00:00,0,test,0.4237595113689662,0.1802228521655894,1
123048833,CA5927,2025-06-18 17:00:00+00:00,0,test,0.4148382975434111,0.1802228521655894,1
123115388,CA5927,2025-06-18 21:00:00+00:00,0,test,0.38615047121060453,0.1802228521655894,1
123129639,CA5927,2025-06-19 01:00:00+00:00,0,test,0.37771103340584566,0.1802228521655894,1
123140879,CA5927,2025-06-19 05:00:00+00:00,1,test,0.4171699354119499,0.1802228521655894,1
123154083,CA5927,2025-06-19 09:00:00+00:00,0,test,0.3348401785923076,0.1802228521655894,1
123164053,CA5927,2025-06-19 13:00:00+00:00,0,test,0.318946168539186,0.1802228521655894,1
123177773,CA5927,2025-06-19 17:00:00+00:00,0,test,0.369289772102183,0.1802228521655894,1
123189995,CA5927,2025-06-19 21:00:00+00:00,0,test,0.35581790591745377,0.1802228521655894,1
123201665,CA5927,2025-06-20 01:00:00+00:00,0,test,0.37923129075810963,0.1802228521655894,1
123213241,CA5927,2025-06-20 05:00:00+00:00,0,test,0.34907026459010837,0.1802228521655894,1
123223974,CA5927,2025-06-20 09:00:00+00:00,0,test,0.4194177056656275,0.1802228521655894,1
123234589,CA5927,2025-06-20 13:00:00+00:00,0,test,0.39086254445541063,0.1802228521655894,1
123248120,CA5927,2025-06-20 17:00:00+00:00,1,test,0.3992875499305646,0.1802228521655894,1
123260854,CA5927,2025-06-20 21:00:00+00:00,0,test,0.40635754177657896,0.1802228521655894,1
123269990,CA5927,2025-06-21 01:00:00+00:00,0,test,0.4011547669416592,0.1802228521655894,1
123281661,CA5927,2025-06-21 05:00:00+00:00,0,test,0.4208830367370934,0.1802228521655894,1
123294842,CA5927,2025-06-21 09:00:00+00:00,0,test,0.41890215819381704,0.1802228521655894,1
123305385,CA5927,2025-06-21 13:00:00+00:00,1,test,0.41672642793136455,0.1802228521655894,1
123318548,CA5927,2025-06-21 17:00:00+00:00,1,test,0.36588819678372664,0.1802228521655894,1
123329282,CA5927,2025-06-21 21:00:00+00:00,0,test,0.3719915221372573,0.1802228521655894,1
123339395,CA5927,2025-06-22 01:00:00+00:00,0,test,0.3184755166962748,0.1802228521655894,1
123348048,CA5927,2025-06-22 05:00:00+00:00,0,test,0.3891905820592875,0.1802228521655894,1
123360832,CA5927,2025-06-22 09:00:00+00:00,0,test,0.3987102678039897,0.1802228521655894,1
123371009,CA5927,2025-06-22 13:00:00+00:00,0,test,0.38577256496318196,0.1802228521655894,1
123381471,CA5927,2025-06-22 17:00:00+00:00,0,test,0.4144854611441142,0.1802228521655894,1
123395084,CA5927,2025-06-22 21:00:00+00:00,0,test,0.4845587072057557,0.1802228521655894,1
123405909,CA5927,2025-06-23 01:00:00+00:00,1,test,0.37747112156614276,0.1802228521655894,1
123415547,CA5927,2025-06-23 05:00:00+00:00,1,test,0.41206410598430454,0.1802228521655894,1
123428634,CA5927,2025-06-23 09:00:00+00:00,1,test,0.4484656564042761,0.1802228521655894,1
123437387,CA5927,2025-06-23 13:00:00+00:00,0,test,0.36496588053380025,0.1802228521655894,1
123451104,CA5927,2025-06-23 17:00:00+00:00,1,test,0.3790163300324168,0.1802228521655894,1
123461041,CA5927,2025-06-23 21:00:00+00:00,1,test,0.3918562506824837,0.1802228521655894,1
123472659,CA5927,2025-06-24 01:00:00+00:00,0,test,0.35623499734760233,0.1802228521655894,1
123483227,CA5927,2025-06-24 05:00:00+00:00,0,test,0.36397794877232825,0.1802228521655894,1
123494017,CA5927,2025-06-24 09:00:00+00:00,0,test,0.3633272990963843,0.1802228521655894,1
123504706,CA5927,2025-06-24 13:00:00+00:00,0,test,0.3860257272110911,0.1802228521655894,1
123937242,CA5927,2025-06-24 17:00:00+00:00,0,test,0.44872681281002075,0.1802228521655894,1
123951991,CA5927,2025-06-24 21:00:00+00:00,1,test,0.4929664069223374,0.1802228521655894,1
123967492,CA5927,2025-06-25 01:00:00+00:00,1,test,0.37786323933054045,0.1802228521655894,1
123977296,CA5927,2025-06-25 05:00:00+00:00,0,test,0.35754777977543645,0.1802228521655894,1
123989645,CA5927,2025-06-25 09:00:00+00:00,0,test,0.33787668801777415,0.1802228521655894,1
124001284,CA5927,2025-06-25 13:00:00+00:00,0,test,0.39657309733921176,0.1802228521655894,1
124012980,CA5927,2025-06-25 17:00:00+00:00,0,test,0.4001817715871355,0.1802228521655894,1
124032821,CA5927,2025-06-25 21:00:00+00:00,0,test,0.40608943629231703,0.1802228521655894,1
124041787,CA5927,2025-06-26 01:00:00+00:00,0,test,0.32113403884414726,0.1802228521655894,1
124054191,CA5927,2025-06-26 05:00:00+00:00,0,test,0.38444889294678186,0.1802228521655894,1
124068596,CA5927,2025-06-26 09:00:00+00:00,0,test,0.4529550168632022,0.1802228521655894,1
124077439,CA5927,2025-06-26 13:00:00+00:00,1,test,0.4444363621691105,0.1802228521655894,1
124094700,CA5927,2025-06-26 17:00:00+00:00,0,test,0.4497783497433966,0.1802228521655894,1
124115871,CA5927,2025-06-26 21:00:00+00:00,0,test,0.4627133575516047,0.1802228521655894,1
124126384,CA5927,2025-06-27 01:00:00+00:00,0,test,0.3129400714284339,0.1802228521655894,1
124138511,CA5927,2025-06-27 05:00:00+00:00,0,test,0.3767267904074543,0.1802228521655894,1
124149547,CA5927,2025-06-27 09:00:00+00:00,0,test,0.32476842596859734,0.1802228521655894,1
124160987,CA5927,2025-06-27 13:00:00+00:00,1,test,0.3675295888946769,0.1802228521655894,1
124171701,CA5927,2025-06-27 17:00:00+00:00,1,test,0.25456279990292774,0.1802228521655894,1
124197477,CA5927,2025-06-27 21:00:00+00:00,0,test,0.3519798240557848,0.1802228521655894,1
124206877,CA5927,2025-06-28 01:00:00+00:00,1,test,0.30971518516306357,0.1802228521655894,1
124220186,CA5927,2025-06-28 05:00:00+00:00,0,test,0.3788834441440706,0.1802228521655894,1
124231414,CA5927,2025-06-28 09:00:00+00:00,0,test,0.3904741525020911,0.1802228521655894,1
124249395,CA5927,2025-06-28 13:00:00+00:00,0,test,0.42456829631336857,0.1802228521655894,1
124261966,CA5927,2025-06-28 17:00:00+00:00,1,test,0.3492045504610916,0.1802228521655894,1
124279025,CA5927,2025-06-28 21:00:00+00:00,1,test,0.42821730931305896,0.1802228521655894,1
124293295,CA5927,2025-06-29 01:00:00+00:00,0,test,0.3348223347584742,0.1802228521655894,1
124304777,CA5927,2025-06-29 05:00:00+00:00,0,test,0.3886487708612689,0.1802228521655894,1
124318590,CA5927,2025-06-29 09:00:00+00:00,0,test,0.39221385748421855,0.1802228521655894,1
124328703,CA5927,2025-06-29 13:00:00+00:00,1,test,0.4115421422120832,0.1802228521655894,1
124340533,CA5927,2025-06-29 17:00:00+00:00,1,test,0.44455060126734863,0.1802228521655894,1
124355214,CA5927,2025-06-29 21:00:00+00:00,1,test,0.3602315680222077,0.1802228521655894,1
124365529,CA5927,2025-06-30 01:00:00+00:00,1,test,0.30687370368205175,0.1802228521655894,1
124378059,CA5927,2025-06-30 05:00:00+00:00,1,test,0.3867693732600706,0.1802228521655894,1
124389442,CA5927,2025-06-30 09:00:00+00:00,1,test,0.35335363568875433,0.1802228521655894,1
124399624,CA5927,2025-06-30 13:00:00+00:00,0,test,0.33748079472299114,0.1802228521655894,1
124412807,CA5927,2025-06-30 17:00:00+00:00,0,test,0.43695192834850566,0.1802228521655894,1
124440049,CA5927,2025-06-30 21:00:00+00:00,1,test,0.434620204557378,0.1802228521655894,1
124449679,CA5927,2025-07-01 01:00:00+00:00,1,test,0.378346335442246,0.1802228521655894,1
120810216,CA65792,2025-06-02 15:00:00+00:00,1,test,0.527044094760624,0.1802228521655894,1
120832760,CA65792,2025-06-02 19:00:00+00:00,1,test,0.39443302911915123,0.1802228521655894,1
120842291,CA65792,2025-06-02 23:00:00+00:00,0,test,0.4593222633946436,0.1802228521655894,1
120863977,CA65792,2025-06-03 07:44:28+00:00,0,test,0.28306899446508477,0.1802228521655894,1
120874803,CA65792,2025-06-03 12:00:00+00:00,1,test,0.3336552382409899,0.1802228521655894,1
120886516,CA65792,2025-06-03 16:00:00+00:00,0,test,0.4183803210431304,0.1802228521655894,1
120895724,CA65792,2025-06-03 20:00:00+00:00,1,test,0.3783888995658145,0.1802228521655894,1
124026439,CA65792,2025-06-04 00:00:00+00:00,0,test,0.4878984924015336,0.1802228521655894,1
124026455,CA65792,2025-06-04 04:00:00+00:00,0,test,0.41285167893565133,0.1802228521655894,1
124026463,CA65792,2025-06-04 08:00:00+00:00,0,test,0.4549413507817917,0.1802228521655894,1
120938416,CA65792,2025-06-04 12:00:00+00:00,0,test,0.47337033583616367,0.1802228521655894,1
120947283,CA65792,2025-06-04 16:00:00+00:00,0,test,0.34768515735402034,0.1802228521655894,1
120958750,CA65792,2025-06-04 20:00:00+00:00,0,test,0.42517516364095775,0.1802228521655894,1
120967753,CA65792,2025-06-05 00:00:00+00:00,0,test,0.42232200035342177,0.1802228521655894,1
120977833,CA65792,2025-06-05 04:00:00+00:00,0,test,0.33315198738206253,0.1802228521655894,1
120990332,CA65792,2025-06-05 08:00:00+00:00,0,test,0.37951193954086354,0.1802228521655894,1
120999897,CA65792,2025-06-05 12:00:00+00:00,0,test,0.35991318720384374,0.1802228521655894,1
121013657,CA65792,2025-06-05 16:00:00+00:00,0,test,0.48882652895257006,0.1802228521655894,1
121022875,CA65792,2025-06-05 20:00:00+00:00,1,test,0.45092817974426125,0.1802228521655894,1
121034147,CA65792,2025-06-06 00:00:00+00:00,0,test,0.5702537428010664,0.1802228521655894,1
121046332,CA65792,2025-06-06 04:00:00+00:00,0,test,0.5191161781421346,0.1802228521655894,1
121058002,CA65792,2025-06-06 08:00:00+00:00,0,test,0.5175970340427708,0.1802228521655894,1
121069688,CA65792,2025-06-06 12:00:00+00:00,0,test,0.47370942690013174,0.1802228521655894,1
121079943,CA65792,2025-06-06 16:00:00+00:00,0,test,0.5846045285731476,0.1802228521655894,1
121093062,CA65792,2025-06-06 20:00:00+00:00,0,test,0.5587336818336089,0.1802228521655894,1
121101456,CA65792,2025-06-07 00:00:00+00:00,0,test,0.661695325555717,0.1802228521655894,1
121116891,CA65792,2025-06-07 04:00:00+00:00,0,test,0.47884640700238645,0.1802228521655894,1
121126375,CA65792,2025-06-07 08:00:00+00:00,1,test,0.4052043935408032,0.1802228521655894,1
121139077,CA65792,2025-06-07 12:00:00+00:00,0,test,0.4607347897069789,0.1802228521655894,1
121148879,CA65792,2025-06-07 16:00:00+00:00,0,test,0.4883875668337167,0.1802228521655894,1
121162547,CA65792,2025-06-07 20:00:00+00:00,0,test,0.4358917253644147,0.1802228521655894,1
121173185,CA65792,2025-06-08 00:00:00+00:00,0,test,0.5394228036814807,0.1802228521655894,1
121186750,CA65792,2025-06-08 04:00:00+00:00,0,test,0.4960179925571097,0.1802228521655894,1
121196799,CA65792,2025-06-08 08:00:00+00:00,0,test,0.47344600356402056,0.1802228521655894,1
121207716,CA65792,2025-06-08 12:00:00+00:00,0,test,0.42052032698944625,0.1802228521655894,1
121218875,CA65792,2025-06-08 16:00:00+00:00,1,test,0.4188414143114317,0.1802228521655894,1
121231332,CA65792,2025-06-08 20:00:00+00:00,1,test,0.48117928440209917,0.1802228521655894,1
121240820,CA65792,2025-06-09 00:00:00+00:00,1,test,0.5296777497960568,0.1802228521655894,1
121253271,CA65792,2025-06-09 04:00:00+00:00,1,test,0.5298568107692454,0.1802228521655894,1
121264961,CA65792,2025-06-09 08:00:00+00:00,0,test,0.5283477258752657,0.1802228521655894,1
121273801,CA65792,2025-06-09 12:00:00+00:00,0,test,0.3168147241521734,0.1802228521655894,1
121284129,CA65792,2025-06-09 16:00:00+00:00,1,test,0.3644539747447056,0.1802228521655894,1
121295425,CA65792,2025-06-09 20:00:00+00:00,0,test,0.3258045498361654,0.1802228521655894,1
121307288,CA65792,2025-06-10 00:00:00+00:00,1,test,0.4132229716723769,0.1802228521655894,1
121328705,CA65792,2025-06-10 07:12:24+00:00,1,test,0.3278566276335518,0.1802228521655894,1
121340144,CA65792,2025-06-10 11:40:49+00:00,1,test,0.3261229705913977,0.1802228521655894,1
121351424,CA65792,2025-06-10 15:41:51+00:00,0,test,0.48076783242635485,0.1802228521655894,1
121363457,CA65792,2025-06-10 20:00:00+00:00,0,test,0.4741753404714401,0.1802228521655894,1
121374147,CA65792,2025-06-11 00:00:00+00:00,0,test,0.5154765295977588,0.1802228521655894,1
121382403,CA65792,2025-06-11 04:00:00+00:00,1,test,0.3804004925249543,0.1802228521655894,1
121394377,CA65792,2025-06-11 08:00:00+00:00,0,test,0.484528127204596,0.1802228521655894,1
121406858,CA65792,2025-06-11 12:00:00+00:00,0,test,0.43809141613978697,0.1802228521655894,1
121415645,CA65792,2025-06-11 16:00:00+00:00,0,test,0.4206110538681758,0.1802228521655894,1
121428122,CA65792,2025-06-11 20:00:00+00:00,0,test,0.5643724163576679,0.1802228521655894,1
121439582,CA65792,2025-06-12 00:00:00+00:00,0,test,0.47790829827981307,0.1802228521655894,1
121452391,CA65792,2025-06-12 04:00:00+00:00,0,test,0.37933333473620856,0.1802228521655894,1
121460527,CA65792,2025-06-12 08:00:00+00:00,0,test,0.32913868143267455,0.1802228521655894,1
121472801,CA65792,2025-06-12 12:00:00+00:00,0,test,0.3386366330703447,0.1802228521655894,1
121483695,CA65792,2025-06-12 16:00:00+00:00,0,test,0.1829707298717705,0.1802228521655894,1
121497217,CA65792,2025-06-12 21:00:00+00:00,0,test,0.20390699805684648,0.1802228521655894,1
121515613,CA65792,2025-06-13 04:00:00+00:00,0,test,0.1876354746756734,0.1802228521655894,1
121562790,CA65792,2025-06-13 22:00:00+00:00,1,test,0.18413598557869668,0.1802228521655894,1
121573769,CA65792,2025-06-14 02:00:00+00:00,0,test,0.26869123802555883,0.1802228521655894,1
121586314,CA65792,2025-06-14 06:00:00+00:00,1,test,0.2904040891659393,0.1802228521655894,1
121598141,CA65792,2025-06-14 10:00:00+00:00,0,test,0.40104346773171945,0.1802228521655894,1
121611082,CA65792,2025-06-14 14:00:00+00:00,0,test,0.3839407629779122,0.1802228521655894,1
121620711,CA65792,2025-06-14 18:00:00+00:00,0,test,0.4964735123738003,0.1802228521655894,1
121631712,CA65792,2025-06-14 22:00:00+00:00,0,test,0.5168007645877074,0.1802228521655894,1
121642326,CA65792,2025-06-15 02:00:00+00:00,1,test,0.45899078495144535,0.1802228521655894,1
121650231,CA65792,2025-06-15 06:00:00+00:00,0,test,0.4817985331840174,0.1802228521655894,1
121662126,CA65792,2025-06-15 10:00:00+00:00,0,test,0.4087156443053344,0.1802228521655894,1
121670388,CA65792,2025-06-15 14:00:00+00:00,0,test,0.4522769094439492,0.1802228521655894,1
121682552,CA65792,2025-06-15 18:00:00+00:00,0,test,0.48279449595390145,0.1802228521655894,1
121691486,CA65792,2025-06-15 22:00:00+00:00,0,test,0.5960079300417457,0.1802228521655894,1
121699801,CA65792,2025-06-16 02:00:00+00:00,0,test,0.47282913329182025,0.1802228521655894,1
121711369,CA65792,2025-06-16 06:00:00+00:00,1,test,0.4226217972025216,0.1802228521655894,1
121730418,CA65792,2025-06-16 10:00:00+00:00,0,test,0.37544976018458254,0.1802228521655894,1
121730432,CA65792,2025-06-16 14:00:00+00:00,0,test,0.44497333884888907,0.1802228521655894,1
121801248,CA65792,2025-06-16 18:00:00+00:00,0,test,0.4444288679711762,0.1802228521655894,1
121839348,CA65792,2025-06-16 22:00:00+00:00,0,test,0.5285146475518415,0.1802228521655894,1
121847806,CA65792,2025-06-17 02:00:00+00:00,0,test,0.41570057341482874,0.1802228521655894,1
121858629,CA65792,2025-06-17 06:00:00+00:00,0,test,0.4455996517538278,0.1802228521655894,1
121867109,CA65792,2025-06-17 10:00:00+00:00,0,test,0.44345760221387115,0.1802228521655894,1
121897429,CA65792,2025-06-17 14:00:00+00:00,0,test,0.3296589056505662,0.1802228521655894,1
121916551,CA65792,2025-06-17 18:00:00+00:00,0,test,0.49047350703884196,0.1802228521655894,1
122173587,CA65792,2025-06-17 22:00:00+00:00,0,test,0.5434100933936973,0.1802228521655894,1
122972977,CA65792,2025-06-18 02:00:00+00:00,1,test,0.44630997861180527,0.1802228521655894,1
122994027,CA65792,2025-06-18 06:00:00+00:00,0,test,0.46361263686751075,0.1802228521655894,1
123011219,CA65792,2025-06-18 10:00:00+00:00,0,test,0.5001269207911478,0.1802228521655894,1
123020325,CA65792,2025-06-18 14:00:00+00:00,0,test,0.3295665719035246,0.1802228521655894,1
123061424,CA65792,2025-06-18 18:00:00+00:00,0,test,0.4763674935046342,0.1802228521655894,1
123123190,CA65792,2025-06-18 22:00:00+00:00,0,test,0.4824984304876717,0.1802228521655894,1
123132467,CA65792,2025-06-19 02:00:00+00:00,0,test,0.4359535872129607,0.1802228521655894,1
123146653,CA65792,2025-06-19 06:00:00+00:00,0,test,0.4425812428419079,0.1802228521655894,1
123157060,CA65792,2025-06-19 10:00:00+00:00,1,test,0.4330872034114858,0.1802228521655894,1
123166730,CA65792,2025-06-19 14:00:00+00:00,0,test,0.4460305158059911,0.1802228521655894,1
123180121,CA65792,2025-06-19 18:00:00+00:00,0,test,0.5717111251765199,0.1802228521655894,1
123192036,CA65792,2025-06-19 22:00:00+00:00,0,test,0.6504637049381854,0.1802228521655894,1
123204426,CA65792,2025-06-20 02:00:00+00:00,0,test,0.5208307937311186,0.1802228521655894,1
123215621,CA65792,2025-06-20 06:00:00+00:00,0,test,0.6375341475350904,0.1802228521655894,1
123224779,CA65792,2025-06-20 10:00:00+00:00,0,test,0.5731931863241575,0.1802228521655894,1
123237619,CA65792,2025-06-20 14:00:00+00:00,0,test,0.5151937734367079,0.1802228521655894,1
123252203,CA65792,2025-06-20 18:00:00+00:00,0,test,0.49756221470823203,0.1802228521655894,1
123262608,CA65792,2025-06-20 22:00:00+00:00,0,test,0.6003441270902955,0.1802228521655894,1
123274848,CA65792,2025-06-21 02:00:00+00:00,0,test,0.3654503647890748,0.1802228521655894,1
123285741,CA65792,2025-06-21 06:00:00+00:00,1,test,0.40148595512149515,0.1802228521655894,1
123297318,CA65792,2025-06-21 10:00:00+00:00,0,test,0.3909770236218074,0.1802228521655894,1
123308097,CA65792,2025-06-21 14:00:00+00:00,0,test,0.3816890590461993,0.1802228521655894,1
123318972,CA65792,2025-06-21 18:00:00+00:00,0,test,0.4794127120871398,0.1802228521655894,1
123329867,CA65792,2025-06-21 22:00:00+00:00,0,test,0.5486056031496938,0.1802228521655894,1
123340442,CA65792,2025-06-22 02:00:00+00:00,1,test,0.45423091964972045,0.1802228521655894,1
123350780,CA65792,2025-06-22 06:00:00+00:00,1,test,0.4246991866621343,0.1802228521655894,1
123363344,CA65792,2025-06-22 10:00:00+00:00,0,test,0.5373575653250291,0.1802228521655894,1
123372846,CA65792,2025-06-22 14:00:00+00:00,0,test,0.46405748779279415,0.1802228521655894,1
123383524,CA65792,2025-06-22 18:00:00+00:00,0,test,0.5346242646026754,0.1802228521655894,1
123396789,CA65792,2025-06-22 22:00:00+00:00,0,test,0.4904281202236762,0.1802228521655894,1
123406455,CA65792,2025-06-23 02:00:00+00:00,0,test,0.38251344117023034,0.1802228521655894,1
123419563,CA65792,2025-06-23 06:00:00+00:00,0,test,0.4539649469822417,0.1802228521655894,1
123430444,CA65792,2025-06-23 10:00:00+00:00,0,test,0.46710011724309,0.1802228521655894,1
123441322,CA65792,2025-06-23 14:00:00+00:00,0,test,0.4882499951295789,0.1802228521655894,1
123452879,CA65792,2025-06-23 18:00:00+00:00,0,test,0.5387068354306376,0.1802228521655894,1
123464185,CA65792,2025-06-23 22:00:00+00:00,0,test,0.5101682387747455,0.1802228521655894,1
123474939,CA65792,2025-06-24 02:00:00+00:00,1,test,0.37733480354796195,0.1802228521655894,1
123486074,CA65792,2025-06-24 06:00:00+00:00,0,test,0.5271714312189686,0.1802228521655894,1
123496231,CA65792,2025-06-24 10:00:00+00:00,0,test,0.5232076832837713,0.1802228521655894,1
123505904,CA65792,2025-06-24 14:00:00+00:00,0,test,0.4949319758394388,0.1802228521655894,1
123937282,CA65792,2025-06-24 18:00:00+00:00,1,test,0.5816178110979205,0.1802228521655894,1
123958885,CA65792,2025-06-24 22:00:00+00:00,1,test,0.6957885639422521,0.1802228521655894,1
123967826,CA65792,2025-06-25 02:00:00+00:00,0,test,0.46909256387046394,0.1802228521655894,1
123980495,CA65792,2025-06-25 06:00:00+00:00,0,test,0.40863954114148665,0.1802228521655894,1
123992093,CA65792,2025-06-25 10:00:00+00:00,0,test,0.536699357388586,0.1802228521655894,1
124001949,CA65792,2025-06-25 14:00:00+00:00,0,test,0.4551351290893277,0.1802228521655894,1
124017187,CA65792,2025-06-25 18:00:00+00:00,0,test,0.53993576777237,0.1802228521655894,1
124033379,CA65792,2025-06-25 22:00:00+00:00,0,test,0.5729808658075177,0.1802228521655894,1
124044689,CA65792,2025-06-26 02:00:00+00:00,0,test,0.3335467175446908,0.1802228521655894,1
124060048,CA65792,2025-06-26 06:00:00+00:00,0,test,0.42518018566999927,0.1802228521655894,1
124070540,CA65792,2025-06-26 10:00:00+00:00,0,test,0.3890495140130312,0.1802228521655894,1
124082500,CA65792,2025-06-26 14:00:00+00:00,0,test,0.47880649591140867,0.1802228521655894,1
124097453,CA65792,2025-06-26 18:00:00+00:00,0,test,0.5098271818678566,0.1802228521655894,1
124118786,CA65792,2025-06-26 22:00:00+00:00,1,test,0.548120659743468,0.1802228521655894,1
124128049,CA65792,2025-06-27 02:00:00+00:00,0,test,0.39208304273752953,0.1802228521655894,1
124138870,CA65792,2025-06-27 06:00:00+00:00,0,test,0.5531338906915486,0.1802228521655894,1
124152546,CA65792,2025-06-27 10:00:00+00:00,1,test,0.5312788775849836,0.1802228521655894,1
124165380,CA65792,2025-06-27 14:00:00+00:00,0,test,0.541927096111407,0.1802228521655894,1
124183031,CA65792,2025-06-27 18:00:00+00:00,0,test,0.6111032313065841,0.1802228521655894,1
124200141,CA65792,2025-06-27 22:00:00+00:00,0,test,0.6645249722969634,0.1802228521655894,1
124209909,CA65792,2025-06-28 02:00:00+00:00,0,test,0.5144903107424945,0.1802228521655894,1
124221563,CA65792,2025-06-28 06:00:00+00:00,0,test,0.566456378034085,0.1802228521655894,1
124236243,CA65792,2025-06-28 10:00:00+00:00,0,test,0.5301367018215802,0.1802228521655894,1
124257633,CA65792,2025-06-28 14:00:00+00:00,0,test,0.4873683507744556,0.1802228521655894,1
124268063,CA65792,2025-06-28 18:00:00+00:00,0,test,0.5148344067157755,0.1802228521655894,1
124282923,CA65792,2025-06-28 22:00:00+00:00,0,test,0.5979957653157109,0.1802228521655894,1
124293969,CA65792,2025-06-29 02:00:00+00:00,0,test,0.49928799785536876,0.1802228521655894,1
124309254,CA65792,2025-06-29 06:00:00+00:00,0,test,0.4042404474264468,0.1802228521655894,1
124318995,CA65792,2025-06-29 10:00:00+00:00,0,test,0.3869331744223322,0.1802228521655894,1
124332348,CA65792,2025-06-29 14:00:00+00:00,0,test,0.4615992251023544,0.1802228521655894,1
124345575,CA65792,2025-06-29 18:00:00+00:00,1,test,0.47022161599111706,0.1802228521655894,1
124358521,CA65792,2025-06-29 22:00:00+00:00,0,test,0.5329142353997643,0.1802228521655894,1
124368195,CA65792,2025-06-30 02:00:00+00:00,1,test,0.38949556977469546,0.1802228521655894,1
124381205,CA65792,2025-06-30 06:00:00+00:00,0,test,0.4066432144467146,0.1802228521655894,1
124390501,CA65792,2025-06-30 10:00:00+00:00,0,test,0.42770544362344665,0.1802228521655894,1
124402552,CA65792,2025-06-30 14:00:00+00:00,0,test,0.4631381847754044,0.1802228521655894,1
124420373,CA65792,2025-06-30 18:00:00+00:00,0,test,0.4981055142920313,0.1802228521655894,1
124442071,CA65792,2025-06-30 22:00:00+00:00,0,test,0.5836539479902624,0.1802228521655894,1
124453811,CA65792,2025-07-01 02:00:00+00:00,0,test,0.40450518679352254,0.1802228521655894,1
120809205,CA65909,2025-06-02 15:00:00+00:00,0,test,0.4143382566851991,0.1802228521655894,1
120834129,CA65909,2025-06-02 19:00:00+00:00,0,test,0.3227102338791699,0.1802228521655894,1
120842296,CA65909,2025-06-02 23:00:00+00:00,0,test,0.2649151461124766,0.1802228521655894,1
120852126,CA65909,2025-06-03 03:00:00+00:00,0,test,0.34091676593887765,0.1802228521655894,1
120863693,CA65909,2025-06-03 07:00:00+00:00,0,test,0.38732090620729626,0.1802228521655894,1
120871833,CA65909,2025-06-03 11:00:00+00:00,0,test,0.18708616175065232,0.1802228521655894,1
120883314,CA65909,2025-06-03 15:00:00+00:00,1,test,0.22208873794390985,0.1802228521655894,1
120894642,CA65909,2025-06-03 19:00:00+00:00,0,test,0.44777735284504405,0.1802228521655894,1
124026536,CA65909,2025-06-03 23:00:00+00:00,0,test,0.4576735501569804,0.1802228521655894,1
124026548,CA65909,2025-06-04 03:00:00+00:00,1,test,0.39711876159039605,0.1802228521655894,1
124026564,CA65909,2025-06-04 07:00:00+00:00,1,test,0.2116525711908473,0.1802228521655894,1
120935744,CA65909,2025-06-04 11:00:00+00:00,0,test,0.3200922804537846,0.1802228521655894,1
120945099,CA65909,2025-06-04 15:00:00+00:00,0,test,0.31417804744669153,0.1802228521655894,1
120955021,CA65909,2025-06-04 19:00:00+00:00,0,test,0.2642188285960433,0.1802228521655894,1
120975200,CA65909,2025-06-05 03:00:00+00:00,0,test,0.18284161589700412,0.1802228521655894,1
121581328,CA65909,2025-06-14 03:24:34+00:00,1,test,0.2968479249872546,0.1802228521655894,1
121591768,CA65909,2025-06-14 08:00:00+00:00,0,test,0.23396305961198954,0.1802228521655894,1
121603628,CA65909,2025-06-14 12:00:00+00:00,0,test,0.3403816888862788,0.1802228521655894,1
121615154,CA65909,2025-06-14 16:00:00+00:00,0,test,0.3080498843152065,0.1802228521655894,1
121624275,CA65909,2025-06-14 20:00:00+00:00,0,test,0.3806968123158597,0.1802228521655894,1
121635655,CA65909,2025-06-15 00:00:00+00:00,0,test,0.4805811031167175,0.1802228521655894,1
121646858,CA65909,2025-06-15 04:00:00+00:00,0,test,0.3767115616619905,0.1802228521655894,1
121657604,CA65909,2025-06-15 08:00:00+00:00,0,test,0.19872221981468563,0.1802228521655894,1
121664999,CA65909,2025-06-15 12:00:00+00:00,1,test,0.20171356918770866,0.1802228521655894,1
121676995,CA65909,2025-06-15 16:00:00+00:00,0,test,0.23758753289680123,0.1802228521655894,1
121685528,CA65909,2025-06-15 20:00:00+00:00,1,test,0.24540374629112535,0.1802228521655894,1
121697277,CA65909,2025-06-16 00:00:00+00:00,0,test,0.28116337532614366,0.1802228521655894,1
121705499,CA65909,2025-06-16 04:00:00+00:00,1,test,0.19652795017238225,0.1802228521655894,1
121713607,CA65909,2025-06-16 08:00:00+00:00,1,test,0.28624452084290863,0.1802228521655894,1
121730467,CA65909,2025-06-16 12:00:00+00:00,0,test,0.18901174253010697,0.1802228521655894,1
121740699,CA65909,2025-06-16 16:00:00+00:00,1,test,0.4112006905418897,0.1802228521655894,1
121819829,CA65909,2025-06-16 20:00:00+00:00,1,test,0.4580842738387343,0.1802228521655894,1
121847124,CA65909,2025-06-17 00:00:00+00:00,1,test,0.3248554272641374,0.1802228521655894,1
121853560,CA65909,2025-06-17 04:00:00+00:00,0,test,0.38972329000905725,0.1802228521655894,1
121861785,CA65909,2025-06-17 08:00:00+00:00,1,test,0.4019970198484115,0.1802228521655894,1
121878585,CA65909,2025-06-17 12:00:00+00:00,1,test,0.3833981464239839,0.1802228521655894,1
121902186,CA65909,2025-06-17 16:00:00+00:00,1,test,0.32543401167629726,0.1802228521655894,1
121924108,CA65909,2025-06-17 20:00:00+00:00,0,test,0.27516295941564867,0.1802228521655894,1
122428686,CA65909,2025-06-18 00:00:00+00:00,0,test,0.26596562465598833,0.1802228521655894,1
122989494,CA65909,2025-06-18 04:00:00+00:00,1,test,0.3360843083974185,0.1802228521655894,1
123005432,CA65909,2025-06-18 08:00:00+00:00,1,test,0.2631705695118172,0.1802228521655894,1
123015977,CA65909,2025-06-18 12:00:00+00:00,0,test,0.31746010155650234,0.1802228521655894,1
123037448,CA65909,2025-06-18 16:00:00+00:00,1,test,0.4361751609465855,0.1802228521655894,1
123107336,CA65909,2025-06-18 20:00:00+00:00,1,test,0.23523858798578381,0.1802228521655894,1
123126973,CA65909,2025-06-19 00:00:00+00:00,1,test,0.2350245044399854,0.1802228521655894,1
123138442,CA65909,2025-06-19 04:00:00+00:00,1,test,0.2463453062778971,0.1802228521655894,1
123150707,CA65909,2025-06-19 08:00:00+00:00,1,test,0.24208986095435214,0.1802228521655894,1
123164069,CA65909,2025-06-19 12:00:00+00:00,0,test,0.23261802054125844,0.1802228521655894,1
123175385,CA65909,2025-06-19 16:00:00+00:00,0,test,0.21127847225668894,0.1802228521655894,1
123186862,CA65909,2025-06-19 20:00:00+00:00,1,test,0.27468911104465243,0.1802228521655894,1
123197919,CA65909,2025-06-20 00:00:00+00:00,0,test,0.26923830625087064,0.1802228521655894,1
123208297,CA65909,2025-06-20 04:00:00+00:00,1,test,0.18130181998984832,0.1802228521655894,1
123221529,CA65909,2025-06-20 08:00:00+00:00,0,test,0.23602178111720445,0.1802228521655894,1
123232475,CA65909,2025-06-20 12:00:00+00:00,1,test,0.23216401781361481,0.1802228521655894,1
123243533,CA65909,2025-06-20 16:00:00+00:00,0,test,0.22572982424673013,0.1802228521655894,1
123256030,CA65909,2025-06-20 20:00:00+00:00,1,test,0.27710274780236543,0.1802228521655894,1
123267878,CA65909,2025-06-21 00:00:00+00:00,1,test,0.316789855861289,0.1802228521655894,1
123278610,CA65909,2025-06-21 04:00:00+00:00,0,test,0.4659998780870751,0.1802228521655894,1
123292666,CA65909,2025-06-21 08:00:00+00:00,1,test,0.40670334134142877,0.1802228521655894,1
123302074,CA65909,2025-06-21 12:00:00+00:00,1,test,0.3394283497582413,0.1802228521655894,1
123315180,CA65909,2025-06-21 16:00:00+00:00,1,test,0.3146349069717952,0.1802228521655894,1
123326721,CA65909,2025-06-21 20:00:00+00:00,1,test,0.25664760495382594,0.1802228521655894,1
123336612,CA65909,2025-06-22 00:00:00+00:00,0,test,0.31212905998724494,0.1802228521655894,1
123345179,CA65909,2025-06-22 04:00:00+00:00,1,test,0.20468163149239105,0.1802228521655894,1
123358215,CA65909,2025-06-22 08:00:00+00:00,0,test,0.24571886699790602,0.1802228521655894,1
123369659,CA65909,2025-06-22 12:00:00+00:00,0,test,0.21025242070310984,0.1802228521655894,1
123380232,CA65909,2025-06-22 16:00:00+00:00,1,test,0.24877396098498844,0.1802228521655894,1
123426109,CA65909,2025-06-23 09:00:00+00:00,0,test,0.1946492086876511,0.1802228521655894,1
123437402,CA65909,2025-06-23 13:00:00+00:00,0,test,0.183821149632067,0.1802228521655894,1
123490932,CA65909,2025-06-24 08:00:00+00:00,1,test,0.30970182828115644,0.1802228521655894,1
123500652,CA65909,2025-06-24 12:00:00+00:00,0,test,0.23083243192833353,0.1802228521655894,1
123512524,CA65909,2025-06-24 16:00:00+00:00,0,test,0.35317491721980787,0.1802228521655894,1
123950324,CA65909,2025-06-24 20:00:00+00:00,0,test,0.34433268756817775,0.1802228521655894,1
123961751,CA65909,2025-06-25 00:00:00+00:00,1,test,0.45624116535039766,0.1802228521655894,1
123975640,CA65909,2025-06-25 04:00:00+00:00,0,test,0.24104181392393287,0.1802228521655894,1
123987463,CA65909,2025-06-25 08:00:00+00:00,0,test,0.20824579867054974,0.1802228521655894,1
123998788,CA65909,2025-06-25 12:00:00+00:00,1,test,0.2610942499943064,0.1802228521655894,1
124007419,CA65909,2025-06-25 16:00:00+00:00,1,test,0.2605496699879597,0.1802228521655894,1
124022107,CA65909,2025-06-25 20:00:00+00:00,1,test,0.2388496764466718,0.1802228521655894,1
124038906,CA65909,2025-06-26 00:00:00+00:00,0,test,0.3216240942437082,0.1802228521655894,1
124050517,CA65909,2025-06-26 04:00:00+00:00,0,test,0.1847397480864711,0.1802228521655894,1
124063922,CA65909,2025-06-26 08:00:00+00:00,1,test,0.2756793250104336,0.1802228521655894,1
124079713,CA65909,2025-06-26 12:34:45+00:00,1,test,0.1984997734335101,0.1802228521655894,1
124094182,CA65909,2025-06-26 16:43:35+00:00,0,test,0.23246720859722356,0.1802228521655894,1
124114243,CA65909,2025-06-26 20:50:02+00:00,0,test,0.2778330517236553,0.1802228521655894,1
124125570,CA65909,2025-06-27 01:00:00+00:00,1,test,0.2251499498413813,0.1802228521655894,1
124136107,CA65909,2025-06-27 05:00:00+00:00,1,test,0.21082224323255613,0.1802228521655894,1
124149550,CA65909,2025-06-27 09:00:00+00:00,1,test,0.2031352704208184,0.1802228521655894,1
124161796,CA65909,2025-06-27 13:00:00+00:00,0,test,0.22521911707262096,0.1802228521655894,1
124173996,CA65909,2025-06-27 17:00:00+00:00,0,test,0.20520812508439665,0.1802228521655894,1
124197654,CA65909,2025-06-27 21:00:00+00:00,0,test,0.2838241039951552,0.1802228521655894,1
124206894,CA65909,2025-06-28 01:00:00+00:00,0,test,0.20864519980261662,0.1802228521655894,1
124220331,CA65909,2025-06-28 05:00:00+00:00,1,test,0.2448069566899829,0.1802228521655894,1
124231417,CA65909,2025-06-28 09:00:00+00:00,0,test,0.21726489881448977,0.1802228521655894,1
124250297,CA65909,2025-06-28 13:00:00+00:00,0,test,0.2665211902208107,0.1802228521655894,1
124265584,CA65909,2025-06-28 17:00:00+00:00,0,test,0.2385441560848081,0.1802228521655894,1
124278816,CA65909,2025-06-28 21:00:00+00:00,0,test,0.2673967671303194,0.1802228521655894,1
124293974,CA65909,2025-06-29 01:12:40+00:00,1,test,0.1870508253047676,0.1802228521655894,1
124307762,CA65909,2025-06-29 05:13:00+00:00,1,test,0.23835371175943088,0.1802228521655894,1
124319000,CA65909,2025-06-29 10:00:00+00:00,1,test,0.19946881422477605,0.1802228521655894,1
124334887,CA65909,2025-06-29 14:00:00+00:00,1,test,0.18832872503986353,0.1802228521655894,1
124346404,CA65909,2025-06-29 18:00:00+00:00,1,test,0.2609065881985533,0.1802228521655894,1
124355727,CA65909,2025-06-29 22:00:00+00:00,1,test,0.29123954083156023,0.1802228521655894,1
124370123,CA65909,2025-06-30 02:00:00+00:00,1,test,0.21625251386094518,0.1802228521655894,1
124378919,CA65909,2025-06-30 06:00:00+00:00,1,test,0.18395542989177918,0.1802228521655894,1
124392591,CA65909,2025-06-30 10:00:00+00:00,0,test,0.21368342263194906,0.1802228521655894,1
124404442,CA65909,2025-06-30 14:00:00+00:00,0,test,0.18964577223981166,0.1802228521655894,1
124420500,CA65909,2025-06-30 18:00:00+00:00,1,test,0.18628534048222437,0.1802228521655894,1
124441930,CA65909,2025-06-30 22:00:00+00:00,0,test,0.2381022785739408,0.1802228521655894,1
124454834,CA65909,2025-07-01 02:00:00+00:00,0,test,0.19898327190590553,0.1802228521655894,1
121687573,CA65915,2025-06-15 20:45:03+00:00,0,test,0.18791947227757372,0.1802228521655894,1
120809215,CA65924,2025-06-02 15:00:00+00:00,1,test,0.33758338634625445,0.1802228521655894,1
120832775,CA65924,2025-06-02 19:00:00+00:00,0,test,0.3276071096503621,0.1802228521655894,1
120844478,CA65924,2025-06-02 23:00:00+00:00,0,test,0.32895446514309157,0.1802228521655894,1
120854212,CA65924,2025-06-03 03:00:00+00:00,0,test,0.2846435410469069,0.1802228521655894,1
120862926,CA65924,2025-06-03 07:00:00+00:00,0,test,0.3486820341938619,0.1802228521655894,1
120873603,CA65924,2025-06-03 11:00:00+00:00,1,test,0.44117242053499767,0.1802228521655894,1
120883325,CA65924,2025-06-03 15:00:00+00:00,0,test,0.42371518479343656,0.1802228521655894,1
120895271,CA65924,2025-06-03 19:00:00+00:00,0,test,0.2782651706651097,0.1802228521655894,1
124026751,CA65924,2025-06-03 23:00:00+00:00,0,test,0.33234223945030944,0.1802228521655894,1
124026757,CA65924,2025-06-04 03:00:00+00:00,0,test,0.47684538338435595,0.1802228521655894,1
124026767,CA65924,2025-06-04 07:00:00+00:00,1,test,0.35879290610964953,0.1802228521655894,1
120934224,CA65924,2025-06-04 11:00:00+00:00,1,test,0.29124111791538043,0.1802228521655894,1
120945922,CA65924,2025-06-04 15:00:00+00:00,1,test,0.2843675845051727,0.1802228521655894,1
120955937,CA65924,2025-06-04 19:00:00+00:00,1,test,0.3067058492558019,0.1802228521655894,1
120965208,CA65924,2025-06-04 23:00:00+00:00,1,test,0.34755714797540765,0.1802228521655894,1
120977710,CA65924,2025-06-05 03:00:00+00:00,1,test,0.28552358228921193,0.1802228521655894,1
120986271,CA65924,2025-06-05 07:00:00+00:00,0,test,0.34231521873864545,0.1802228521655894,1
120997569,CA65924,2025-06-05 11:00:00+00:00,1,test,0.3370767527502874,0.1802228521655894,1
121008251,CA65924,2025-06-05 15:00:00+00:00,1,test,0.3332547651140846,0.1802228521655894,1
121019246,CA65924,2025-06-05 19:00:00+00:00,1,test,0.3712310253500042,0.1802228521655894,1
121033417,CA65924,2025-06-05 23:00:00+00:00,1,test,0.3215843985645801,0.1802228521655894,1
121042082,CA65924,2025-06-06 03:00:00+00:00,1,test,0.3277197424996079,0.1802228521655894,1
121053143,CA65924,2025-06-06 07:00:00+00:00,1,test,0.4684635057752109,0.1802228521655894,1
121064819,CA65924,2025-06-06 11:00:00+00:00,0,test,0.25114979626288,0.1802228521655894,1
121079960,CA65924,2025-06-06 15:00:00+00:00,1,test,0.31238218988571836,0.1802228521655894,1
121091011,CA65924,2025-06-06 19:00:00+00:00,0,test,0.30445509406954036,0.1802228521655894,1
121099195,CA65924,2025-06-06 23:00:00+00:00,0,test,0.2517688591958175,0.1802228521655894,1
121113959,CA65924,2025-06-07 03:00:00+00:00,0,test,0.4151139329217915,0.1802228521655894,1
121123241,CA65924,2025-06-07 07:00:00+00:00,0,test,0.28107936473401696,0.1802228521655894,1
121137550,CA65924,2025-06-07 11:00:00+00:00,0,test,0.38819204094466747,0.1802228521655894,1
121148243,CA65924,2025-06-07 15:00:00+00:00,0,test,0.4390622991554472,0.1802228521655894,1
121159041,CA65924,2025-06-07 19:00:00+00:00,0,test,0.2833994260584695,0.1802228521655894,1
121169079,CA65924,2025-06-07 23:00:00+00:00,0,test,0.3485301283362244,0.1802228521655894,1
121180619,CA65924,2025-06-08 03:00:00+00:00,0,test,0.26753892444900274,0.1802228521655894,1
121192633,CA65924,2025-06-08 07:00:00+00:00,0,test,0.20453585037816147,0.1802228521655894,1
121206798,CA65924,2025-06-08 12:00:00+00:00,0,test,0.24983808889894166,0.1802228521655894,1
121291438,CA65924,2025-06-09 17:30:39+00:00,0,test,0.22246913296400228,0.1802228521655894,1
121302573,CA65924,2025-06-09 21:45:20+00:00,0,test,0.26683669926358544,0.1802228521655894,1
121312786,CA65924,2025-06-10 02:00:00+00:00,0,test,0.317615698979443,0.1802228521655894,1
121323487,CA65924,2025-06-10 06:00:00+00:00,0,test,0.34876100986186925,0.1802228521655894,1
121337261,CA65924,2025-06-10 10:00:00+00:00,0,test,0.3951460592040239,0.1802228521655894,1
121348696,CA65924,2025-06-10 14:00:00+00:00,0,test,0.4026210080653949,0.1802228521655894,1
121358865,CA65924,2025-06-10 18:00:00+00:00,1,test,0.3471774671685035,0.1802228521655894,1
121368458,CA65924,2025-06-10 22:00:00+00:00,1,test,0.33200430676034515,0.1802228521655894,1
121379559,CA65924,2025-06-11 02:00:00+00:00,0,test,0.2633537669381196,0.1802228521655894,1
121389538,CA65924,2025-06-11 06:00:00+00:00,1,test,0.3400549934179788,0.1802228521655894,1
121399339,CA65924,2025-06-11 10:00:00+00:00,1,test,0.3471538816305346,0.1802228521655894,1
121409979,CA65924,2025-06-11 14:00:00+00:00,0,test,0.30549726127148774,0.1802228521655894,1
121423315,CA65924,2025-06-11 18:00:00+00:00,1,test,0.29402240254081674,0.1802228521655894,1
121434626,CA65924,2025-06-11 22:00:00+00:00,1,test,0.31601234474031464,0.1802228521655894,1
121444944,CA65924,2025-06-12 02:00:00+00:00,1,test,0.3112425499491015,0.1802228521655894,1
121457575,CA65924,2025-06-12 06:00:00+00:00,0,test,0.33993990446738226,0.1802228521655894,1
121467227,CA65924,2025-06-12 10:00:00+00:00,1,test,0.3201184159716831,0.1802228521655894,1
121477944,CA65924,2025-06-12 14:00:00+00:00,0,test,0.34397806319852137,0.1802228521655894,1
121491008,CA65924,2025-06-12 18:00:00+00:00,1,test,0.30232701143417506,0.1802228521655894,1
121499994,CA65924,2025-06-12 22:00:00+00:00,1,test,0.3438761475215098,0.1802228521655894,1
121511964,CA65924,2025-06-13 02:00:00+00:00,0,test,0.336106008918423,0.1802228521655894,1
121521450,CA65924,2025-06-13 06:00:00+00:00,1,test,0.3302480104057933,0.1802228521655894,1
121533020,CA65924,2025-06-13 10:00:00+00:00,1,test,0.33973001256657887,0.1802228521655894,1
121543922,CA65924,2025-06-13 14:00:00+00:00,1,test,0.3773245536595537,0.1802228521655894,1
121554161,CA65924,2025-06-13 18:00:00+00:00,1,test,0.27053380285516465,0.1802228521655894,1
121562806,CA65924,2025-06-13 22:00:00+00:00,0,test,0.3527534399721581,0.1802228521655894,1
121573784,CA65924,2025-06-14 02:00:00+00:00,1,test,0.2987116185148524,0.1802228521655894,1
121585035,CA65924,2025-06-14 06:00:00+00:00,1,test,0.3857430028861642,0.1802228521655894,1
121598510,CA65924,2025-06-14 10:00:00+00:00,1,test,0.33803853569641074,0.1802228521655894,1
121609620,CA65924,2025-06-14 14:00:00+00:00,1,test,0.30296153535563997,0.1802228521655894,1
121620462,CA65924,2025-06-14 18:00:00+00:00,1,test,0.30305163321975664,0.1802228521655894,1
121631423,CA65924,2025-06-14 22:00:00+00:00,1,test,0.34745924900337927,0.1802228521655894,1
121642186,CA65924,2025-06-15 02:00:00+00:00,1,test,0.2931129151256689,0.1802228521655894,1
121652586,CA65924,2025-06-15 06:00:00+00:00,1,test,0.29180340110784636,0.1802228521655894,1
121660925,CA65924,2025-06-15 10:00:00+00:00,1,test,0.287786092075714,0.1802228521655894,1
121671162,CA65924,2025-06-15 14:00:00+00:00,0,test,0.31609159265837283,0.1802228521655894,1
121682428,CA65924,2025-06-15 18:00:00+00:00,0,test,0.33526003728459053,0.1802228521655894,1
121691275,CA65924,2025-06-15 22:00:00+00:00,0,test,0.3626644325295235,0.1802228521655894,1
121700497,CA65924,2025-06-16 02:00:00+00:00,0,test,0.25944308934296256,0.1802228521655894,1
121708996,CA65924,2025-06-16 06:00:00+00:00,0,test,0.2667193014593753,0.1802228521655894,1
121730532,CA65924,2025-06-16 10:00:00+00:00,0,test,0.39158320373511607,0.1802228521655894,1
121731342,CA65924,2025-06-16 14:00:00+00:00,0,test,0.30893880239700106,0.1802228521655894,1
121774675,CA65924,2025-06-16 18:00:00+00:00,1,test,0.24776963781671962,0.1802228521655894,1
121839399,CA65924,2025-06-16 22:00:00+00:00,0,test,0.4259130369722188,0.1802228521655894,1
121850425,CA65924,2025-06-17 02:00:00+00:00,0,test,0.42623595020497673,0.1802228521655894,1
121858909,CA65924,2025-06-17 06:00:00+00:00,0,test,0.41023320808072333,0.1802228521655894,1
121867523,CA65924,2025-06-17 10:00:00+00:00,0,test,0.3179680342611255,0.1802228521655894,1
121897445,CA65924,2025-06-17 14:00:00+00:00,0,test,0.29640946023651266,0.1802228521655894,1
121915595,CA65924,2025-06-17 18:00:00+00:00,0,test,0.44087297349611987,0.1802228521655894,1
122059044,CA65924,2025-06-17 22:00:00+00:00,0,test,0.38602358714740054,0.1802228521655894,1
122910240,CA65924,2025-06-18 02:00:00+00:00,0,test,0.24174801079790373,0.1802228521655894,1
122992689,CA65924,2025-06-18 06:00:00+00:00,0,test,0.2768294164890272,0.1802228521655894,1
123011063,CA65924,2025-06-18 10:00:00+00:00,0,test,0.4307942720156923,0.1802228521655894,1
123020340,CA65924,2025-06-18 14:00:00+00:00,0,test,0.3091261103885435,0.1802228521655894,1
123061526,CA65924,2025-06-18 18:00:00+00:00,0,test,0.3347540853705062,0.1802228521655894,1
123123192,CA65924,2025-06-18 22:00:00+00:00,1,test,0.3607893237433102,0.1802228521655894,1
123132483,CA65924,2025-06-19 02:00:00+00:00,0,test,0.4525531295602613,0.1802228521655894,1
123143924,CA65924,2025-06-19 06:00:00+00:00,0,test,0.4278239193509824,0.1802228521655894,1
123157168,CA65924,2025-06-19 10:00:00+00:00,0,test,0.3281614350546275,0.1802228521655894,1
123168411,CA65924,2025-06-19 14:00:00+00:00,0,test,0.4157503499610729,0.1802228521655894,1
123180415,CA65924,2025-06-19 18:00:00+00:00,0,test,0.34725373327033976,0.1802228521655894,1
123191830,CA65924,2025-06-19 22:00:00+00:00,0,test,0.4049449547542593,0.1802228521655894,1
123203728,CA65924,2025-06-20 02:00:00+00:00,0,test,0.32607499884704294,0.1802228521655894,1
123213817,CA65924,2025-06-20 06:00:00+00:00,0,test,0.3650905683958172,0.1802228521655894,1
123228244,CA65924,2025-06-20 10:00:00+00:00,0,test,0.38995440143615234,0.1802228521655894,1
123237634,CA65924,2025-06-20 14:00:00+00:00,1,test,0.38882753086081123,0.1802228521655894,1
123252643,CA65924,2025-06-20 18:00:00+00:00,0,test,0.4096041231455314,0.1802228521655894,1
123261191,CA65924,2025-06-20 22:00:00+00:00,1,test,0.37334086511913644,0.1802228521655894,1
123274201,CA65924,2025-06-21 02:00:00+00:00,0,test,0.36021282332770094,0.1802228521655894,1
123286917,CA65924,2025-06-21 06:00:00+00:00,0,test,0.44574943811587586,0.1802228521655894,1
123297321,CA65924,2025-06-21 10:00:00+00:00,1,test,0.27417186013007244,0.1802228521655894,1
123309286,CA65924,2025-06-21 14:00:00+00:00,0,test,0.3669798019535879,0.1802228521655894,1
123318987,CA65924,2025-06-21 18:00:00+00:00,0,test,0.281911485476982,0.1802228521655894,1
123331127,CA65924,2025-06-21 22:00:00+00:00,0,test,0.34943155962219014,0.1802228521655894,1
123341742,CA65924,2025-06-22 02:00:00+00:00,0,test,0.2906611106039256,0.1802228521655894,1
123350795,CA65924,2025-06-22 06:00:00+00:00,0,test,0.26274525081680444,0.1802228521655894,1
123363827,CA65924,2025-06-22 10:00:00+00:00,0,test,0.26768022042823564,0.1802228521655894,1
123373973,CA65924,2025-06-22 14:00:00+00:00,0,test,0.2855348110368639,0.1802228521655894,1
123383541,CA65924,2025-06-22 18:00:00+00:00,1,test,0.24727332265579835,0.1802228521655894,1
123395622,CA65924,2025-06-22 22:00:00+00:00,0,test,0.23025176554745697,0.1802228521655894,1
124267184,CA65924,2025-06-28 17:54:13+00:00,0,test,0.2356394544674189,0.1802228521655894,1
124282701,CA65924,2025-06-28 22:00:00+00:00,0,test,0.29546394449886,0.1802228521655894,1
124293985,CA65924,2025-06-29 02:00:00+00:00,0,test,0.21951715824270454,0.1802228521655894,1
124309106,CA65924,2025-06-29 06:00:00+00:00,0,test,0.3627285773836225,0.1802228521655894,1
124320422,CA65924,2025-06-29 10:00:00+00:00,0,test,0.36043692720447235,0.1802228521655894,1
124332363,CA65924,2025-06-29 14:00:00+00:00,0,test,0.2279243582495193,0.1802228521655894,1
124345576,CA65924,2025-06-29 18:00:00+00:00,0,test,0.2790561384245182,0.1802228521655894,1
124355737,CA65924,2025-06-29 22:00:00+00:00,0,test,0.26807404741349544,0.1802228521655894,1
124370420,CA65924,2025-06-30 02:00:00+00:00,0,test,0.21164897640132574,0.1802228521655894,1
124380757,CA65924,2025-06-30 06:00:00+00:00,0,test,0.27544111282915995,0.1802228521655894,1
124392753,CA65924,2025-06-30 10:00:00+00:00,0,test,0.2567943422779712,0.1802228521655894,1
124402567,CA65924,2025-06-30 14:00:00+00:00,0,test,0.41467012598975933,0.1802228521655894,1
124422759,CA65924,2025-06-30 18:00:00+00:00,0,test,0.3914269240826389,0.1802228521655894,1
124442076,CA65924,2025-06-30 22:00:00+00:00,0,test,0.47265033236645876,0.1802228521655894,1
124452770,CA65924,2025-07-01 02:00:00+00:00,0,test,0.40098645590921467,0.1802228521655894,1
120810099,CA65925,2025-06-02 15:00:00+00:00,0,test,0.20117262822425672,0.1802228521655894,1
120832776,CA65925,2025-06-02 19:00:00+00:00,0,test,0.2785367977341758,0.1802228521655894,1
120844250,CA65925,2025-06-02 23:00:00+00:00,0,test,0.2660142543904319,0.1802228521655894,1
120852137,CA65925,2025-06-03 03:00:00+00:00,0,test,0.26951211357593485,0.1802228521655894,1
120863118,CA65925,2025-06-03 07:00:00+00:00,1,test,0.40449275118530814,0.1802228521655894,1
120874190,CA65925,2025-06-03 11:00:00+00:00,0,test,0.4162768614956568,0.1802228521655894,1
120884624,CA65925,2025-06-03 15:00:00+00:00,0,test,0.3177382909428205,0.1802228521655894,1
120894196,CA65925,2025-06-03 19:00:00+00:00,0,test,0.2854069140630069,0.1802228521655894,1
124026779,CA65925,2025-06-03 23:00:00+00:00,0,test,0.39514772139098064,0.1802228521655894,1
124026787,CA65925,2025-06-04 03:00:00+00:00,0,test,0.305351399751951,0.1802228521655894,1
124026795,CA65925,2025-06-04 07:00:00+00:00,0,test,0.295818959762114,0.1802228521655894,1
120934997,CA65925,2025-06-04 11:00:00+00:00,0,test,0.3585126406001469,0.1802228521655894,1
120946948,CA65925,2025-06-04 15:00:00+00:00,0,test,0.3153557430246842,0.1802228521655894,1
120955032,CA65925,2025-06-04 19:00:00+00:00,0,test,0.4115398141525083,0.1802228521655894,1
120965209,CA65925,2025-06-04 23:00:00+00:00,0,test,0.42542460001369636,0.1802228521655894,1
120975220,CA65925,2025-06-05 03:00:00+00:00,0,test,0.3792335583999538,0.1802228521655894,1
120986272,CA65925,2025-06-05 07:00:00+00:00,0,test,0.3803789790959383,0.1802228521655894,1
120999230,CA65925,2025-06-05 11:00:00+00:00,0,test,0.33178784547496454,0.1802228521655894,1
121008252,CA65925,2025-06-05 15:00:00+00:00,0,test,0.19816002533617677,0.1802228521655894,1
121022419,CA65925,2025-06-05 19:00:00+00:00,0,test,0.3354567801192414,0.1802228521655894,1
121031338,CA65925,2025-06-05 23:00:00+00:00,0,test,0.37292717512612955,0.1802228521655894,1
121044451,CA65925,2025-06-06 03:00:00+00:00,0,test,0.4083549865702963,0.1802228521655894,1
121055857,CA65925,2025-06-06 08:00:00+00:00,0,test,0.2323332367161521,0.1802228521655894,1
121101472,CA65925,2025-06-07 00:00:00+00:00,0,test,0.22105345254198758,0.1802228521655894,1
121351440,CA65925,2025-06-10 15:22:28+00:00,0,test,0.20921011971481251,0.1802228521655894,1
121366992,CA65925,2025-06-10 21:27:57+00:00,1,test,0.18360532886704112,0.1802228521655894,1
121377247,CA65925,2025-06-11 02:00:00+00:00,0,test,0.26162225245110093,0.1802228521655894,1
121388101,CA65925,2025-06-11 06:00:00+00:00,1,test,0.28277154958056133,0.1802228521655894,1
121400313,CA65925,2025-06-11 10:00:00+00:00,1,test,0.3047159280302411,0.1802228521655894,1
121412896,CA65925,2025-06-11 14:00:00+00:00,1,test,0.31497365809295064,0.1802228521655894,1
121420957,CA65925,2025-06-11 18:00:00+00:00,1,test,0.2160737673566258,0.1802228521655894,1
121433951,CA65925,2025-06-11 22:00:00+00:00,0,test,0.283943460523478,0.1802228521655894,1
121446275,CA65925,2025-06-12 02:00:00+00:00,0,test,0.2184554951332622,0.1802228521655894,1
121457815,CA65925,2025-06-12 06:00:00+00:00,0,test,0.4380822777944564,0.1802228521655894,1
121467452,CA65925,2025-06-12 10:00:00+00:00,0,test,0.41780695223563163,0.1802228521655894,1
121480512,CA65925,2025-06-12 14:00:00+00:00,1,test,0.4100587088589702,0.1802228521655894,1
121490407,CA65925,2025-06-12 18:00:00+00:00,0,test,0.38616076777986885,0.1802228521655894,1
121500997,CA65925,2025-06-12 22:00:00+00:00,1,test,0.5081913634279596,0.1802228521655894,1
121512837,CA65925,2025-06-13 02:00:00+00:00,0,test,0.4313085218099256,0.1802228521655894,1
121521451,CA65925,2025-06-13 06:00:00+00:00,0,test,0.4322035695475848,0.1802228521655894,1
121532258,CA65925,2025-06-13 10:00:00+00:00,0,test,0.4100036743018787,0.1802228521655894,1
121543741,CA65925,2025-06-13 14:00:00+00:00,0,test,0.3895825276485548,0.1802228521655894,1
121554162,CA65925,2025-06-13 18:00:00+00:00,0,test,0.4097860167150193,0.1802228521655894,1
121563851,CA65925,2025-06-13 22:00:00+00:00,0,test,0.5011253463679106,0.1802228521655894,1
121573785,CA65925,2025-06-14 02:00:00+00:00,0,test,0.3697387640925721,0.1802228521655894,1
121585036,CA65925,2025-06-14 06:00:00+00:00,0,test,0.4175497291629613,0.1802228521655894,1
121599026,CA65925,2025-06-14 10:00:00+00:00,0,test,0.3934280194353705,0.1802228521655894,1
121608111,CA65925,2025-06-14 14:00:00+00:00,0,test,0.3943138382725156,0.1802228521655894,1
121620998,CA65925,2025-06-14 18:00:00+00:00,0,test,0.4409046838595275,0.1802228521655894,1
121631905,CA65925,2025-06-14 22:00:00+00:00,0,test,0.5701394737764391,0.1802228521655894,1
121640750,CA65925,2025-06-15 02:00:00+00:00,0,test,0.3381920474087228,0.1802228521655894,1
121651678,CA65925,2025-06-15 06:00:00+00:00,0,test,0.4233798695170376,0.1802228521655894,1
121660731,CA65925,2025-06-15 10:00:00+00:00,0,test,0.2113130404569134,0.1802228521655894,1
121672804,CA65925,2025-06-15 14:24:06+00:00,0,test,0.19392753273711022,0.1802228521655894,1
121682968,CA65925,2025-06-15 19:00:00+00:00,0,test,0.27255833353606895,0.1802228521655894,1
121692387,CA65925,2025-06-15 23:00:00+00:00,0,test,0.3651294911121999,0.1802228521655894,1
121702096,CA65925,2025-06-16 03:00:00+00:00,0,test,0.292579600890574,0.1802228521655894,1
121712430,CA65925,2025-06-16 07:00:00+00:00,1,test,0.3129130088481528,0.1802228521655894,1
121730543,CA65925,2025-06-16 11:00:00+00:00,0,test,0.3124822483454413,0.1802228521655894,1
121740088,CA65925,2025-06-16 15:00:00+00:00,1,test,0.34992239357692934,0.1802228521655894,1
121802197,CA65925,2025-06-16 19:00:00+00:00,1,test,0.35869030984598854,0.1802228521655894,1
121839412,CA65925,2025-06-16 23:00:00+00:00,0,test,0.4627559825416299,0.1802228521655894,1
121851708,CA65925,2025-06-17 03:00:00+00:00,0,test,0.3791755424127672,0.1802228521655894,1
121859641,CA65925,2025-06-17 07:00:00+00:00,0,test,0.406456618069574,0.1802228521655894,1
122428699,CA65925,2025-06-17 23:18:02+00:00,1,test,0.2530796985533331,0.1802228521655894,1
122988544,CA65925,2025-06-18 03:36:25+00:00,1,test,0.19623307267862627,0.1802228521655894,1
123003594,CA65925,2025-06-18 07:41:14+00:00,0,test,0.24411101916927616,0.1802228521655894,1
123014840,CA65925,2025-06-18 12:00:00+00:00,1,test,0.34608992640503394,0.1802228521655894,1
123036445,CA65925,2025-06-18 16:00:00+00:00,1,test,0.36810533765616177,0.1802228521655894,1
123107584,CA65925,2025-06-18 20:00:00+00:00,1,test,0.34983477215479697,0.1802228521655894,1
123126984,CA65925,2025-06-19 00:00:00+00:00,1,test,0.45474868913775357,0.1802228521655894,1
123140907,CA65925,2025-06-19 04:00:00+00:00,0,test,0.4239719542753744,0.1802228521655894,1
123152285,CA65925,2025-06-19 08:00:00+00:00,0,test,0.44630488085684783,0.1802228521655894,1
123161306,CA65925,2025-06-19 12:00:00+00:00,1,test,0.37872783030014257,0.1802228521655894,1
123173893,CA65925,2025-06-19 16:00:00+00:00,1,test,0.3890597979301575,0.1802228521655894,1
123184781,CA65925,2025-06-19 20:00:00+00:00,0,test,0.23463381201064765,0.1802228521655894,1
123196018,CA65925,2025-06-20 00:00:00+00:00,0,test,0.18954054181389435,0.1802228521655894,1
123210450,CA65925,2025-06-20 04:00:00+00:00,0,test,0.25618807826696605,0.1802228521655894,1
123219399,CA65925,2025-06-20 08:00:00+00:00,0,test,0.2998120734090375,0.1802228521655894,1
123231668,CA65925,2025-06-20 12:00:00+00:00,0,test,0.20949893130974948,0.1802228521655894,1
123243544,CA65925,2025-06-20 16:00:00+00:00,0,test,0.26012870775434477,0.1802228521655894,1
123256041,CA65925,2025-06-20 20:00:00+00:00,0,test,0.2534597886573338,0.1802228521655894,1
123267889,CA65925,2025-06-21 00:00:00+00:00,0,test,0.3823348660440022,0.1802228521655894,1
123281152,CA65925,2025-06-21 04:00:00+00:00,0,test,0.33739172968085146,0.1802228521655894,1
123292457,CA65925,2025-06-21 08:00:00+00:00,0,test,0.35871205043040716,0.1802228521655894,1
123302085,CA65925,2025-06-21 12:00:00+00:00,1,test,0.3185378702263606,0.1802228521655894,1
123316061,CA65925,2025-06-21 16:00:00+00:00,0,test,0.29162745289884495,0.1802228521655894,1
123324306,CA65925,2025-06-21 20:00:00+00:00,0,test,0.30898187237271335,0.1802228521655894,1
123336732,CA65925,2025-06-22 00:00:00+00:00,0,test,0.43923487450191795,0.1802228521655894,1
123347477,CA65925,2025-06-22 04:00:00+00:00,0,test,0.4096985184931036,0.1802228521655894,1
123356385,CA65925,2025-06-22 08:00:00+00:00,0,test,0.42623138271548827,0.1802228521655894,1
123367431,CA65925,2025-06-22 12:00:00+00:00,0,test,0.36158329365657993,0.1802228521655894,1
123380664,CA65925,2025-06-22 16:00:00+00:00,0,test,0.4232177411214548,0.1802228521655894,1
123389748,CA65925,2025-06-22 20:00:00+00:00,0,test,0.4427549749809995,0.1802228521655894,1
123403496,CA65925,2025-06-23 00:00:00+00:00,0,test,0.4616604183095532,0.1802228521655894,1
123414893,CA65925,2025-06-23 04:00:00+00:00,0,test,0.363233074141457,0.1802228521655894,1
123425257,CA65925,2025-06-23 08:00:00+00:00,0,test,0.40022650997227516,0.1802228521655894,1
123434762,CA65925,2025-06-23 12:00:00+00:00,0,test,0.3522951423355201,0.1802228521655894,1
123448396,CA65925,2025-06-23 16:00:00+00:00,0,test,0.3583480747904692,0.1802228521655894,1
123458074,CA65925,2025-06-23 20:00:00+00:00,0,test,0.36707889862152676,0.1802228521655894,1
123468788,CA65925,2025-06-24 00:00:00+00:00,0,test,0.43322101785682404,0.1802228521655894,1
123478468,CA65925,2025-06-24 04:00:00+00:00,0,test,0.3500600653630169,0.1802228521655894,1
123491583,CA65925,2025-06-24 08:00:00+00:00,0,test,0.37594016876153424,0.1802228521655894,1
123500663,CA65925,2025-06-24 12:00:00+00:00,0,test,0.3615708101337136,0.1802228521655894,1
123511255,CA65925,2025-06-24 16:00:00+00:00,0,test,0.35077820756016725,0.1802228521655894,1
123950182,CA65925,2025-06-24 20:00:00+00:00,0,test,0.3675301638686745,0.1802228521655894,1
123989648,CA65925,2025-06-25 08:30:00+00:00,0,test,0.2130051273165466,0.1802228521655894,1
124006001,CA65925,2025-06-25 14:14:46+00:00,0,test,0.20611050382293472,0.1802228521655894,1
124018721,CA65925,2025-06-25 18:32:06+00:00,0,test,0.31224158180002215,0.1802228521655894,1
124036551,CA65925,2025-06-25 23:00:00+00:00,0,test,0.3819384635972904,0.1802228521655894,1
124049414,CA65925,2025-06-26 03:00:00+00:00,0,test,0.3028811953142658,0.1802228521655894,1
124061410,CA65925,2025-06-26 07:00:00+00:00,1,test,0.4530426155033734,0.1802228521655894,1
124074644,CA65925,2025-06-26 11:00:00+00:00,0,test,0.4241637648669084,0.1802228521655894,1
124084705,CA65925,2025-06-26 15:00:00+00:00,0,test,0.35273631526134736,0.1802228521655894,1
124099062,CA65925,2025-06-26 19:00:00+00:00,1,test,0.2868771186753766,0.1802228521655894,1
124119668,CA65925,2025-06-26 23:00:00+00:00,0,test,0.45797897796636433,0.1802228521655894,1
124131835,CA65925,2025-06-27 03:00:00+00:00,1,test,0.31872649475706943,0.1802228521655894,1
124143768,CA65925,2025-06-27 07:00:00+00:00,1,test,0.33765481109649165,0.1802228521655894,1
124153189,CA65925,2025-06-27 11:00:00+00:00,1,test,0.4092371455105896,0.1802228521655894,1
124165829,CA65925,2025-06-27 15:00:00+00:00,0,test,0.37407881892567424,0.1802228521655894,1
124183544,CA65925,2025-06-27 19:00:00+00:00,0,test,0.369486631881742,0.1802228521655894,1
124203353,CA65925,2025-06-27 23:00:00+00:00,0,test,0.43682292068764433,0.1802228521655894,1
124212321,CA65925,2025-06-28 03:00:00+00:00,0,test,0.37431320005519747,0.1802228521655894,1
124225763,CA65925,2025-06-28 07:00:00+00:00,0,test,0.4420371455180771,0.1802228521655894,1
124244977,CA65925,2025-06-28 11:00:00+00:00,0,test,0.44016236742948867,0.1802228521655894,1
124257690,CA65925,2025-06-28 15:00:00+00:00,0,test,0.3464835176579955,0.1802228521655894,1
124269189,CA65925,2025-06-28 19:00:00+00:00,1,test,0.3215395898015581,0.1802228521655894,1
124283622,CA65925,2025-06-28 23:00:00+00:00,0,test,0.43429332571332563,0.1802228521655894,1
124297181,CA65925,2025-06-29 03:00:00+00:00,0,test,0.4081668898305237,0.1802228521655894,1
124309921,CA65925,2025-06-29 07:00:00+00:00,0,test,0.39331078078321735,0.1802228521655894,1
124322690,CA65925,2025-06-29 11:00:00+00:00,0,test,0.420709453855466,0.1802228521655894,1
124335770,CA65925,2025-06-29 15:00:00+00:00,0,test,0.4781757877702705,0.1802228521655894,1
124348175,CA65925,2025-06-29 19:00:00+00:00,0,test,0.49526845592306556,0.1802228521655894,1
124360225,CA65925,2025-06-29 23:00:00+00:00,0,test,0.5962247544923162,0.1802228521655894,1
124373032,CA65925,2025-06-30 03:00:00+00:00,0,test,0.4288739731536068,0.1802228521655894,1
124382008,CA65925,2025-06-30 07:00:00+00:00,0,test,0.4691660798770915,0.1802228521655894,1
124395425,CA65925,2025-06-30 11:00:00+00:00,0,test,0.3780308405012945,0.1802228521655894,1
124408333,CA65925,2025-06-30 15:00:00+00:00,0,test,0.36879678620027684,0.1802228521655894,1
124423505,CA65925,2025-06-30 19:00:00+00:00,0,test,0.1892628670808556,0.1802228521655894,1
124445718,CA65925,2025-06-30 23:00:00+00:00,0,test,0.3218710487888339,0.1802228521655894,1
124455605,CA65925,2025-07-01 03:00:00+00:00,0,test,0.32116242168220044,0.1802228521655894,1
120866322,CA65926,2025-06-03 07:59:02+00:00,1,test,0.29113646248987185,0.1802228521655894,1
120875202,CA65926,2025-06-03 12:00:00+00:00,1,test,0.22203582075066747,0.1802228521655894,1
120886537,CA65926,2025-06-03 16:00:00+00:00,0,test,0.275082572209172,0.1802228521655894,1
120895741,CA65926,2025-06-03 20:00:00+00:00,0,test,0.24764918196333302,0.1802228521655894,1
124026811,CA65926,2025-06-04 00:00:00+00:00,0,test,0.4341627535162474,0.1802228521655894,1
124026824,CA65926,2025-06-04 04:00:00+00:00,0,test,0.4578252458087177,0.1802228521655894,1
124026835,CA65926,2025-06-04 08:00:00+00:00,0,test,0.4842746425868221,0.1802228521655894,1
120937053,CA65926,2025-06-04 12:00:00+00:00,1,test,0.3201965654387,0.1802228521655894,1
120947301,CA65926,2025-06-04 16:00:00+00:00,0,test,0.2094550076389132,0.1802228521655894,1
120959314,CA65926,2025-06-04 20:00:00+00:00,0,test,0.3982650674458938,0.1802228521655894,1
120969998,CA65926,2025-06-05 00:00:00+00:00,1,test,0.4546366776196103,0.1802228521655894,1
120979989,CA65926,2025-06-05 04:00:00+00:00,0,test,0.48641991460074774,0.1802228521655894,1
120990569,CA65926,2025-06-05 08:00:00+00:00,0,test,0.3813180756907568,0.1802228521655894,1
121000565,CA65926,2025-06-05 12:00:00+00:00,0,test,0.3901424955360012,0.1802228521655894,1
121010942,CA65926,2025-06-05 16:00:00+00:00,0,test,0.3806440524883397,0.1802228521655894,1
121022894,CA65926,2025-06-05 20:00:00+00:00,1,test,0.432610809269227,0.1802228521655894,1
121034164,CA65926,2025-06-06 00:00:00+00:00,0,test,0.25578440855156553,0.1802228521655894,1
121044818,CA65926,2025-06-06 04:00:00+00:00,0,test,0.3465106306754498,0.1802228521655894,1
121055860,CA65926,2025-06-06 08:00:00+00:00,0,test,0.3472274641165479,0.1802228521655894,1
121069272,CA65926,2025-06-06 12:00:00+00:00,1,test,0.5191098303189758,0.1802228521655894,1
121082567,CA65926,2025-06-06 16:00:00+00:00,1,test,0.3973025607421255,0.1802228521655894,1
121091014,CA65926,2025-06-06 20:00:00+00:00,0,test,0.25306286754557467,0.1802228521655894,1
121101473,CA65926,2025-06-07 00:00:00+00:00,0,test,0.4020575639457584,0.1802228521655894,1
121117824,CA65926,2025-06-07 04:00:00+00:00,1,test,0.34216937644372475,0.1802228521655894,1
121127472,CA65926,2025-06-07 08:00:00+00:00,0,test,0.39099250197788527,0.1802228521655894,1
121138175,CA65926,2025-06-07 12:00:00+00:00,0,test,0.39707599166933294,0.1802228521655894,1
121150036,CA65926,2025-06-07 16:00:00+00:00,0,test,0.5322467871167975,0.1802228521655894,1
121162682,CA65926,2025-06-07 20:00:00+00:00,0,test,0.37869615976526105,0.1802228521655894,1
121173347,CA65926,2025-06-08 00:00:00+00:00,0,test,0.39932018442325434,0.1802228521655894,1
121185060,CA65926,2025-06-08 04:00:00+00:00,1,test,0.3282855068720295,0.1802228521655894,1
121195580,CA65926,2025-06-08 08:00:00+00:00,1,test,0.3960162204007418,0.1802228521655894,1
121208808,CA65926,2025-06-08 12:00:00+00:00,0,test,0.35364486398183376,0.1802228521655894,1
121218894,CA65926,2025-06-08 16:00:00+00:00,1,test,0.3352043305032382,0.1802228521655894,1
121229447,CA65926,2025-06-08 20:00:00+00:00,1,test,0.407378305243195,0.1802228521655894,1
121243197,CA65926,2025-06-09 00:00:00+00:00,1,test,0.5890485110357746,0.1802228521655894,1
121254264,CA65926,2025-06-09 04:00:00+00:00,1,test,0.3824522062868567,0.1802228521655894,1
121264979,CA65926,2025-06-09 08:00:00+00:00,0,test,0.4057041606746372,0.1802228521655894,1
121273818,CA65926,2025-06-09 12:00:00+00:00,0,test,0.3305878084793265,0.1802228521655894,1
121286193,CA65926,2025-06-09 16:00:00+00:00,0,test,0.4899573858150172,0.1802228521655894,1
121297658,CA65926,2025-06-09 20:00:00+00:00,1,test,0.38859247604681485,0.1802228521655894,1
121307929,CA65926,2025-06-10 00:00:00+00:00,1,test,0.43220863513170654,0.1802228521655894,1
121319940,CA65926,2025-06-10 04:00:00+00:00,1,test,0.43347029349207317,0.1802228521655894,1
121328723,CA65926,2025-06-10 08:00:00+00:00,1,test,0.3606515010587884,0.1802228521655894,1
121342346,CA65926,2025-06-10 12:00:00+00:00,0,test,0.3305994875725387,0.1802228521655894,1
121351441,CA65926,2025-06-10 16:00:00+00:00,1,test,0.35367035090397225,0.1802228521655894,1
121364138,CA65926,2025-06-10 20:00:00+00:00,1,test,0.2668474073283069,0.1802228521655894,1
121371750,CA65926,2025-06-11 00:00:00+00:00,1,test,0.42375611897366544,0.1802228521655894,1
121382420,CA65926,2025-06-11 04:00:00+00:00,0,test,0.3070969442536394,0.1802228521655894,1
121394179,CA65926,2025-06-11 08:00:00+00:00,0,test,0.3231893277434429,0.1802228521655894,1
121404526,CA65926,2025-06-11 12:00:00+00:00,1,test,0.48850695287398826,0.1802228521655894,1
121416482,CA65926,2025-06-11 16:00:00+00:00,1,test,0.3951898718098148,0.1802228521655894,1
121429482,CA65926,2025-06-11 20:00:00+00:00,1,test,0.43580698498156867,0.1802228521655894,1
121440831,CA65926,2025-06-12 00:00:00+00:00,1,test,0.3204312177765493,0.1802228521655894,1
121451395,CA65926,2025-06-12 04:00:00+00:00,1,test,0.4938902508977498,0.1802228521655894,1
121462985,CA65926,2025-06-12 08:00:00+00:00,0,test,0.36325072650912194,0.1802228521655894,1
121472819,CA65926,2025-06-12 12:00:00+00:00,1,test,0.3948878767199986,0.1802228521655894,1
121483712,CA65926,2025-06-12 16:00:00+00:00,1,test,0.3042528547198462,0.1802228521655894,1
121496134,CA65926,2025-06-12 20:00:00+00:00,1,test,0.4090467356578821,0.1802228521655894,1
121507443,CA65926,2025-06-13 00:00:00+00:00,1,test,0.45145859756434376,0.1802228521655894,1
121517379,CA65926,2025-06-13 04:00:00+00:00,1,test,0.50100067221638,0.1802228521655894,1
121527039,CA65926,2025-06-13 08:00:00+00:00,1,test,0.4737531163571797,0.1802228521655894,1
121539345,CA65926,2025-06-13 12:00:00+00:00,1,test,0.5130025605423745,0.1802228521655894,1
121547906,CA65926,2025-06-13 16:00:00+00:00,1,test,0.3795319853199503,0.1802228521655894,1
121560274,CA65926,2025-06-13 20:00:00+00:00,1,test,0.4310155871761561,0.1802228521655894,1
121570043,CA65926,2025-06-14 00:00:00+00:00,1,test,0.34432004160574786,0.1802228521655894,1
121582183,CA65926,2025-06-14 04:00:00+00:00,1,test,0.35230976581809037,0.1802228521655894,1
121592362,CA65926,2025-06-14 08:00:00+00:00,1,test,0.45750041904161043,0.1802228521655894,1
121603632,CA65926,2025-06-14 12:00:00+00:00,1,test,0.4876202659658851,0.1802228521655894,1
121615403,CA65926,2025-06-14 16:00:00+00:00,1,test,0.4482529131810211,0.1802228521655894,1
121624288,CA65926,2025-06-14 20:00:00+00:00,1,test,0.45258366730865024,0.1802228521655894,1
121638242,CA65926,2025-06-15 00:00:00+00:00,1,test,0.5288255057558747,0.1802228521655894,1
121648220,CA65926,2025-06-15 04:00:00+00:00,1,test,0.39083475890096314,0.1802228521655894,1
121656504,CA65926,2025-06-15 08:00:00+00:00,1,test,0.3257598434823035,0.1802228521655894,1
121665011,CA65926,2025-06-15 12:00:00+00:00,1,test,0.4032294754706334,0.1802228521655894,1
121677337,CA65926,2025-06-15 16:00:00+00:00,0,test,0.4582958749883404,0.1802228521655894,1
121687452,CA65926,2025-06-15 20:00:00+00:00,0,test,0.441060720066146,0.1802228521655894,1
121695006,CA65926,2025-06-16 00:00:00+00:00,1,test,0.44831280883721,0.1802228521655894,1
121706162,CA65926,2025-06-16 04:00:00+00:00,1,test,0.43529855656726946,0.1802228521655894,1
121715016,CA65926,2025-06-16 08:00:00+00:00,0,test,0.38526862731164285,0.1802228521655894,1
121730558,CA65926,2025-06-16 12:00:00+00:00,0,test,0.3063570794151608,0.1802228521655894,1
121740713,CA65926,2025-06-16 16:00:00+00:00,1,test,0.4497613577105076,0.1802228521655894,1
121821558,CA65926,2025-06-16 20:00:00+00:00,1,test,0.364614564380346,0.1802228521655894,1
121840916,CA65926,2025-06-17 00:00:00+00:00,0,test,0.34118425448906947,0.1802228521655894,1
121852149,CA65926,2025-06-17 04:00:00+00:00,0,test,0.257330149382121,0.1802228521655894,1
121861797,CA65926,2025-06-17 08:00:00+00:00,0,test,0.18470052489554709,0.1802228521655894,1
121902198,CA65926,2025-06-17 16:00:00+00:00,0,test,0.2086894932265173,0.1802228521655894,1
121924121,CA65926,2025-06-17 20:00:00+00:00,0,test,0.34290906882944255,0.1802228521655894,1
122663709,CA65926,2025-06-18 00:00:00+00:00,0,test,0.444582071625926,0.1802228521655894,1
122989496,CA65926,2025-06-18 04:00:00+00:00,0,test,0.3631443503166849,0.1802228521655894,1
123005874,CA65926,2025-06-18 08:00:00+00:00,0,test,0.42153236198805744,0.1802228521655894,1
123016497,CA65926,2025-06-18 12:00:00+00:00,0,test,0.32088517999172333,0.1802228521655894,1
123031855,CA65926,2025-06-18 16:00:00+00:00,1,test,0.23366899039586891,0.1802228521655894,1
123107844,CA65926,2025-06-18 20:00:00+00:00,0,test,0.3024229731731456,0.1802228521655894,1
123128319,CA65926,2025-06-19 00:00:00+00:00,0,test,0.3853615072790277,0.1802228521655894,1
123138455,CA65926,2025-06-19 04:00:00+00:00,0,test,0.32299593958870726,0.1802228521655894,1
123151681,CA65926,2025-06-19 08:00:00+00:00,0,test,0.4019204700224623,0.1802228521655894,1
123161327,CA65926,2025-06-19 12:00:00+00:00,0,test,0.39681564306051187,0.1802228521655894,1
123172493,CA65926,2025-06-19 16:00:00+00:00,0,test,0.37244690671569114,0.1802228521655894,1
123187201,CA65926,2025-06-19 20:00:00+00:00,1,test,0.5026504975847863,0.1802228521655894,1
123196020,CA65926,2025-06-20 00:00:00+00:00,0,test,0.5488873640218888,0.1802228521655894,1
123209875,CA65926,2025-06-20 04:00:00+00:00,1,test,0.33903366198793566,0.1802228521655894,1
123221260,CA65926,2025-06-20 08:00:00+00:00,0,test,0.40480701625668625,0.1802228521655894,1
123232638,CA65926,2025-06-20 12:00:00+00:00,1,test,0.4006539669392581,0.1802228521655894,1
123243545,CA65926,2025-06-20 16:00:00+00:00,1,test,0.35872019041006076,0.1802228521655894,1
123257818,CA65926,2025-06-20 20:00:00+00:00,0,test,0.3144347075450195,0.1802228521655894,1
123267890,CA65926,2025-06-21 00:00:00+00:00,0,test,0.36835134028452565,0.1802228521655894,1
123280011,CA65926,2025-06-21 04:00:00+00:00,0,test,0.2861418660736192,0.1802228521655894,1
123293067,CA65926,2025-06-21 08:00:00+00:00,1,test,0.4476513509390818,0.1802228521655894,1
123302086,CA65926,2025-06-21 12:00:00+00:00,0,test,0.39109517282527756,0.1802228521655894,1
123315182,CA65926,2025-06-21 16:00:00+00:00,0,test,0.44027080687678416,0.1802228521655894,1
123324307,CA65926,2025-06-21 20:00:00+00:00,1,test,0.4287833022947022,0.1802228521655894,1
123335313,CA65926,2025-06-22 00:00:00+00:00,0,test,0.4866517149400673,0.1802228521655894,1
123345192,CA65926,2025-06-22 04:00:00+00:00,1,test,0.3443962032321718,0.1802228521655894,1
123358645,CA65926,2025-06-22 08:00:00+00:00,1,test,0.39220002396227394,0.1802228521655894,1
123368568,CA65926,2025-06-22 12:00:00+00:00,1,test,0.42443993521340884,0.1802228521655894,1
123379114,CA65926,2025-06-22 16:00:00+00:00,1,test,0.4341558139363802,0.1802228521655894,1
123392436,CA65926,2025-06-22 20:00:00+00:00,1,test,0.4016245111648745,0.1802228521655894,1
123401240,CA65926,2025-06-23 00:00:00+00:00,1,test,0.3934254892686945,0.1802228521655894,1
123414896,CA65926,2025-06-23 04:00:00+00:00,1,test,0.31932666867872483,0.1802228521655894,1
123426121,CA65926,2025-06-23 08:00:00+00:00,1,test,0.41685715445724525,0.1802228521655894,1
123437414,CA65926,2025-06-23 12:00:00+00:00,1,test,0.35898481482566486,0.1802228521655894,1
123447856,CA65926,2025-06-23 16:00:00+00:00,1,test,0.3651197408590382,0.1802228521655894,1
123458883,CA65926,2025-06-23 20:00:00+00:00,1,test,0.30879726075690417,0.1802228521655894,1
123467524,CA65926,2025-06-24 00:00:00+00:00,1,test,0.4409549290231889,0.1802228521655894,1
123480411,CA65926,2025-06-24 04:00:00+00:00,1,test,0.41695467780686213,0.1802228521655894,1
123491584,CA65926,2025-06-24 08:00:00+00:00,1,test,0.32494613649125825,0.1802228521655894,1
123502845,CA65926,2025-06-24 12:00:00+00:00,1,test,0.2581558322586003,0.1802228521655894,1
123511256,CA65926,2025-06-24 16:00:00+00:00,0,test,0.2615477412934089,0.1802228521655894,1
123950741,CA65926,2025-06-24 21:00:00+00:00,1,test,0.24300772350603658,0.1802228521655894,1
123967132,CA65926,2025-06-25 01:00:00+00:00,1,test,0.3361138109339375,0.1802228521655894,1
123978260,CA65926,2025-06-25 05:00:00+00:00,1,test,0.38750507350368857,0.1802228521655894,1
123989785,CA65926,2025-06-25 09:00:00+00:00,1,test,0.47391977566991134,0.1802228521655894,1
123998801,CA65926,2025-06-25 13:00:00+00:00,1,test,0.37319976003305055,0.1802228521655894,1
124012981,CA65926,2025-06-25 17:00:00+00:00,1,test,0.4629754479078604,0.1802228521655894,1
124031777,CA65926,2025-06-25 21:00:00+00:00,1,test,0.42196542453455727,0.1802228521655894,1
124043165,CA65926,2025-06-26 01:00:00+00:00,1,test,0.35074446684300997,0.1802228521655894,1
124053065,CA65926,2025-06-26 05:00:00+00:00,1,test,0.34159000776345205,0.1802228521655894,1
124068812,CA65926,2025-06-26 09:00:00+00:00,1,test,0.32265211037902786,0.1802228521655894,1
124077474,CA65926,2025-06-26 13:00:00+00:00,1,test,0.3412112902774786,0.1802228521655894,1
124094810,CA65926,2025-06-26 17:00:00+00:00,1,test,0.337406076042129,0.1802228521655894,1
124115674,CA65926,2025-06-26 21:00:00+00:00,1,test,0.3332340775582602,0.1802228521655894,1
124125582,CA65926,2025-06-27 01:00:00+00:00,1,test,0.2951265387430064,0.1802228521655894,1
124138367,CA65926,2025-06-27 05:00:00+00:00,1,test,0.43917142761572886,0.1802228521655894,1
124149343,CA65926,2025-06-27 09:00:00+00:00,1,test,0.35348169999296175,0.1802228521655894,1
124162468,CA65926,2025-06-27 13:00:00+00:00,1,test,0.3579543358797323,0.1802228521655894,1
124173313,CA65926,2025-06-27 17:00:00+00:00,1,test,0.29743383784321525,0.1802228521655894,1
124197656,CA65926,2025-06-27 21:00:00+00:00,1,test,0.396164078921801,0.1802228521655894,1
124209136,CA65926,2025-06-28 01:00:00+00:00,1,test,0.3182136881733795,0.1802228521655894,1
124219136,CA65926,2025-06-28 05:00:00+00:00,1,test,0.41145003977565353,0.1802228521655894,1
124231418,CA65926,2025-06-28 09:00:00+00:00,1,test,0.37192618678368145,0.1802228521655894,1
124251158,CA65926,2025-06-28 13:00:00+00:00,1,test,0.3750152109759941,0.1802228521655894,1
124263892,CA65926,2025-06-28 17:00:00+00:00,1,test,0.5075767758422972,0.1802228521655894,1
124279033,CA65926,2025-06-28 21:00:00+00:00,1,test,0.4770134330120784,0.1802228521655894,1
124290513,CA65926,2025-06-29 01:00:00+00:00,1,test,0.4100437485856437,0.1802228521655894,1
124303596,CA65926,2025-06-29 05:00:00+00:00,0,test,0.2870024516986011,0.1802228521655894,1
124316113,CA65926,2025-06-29 09:00:00+00:00,0,test,0.22229874522501855,0.1802228521655894,1
124338542,CA65926,2025-06-29 16:00:00+00:00,0,test,0.21668844654158095,0.1802228521655894,1
124352015,CA65926,2025-06-29 20:00:00+00:00,1,test,0.35237961092762127,0.1802228521655894,1
124364625,CA65926,2025-06-30 00:00:00+00:00,1,test,0.40841143091963306,0.1802228521655894,1
124373749,CA65926,2025-06-30 04:00:00+00:00,1,test,0.3520831160578098,0.1802228521655894,1
124386836,CA65926,2025-06-30 08:00:00+00:00,1,test,0.40359100390707503,0.1802228521655894,1
124396138,CA65926,2025-06-30 12:00:00+00:00,1,test,0.4345226229475213,0.1802228521655894,1
124408335,CA65926,2025-06-30 16:00:00+00:00,1,test,0.2810525135261906,0.1802228521655894,1
124438855,CA65926,2025-06-30 20:00:00+00:00,1,test,0.3840465052319852,0.1802228521655894,1
124448917,CA65926,2025-07-01 00:00:00+00:00,1,test,0.4579720108994279,0.1802228521655894,1
120810218,CA65927,2025-06-02 15:00:00+00:00,0,test,0.6248946308379294,0.1802228521655894,1
120832778,CA65927,2025-06-02 19:00:00+00:00,1,test,0.629261347756307,0.1802228521655894,1
120842310,CA65927,2025-06-02 23:00:00+00:00,1,test,0.7095093652166937,0.1802228521655894,1
120854213,CA65927,2025-06-03 03:00:00+00:00,1,test,0.5835603282309227,0.1802228521655894,1
120863694,CA65927,2025-06-03 07:00:00+00:00,1,test,0.5888326086006881,0.1802228521655894,1
120871846,CA65927,2025-06-03 11:00:00+00:00,1,test,0.6377451534079064,0.1802228521655894,1
120885550,CA65927,2025-06-03 15:00:00+00:00,1,test,0.6279654398537005,0.1802228521655894,1
120895394,CA65927,2025-06-03 19:00:00+00:00,1,test,0.5843398376034123,0.1802228521655894,1
124026847,CA65927,2025-06-03 23:00:00+00:00,1,test,0.680252721139443,0.1802228521655894,1
124026851,CA65927,2025-06-04 03:00:00+00:00,1,test,0.6534878523896659,0.1802228521655894,1
124026862,CA65927,2025-06-04 07:00:00+00:00,1,test,0.6859312957167649,0.1802228521655894,1
120934228,CA65927,2025-06-04 11:00:00+00:00,1,test,0.6284772769960039,0.1802228521655894,1
120945113,CA65927,2025-06-04 15:00:00+00:00,1,test,0.5759803459911375,0.1802228521655894,1
120956356,CA65927,2025-06-04 19:00:00+00:00,0,test,0.6490521431143398,0.1802228521655894,1
120965211,CA65927,2025-06-04 23:00:00+00:00,0,test,0.6656680487925201,0.1802228521655894,1
120977712,CA65927,2025-06-05 03:00:00+00:00,0,test,0.6002769036288397,0.1802228521655894,1
120986274,CA65927,2025-06-05 07:00:00+00:00,0,test,0.625321795209454,0.1802228521655894,1
120997323,CA65927,2025-06-05 11:00:00+00:00,0,test,0.6262689139383711,0.1802228521655894,1
121008254,CA65927,2025-06-05 15:00:00+00:00,0,test,0.45400920056585303,0.1802228521655894,1
121021827,CA65927,2025-06-05 19:00:00+00:00,0,test,0.6257671843837128,0.1802228521655894,1
121032789,CA65927,2025-06-05 23:00:00+00:00,0,test,0.6679756525255801,0.1802228521655894,1
121044183,CA65927,2025-06-06 03:00:00+00:00,0,test,0.58733871386727,0.1802228521655894,1
121055862,CA65927,2025-06-06 07:00:00+00:00,1,test,0.6037815512092295,0.1802228521655894,1
121066169,CA65927,2025-06-06 11:00:00+00:00,1,test,0.6183238518755855,0.1802228521655894,1
121076030,CA65927,2025-06-06 15:00:00+00:00,0,test,0.6238673021592699,0.1802228521655894,1
121090254,CA65927,2025-06-06 19:00:00+00:00,1,test,0.7217326913143673,0.1802228521655894,1
121100700,CA65927,2025-06-06 23:00:00+00:00,1,test,0.787701298613863,0.1802228521655894,1
121114657,CA65927,2025-06-07 03:00:00+00:00,1,test,0.6608681171600213,0.1802228521655894,1
121123244,CA65927,2025-06-07 07:00:00+00:00,1,test,0.688758522267226,0.1802228521655894,1
121137728,CA65927,2025-06-07 11:00:00+00:00,0,test,0.5973947975950387,0.1802228521655894,1
121146186,CA65927,2025-06-07 15:00:00+00:00,0,test,0.43471752753442344,0.1802228521655894,1
121158654,CA65927,2025-06-07 19:00:00+00:00,1,test,0.5927532929386812,0.1802228521655894,1
121171392,CA65927,2025-06-07 23:00:00+00:00,0,test,0.6617262780426703,0.1802228521655894,1
121182853,CA65927,2025-06-08 03:00:00+00:00,1,test,0.6018565251342549,0.1802228521655894,1
121195066,CA65927,2025-06-08 07:00:00+00:00,1,test,0.6164740644855818,0.1802228521655894,1
121203479,CA65927,2025-06-08 11:00:00+00:00,1,test,0.6012496190959893,0.1802228521655894,1
121216054,CA65927,2025-06-08 15:00:00+00:00,1,test,0.591625021960593,0.1802228521655894,1
121228604,CA65927,2025-06-08 19:00:00+00:00,1,test,0.6862481857377228,0.1802228521655894,1
121239491,CA65927,2025-06-08 23:00:00+00:00,1,test,0.6473634569064867,0.1802228521655894,1
121249339,CA65927,2025-06-09 03:00:00+00:00,1,test,0.5975184606103543,0.1802228521655894,1
121262056,CA65927,2025-06-09 07:00:00+00:00,1,test,0.5966460093326335,0.1802228521655894,1
121272248,CA65927,2025-06-09 11:00:00+00:00,1,test,0.6686560260477861,0.1802228521655894,1
121284148,CA65927,2025-06-09 15:00:00+00:00,0,test,0.6352488619951597,0.1802228521655894,1
121293995,CA65927,2025-06-09 19:00:00+00:00,1,test,0.5649667867080502,0.1802228521655894,1
121317066,CA65927,2025-06-09 23:00:00+00:00,1,test,0.6754180154939565,0.1802228521655894,1
121315217,CA65927,2025-06-10 03:00:00+00:00,1,test,0.5742294677849717,0.1802228521655894,1
121326253,CA65927,2025-06-10 07:00:00+00:00,1,test,0.6493479192944536,0.1802228521655894,1
121339225,CA65927,2025-06-10 11:00:00+00:00,0,test,0.5913811447523544,0.1802228521655894,1
121348701,CA65927,2025-06-10 15:00:00+00:00,1,test,0.6027419661099854,0.1802228521655894,1
121359677,CA65927,2025-06-10 19:00:00+00:00,1,test,0.6348350252348252,0.1802228521655894,1
121369025,CA65927,2025-06-10 23:00:00+00:00,0,test,0.5607288146868034,0.1802228521655894,1
121379735,CA65927,2025-06-11 03:00:00+00:00,0,test,0.4296699477660992,0.1802228521655894,1
121390727,CA65927,2025-06-11 07:00:00+00:00,0,test,0.22134182695886778,0.1802228521655894,1
121401142,CA65927,2025-06-11 11:00:00+00:00,0,test,0.26139919216054447,0.1802228521655894,1
121412899,CA65927,2025-06-11 15:00:00+00:00,0,test,0.2622789815803209,0.1802228521655894,1
121424591,CA65927,2025-06-11 19:00:00+00:00,0,test,0.23428864048523457,0.1802228521655894,1
121435913,CA65927,2025-06-11 23:00:00+00:00,0,test,0.19562429900463316,0.1802228521655894,1
121486273,CA65927,2025-06-12 16:27:17+00:00,1,test,0.260018497600592,0.1802228521655894,1
121497235,CA65927,2025-06-12 21:00:00+00:00,1,test,0.41638510890525987,0.1802228521655894,1
121508251,CA65927,2025-06-13 01:00:00+00:00,0,test,0.3677626451006336,0.1802228521655894,1
121518287,CA65927,2025-06-13 05:00:00+00:00,0,test,0.3928671849575769,0.1802228521655894,1
121528305,CA65927,2025-06-13 09:00:00+00:00,0,test,0.21505470007260244,0.1802228521655894,1
121539348,CA65927,2025-06-13 13:00:00+00:00,0,test,0.21505470007260244,0.1802228521655894,1
121550201,CA65927,2025-06-13 17:00:00+00:00,0,test,0.24079691447549678,0.1802228521655894,1
121560276,CA65927,2025-06-13 21:00:00+00:00,0,test,0.2696984181204983,0.1802228521655894,1
121627130,CA65927,2025-06-14 21:00:00+00:00,0,test,0.188442659019138,0.1802228521655894,1
121687586,CA65927,2025-06-15 21:00:00+00:00,0,test,0.188442659019138,0.1802228521655894,1
121802199,CA65927,2025-06-16 18:08:35+00:00,1,test,0.27431996536088676,0.1802228521655894,1
121839421,CA65927,2025-06-16 23:00:00+00:00,0,test,0.4594147977006756,0.1802228521655894,1
121850429,CA65927,2025-06-17 03:00:00+00:00,0,test,0.5032624236826336,0.1802228521655894,1
121860843,CA65927,2025-06-17 07:00:00+00:00,0,test,0.48206677755102734,0.1802228521655894,1
121876782,CA65927,2025-06-17 11:00:00+00:00,0,test,0.5635427337450692,0.1802228521655894,1
121899939,CA65927,2025-06-17 15:00:00+00:00,1,test,0.6799004427534167,0.1802228521655894,1
121923731,CA65927,2025-06-17 19:00:00+00:00,0,test,0.5604771699854519,0.1802228521655894,1
122382690,CA65927,2025-06-17 23:00:00+00:00,0,test,0.6688491181412666,0.1802228521655894,1
122978826,CA65927,2025-06-18 03:00:00+00:00,1,test,0.6287069332948566,0.1802228521655894,1
122995620,CA65927,2025-06-18 07:00:00+00:00,0,test,0.6195733781628142,0.1802228521655894,1
123014240,CA65927,2025-06-18 11:00:00+00:00,1,test,0.60521358511901,0.1802228521655894,1
123031487,CA65927,2025-06-18 15:00:00+00:00,0,test,0.6093483474854592,0.1802228521655894,1
123061701,CA65927,2025-06-18 19:00:00+00:00,0,test,0.6065667287702229,0.1802228521655894,1
123126011,CA65927,2025-06-18 23:00:00+00:00,0,test,0.7308660430984407,0.1802228521655894,1
123137487,CA65927,2025-06-19 03:00:00+00:00,1,test,0.6346937370199897,0.1802228521655894,1
123147055,CA65927,2025-06-19 07:00:00+00:00,1,test,0.6235481122619874,0.1802228521655894,1
123158201,CA65927,2025-06-19 11:00:00+00:00,0,test,0.6376077646564025,0.1802228521655894,1
123171414,CA65927,2025-06-19 15:00:00+00:00,1,test,0.5949771128663501,0.1802228521655894,1
123184144,CA65927,2025-06-19 19:00:00+00:00,0,test,0.627816281151741,0.1802228521655894,1
123193367,CA65927,2025-06-19 23:00:00+00:00,0,test,0.7145330975223624,0.1802228521655894,1
123205193,CA65927,2025-06-20 03:00:00+00:00,1,test,0.568341431867789,0.1802228521655894,1
123218782,CA65927,2025-06-20 07:00:00+00:00,0,test,0.5283171031353731,0.1802228521655894,1
123230031,CA65927,2025-06-20 11:00:00+00:00,0,test,0.5224609649066357,0.1802228521655894,1
123241158,CA65927,2025-06-20 15:00:00+00:00,0,test,0.5211339524209219,0.1802228521655894,1
123255484,CA65927,2025-06-20 19:00:00+00:00,0,test,0.5999365343716765,0.1802228521655894,1
123263840,CA65927,2025-06-20 23:00:00+00:00,1,test,0.6585128348475925,0.1802228521655894,1
123277777,CA65927,2025-06-21 03:00:00+00:00,1,test,0.6150613525027141,0.1802228521655894,1
123288744,CA65927,2025-06-21 07:00:00+00:00,0,test,0.5986481465898046,0.1802228521655894,1
123300102,CA65927,2025-06-21 11:00:00+00:00,1,test,0.6412475607844047,0.1802228521655894,1
123313288,CA65927,2025-06-21 15:00:00+00:00,1,test,0.6351846758072354,0.1802228521655894,1
123321942,CA65927,2025-06-21 19:00:00+00:00,1,test,0.5933768368007775,0.1802228521655894,1
123333988,CA65927,2025-06-21 23:00:00+00:00,0,test,0.669358660427107,0.1802228521655894,1
123342821,CA65927,2025-06-22 03:00:00+00:00,1,test,0.5308483586441078,0.1802228521655894,1
123356126,CA65927,2025-06-22 07:00:00+00:00,1,test,0.5929977369710273,0.1802228521655894,1
123364556,CA65927,2025-06-22 11:00:00+00:00,1,test,0.5337887516645916,0.1802228521655894,1
123375436,CA65927,2025-06-22 15:00:00+00:00,0,test,0.47618019177421506,0.1802228521655894,1
123386880,CA65927,2025-06-22 19:00:00+00:00,1,test,0.2882400479833379,0.1802228521655894,1
123401242,CA65927,2025-06-22 23:00:00+00:00,1,test,0.6861980634889135,0.1802228521655894,1
123409284,CA65927,2025-06-23 03:00:00+00:00,0,test,0.49825115874893144,0.1802228521655894,1
123420150,CA65927,2025-06-23 07:00:00+00:00,0,test,0.5383923101758388,0.1802228521655894,1
123431669,CA65927,2025-06-23 11:00:00+00:00,0,test,0.28170758554824027,0.1802228521655894,1
123442588,CA65927,2025-06-23 15:00:00+00:00,0,test,0.28670035995057735,0.1802228521655894,1
123453779,CA65927,2025-06-23 19:00:00+00:00,0,test,0.2862000183525633,0.1802228521655894,1
123464716,CA65927,2025-06-23 23:00:00+00:00,0,test,0.3237087258261565,0.1802228521655894,1
123478089,CA65927,2025-06-24 03:00:00+00:00,0,test,0.4695533610126486,0.1802228521655894,1
123487850,CA65927,2025-06-24 07:00:00+00:00,1,test,0.42223498018650224,0.1802228521655894,1
123497644,CA65927,2025-06-24 11:00:00+00:00,0,test,0.4765774753448019,0.1802228521655894,1
123508878,CA65927,2025-06-24 15:00:00+00:00,0,test,0.4858043768789223,0.1802228521655894,1
123947190,CA65927,2025-06-24 19:00:00+00:00,1,test,0.5740399423569461,0.1802228521655894,1
123958932,CA65927,2025-06-24 23:00:00+00:00,0,test,0.5976467504936692,0.1802228521655894,1
123970884,CA65927,2025-06-25 03:00:00+00:00,1,test,0.5489011829035405,0.1802228521655894,1
123984076,CA65927,2025-06-25 07:00:00+00:00,1,test,0.6132121724453352,0.1802228521655894,1
124023976,CA65927,2025-06-25 11:00:00+00:00,0,test,0.5936504220029468,0.1802228521655894,1
124023980,CA65927,2025-06-25 15:00:00+00:00,0,test,0.46531647723532626,0.1802228521655894,1
124023984,CA65927,2025-06-25 19:00:00+00:00,0,test,0.4718638308859265,0.1802228521655894,1
124036553,CA65927,2025-06-25 23:00:00+00:00,0,test,0.3140310858724266,0.1802228521655894,1
124047512,CA65927,2025-06-26 03:00:00+00:00,0,test,0.2600359178783903,0.1802228521655894,1
124061413,CA65927,2025-06-26 07:00:00+00:00,0,test,0.2646369705387224,0.1802228521655894,1
124071915,CA65927,2025-06-26 11:00:00+00:00,0,test,0.21597977452821965,0.1802228521655894,1
124114257,CA65927,2025-06-26 21:00:00+00:00,0,test,0.1886120026766787,0.1802228521655894,1
124195403,CA65927,2025-06-27 21:00:00+00:00,0,test,0.188442659019138,0.1802228521655894,1
124221584,CA65927,2025-06-28 05:13:41+00:00,1,test,0.23450296698878167,0.1802228521655894,1
124232052,CA65927,2025-06-28 10:00:00+00:00,0,test,0.35924666201339406,0.1802228521655894,1
124252888,CA65927,2025-06-28 14:00:00+00:00,0,test,0.3854241336183491,0.1802228521655894,1
124265599,CA65927,2025-06-28 18:00:00+00:00,0,test,0.23876649801473124,0.1802228521655894,1
124279747,CA65927,2025-06-28 22:00:00+00:00,0,test,0.28897058942373444,0.1802228521655894,1
124293988,CA65927,2025-06-29 02:00:00+00:00,0,test,0.21671972552697777,0.1802228521655894,1
124306835,CA65927,2025-06-29 06:00:00+00:00,0,test,0.21499423065373993,0.1802228521655894,1
124321306,CA65927,2025-06-29 10:00:00+00:00,0,test,0.3793149545271965,0.1802228521655894,1
124333097,CA65927,2025-06-29 14:00:00+00:00,1,test,0.5198498416765238,0.1802228521655894,1
124344312,CA65927,2025-06-29 18:00:00+00:00,1,test,0.5995595913635355,0.1802228521655894,1
124357676,CA65927,2025-06-29 22:00:00+00:00,1,test,0.6434842878621375,0.1802228521655894,1
124368214,CA65927,2025-06-30 02:00:00+00:00,1,test,0.5852880253704319,0.1802228521655894,1
124381397,CA65927,2025-06-30 06:00:00+00:00,1,test,0.5728088934147598,0.1802228521655894,1
124392595,CA65927,2025-06-30 10:00:00+00:00,0,test,0.6167071229272653,0.1802228521655894,1
124403967,CA65927,2025-06-30 14:00:00+00:00,0,test,0.591093612258374,0.1802228521655894,1
124416498,CA65927,2025-06-30 18:00:00+00:00,1,test,0.5959679077939671,0.1802228521655894,1
124440873,CA65927,2025-06-30 22:00:00+00:00,1,test,0.644097246645811,0.1802228521655894,1
124452773,CA65927,2025-07-01 02:00:00+00:00,1,test,0.5271232510030229,0.1802228521655894,1
120810665,CA65928,2025-06-02 15:55:09+00:00,0,test,0.44952254251612717,0.1802228521655894,1
120835594,CA65928,2025-06-02 20:00:00+00:00,0,test,0.45626918706795455,0.1802228521655894,1
120844969,CA65928,2025-06-03 00:00:00+00:00,0,test,0.4709548339146681,0.1802228521655894,1
120856315,CA65928,2025-06-03 04:00:00+00:00,0,test,0.45898929229145186,0.1802228521655894,1
120866110,CA65928,2025-06-03 08:00:00+00:00,1,test,0.5116820468980802,0.1802228521655894,1
120876827,CA65928,2025-06-03 12:00:00+00:00,1,test,0.4799526992569654,0.1802228521655894,1
120888780,CA65928,2025-06-03 16:00:00+00:00,1,test,0.5144714360140178,0.1802228521655894,1
120895743,CA65928,2025-06-03 20:00:00+00:00,0,test,0.402711588384666,0.1802228521655894,1
124026879,CA65928,2025-06-04 00:00:00+00:00,0,test,0.5721534820461709,0.1802228521655894,1
124026887,CA65928,2025-06-04 04:00:00+00:00,1,test,0.45878362168123743,0.1802228521655894,1
124026894,CA65928,2025-06-04 08:00:00+00:00,0,test,0.5329035195710028,0.1802228521655894,1
120938565,CA65928,2025-06-04 12:00:00+00:00,0,test,0.48518220332529466,0.1802228521655894,1
120948556,CA65928,2025-06-04 16:00:00+00:00,0,test,0.4946256321578919,0.1802228521655894,1
120957606,CA65928,2025-06-04 20:00:00+00:00,0,test,0.4686964712772753,0.1802228521655894,1
120967772,CA65928,2025-06-05 00:00:00+00:00,0,test,0.5103296604995912,0.1802228521655894,1
120980220,CA65928,2025-06-05 04:00:00+00:00,0,test,0.47190873468940653,0.1802228521655894,1
120988637,CA65928,2025-06-05 08:00:00+00:00,0,test,0.4929714395660582,0.1802228521655894,1
121000567,CA65928,2025-06-05 12:00:00+00:00,0,test,0.4243183938578185,0.1802228521655894,1
121010945,CA65928,2025-06-05 16:00:00+00:00,0,test,0.44109658131224444,0.1802228521655894,1
121024427,CA65928,2025-06-05 20:00:00+00:00,0,test,0.5088722467263155,0.1802228521655894,1
121034166,CA65928,2025-06-06 00:00:00+00:00,0,test,0.52942648864043,0.1802228521655894,1
121044821,CA65928,2025-06-06 04:00:00+00:00,0,test,0.4550478605329458,0.1802228521655894,1
121057831,CA65928,2025-06-06 08:00:00+00:00,0,test,0.4176324869477391,0.1802228521655894,1
121069273,CA65928,2025-06-06 12:00:00+00:00,0,test,0.4179577307518246,0.1802228521655894,1
121081632,CA65928,2025-06-06 16:00:00+00:00,0,test,0.4404421031809682,0.1802228521655894,1
121093064,CA65928,2025-06-06 20:00:00+00:00,0,test,0.4227839431479772,0.1802228521655894,1
121101476,CA65928,2025-06-07 00:00:00+00:00,0,test,0.42403095322088635,0.1802228521655894,1
121117827,CA65928,2025-06-07 04:00:00+00:00,0,test,0.5119813504757741,0.1802228521655894,1
121128630,CA65928,2025-06-07 08:00:00+00:00,0,test,0.5263620361503726,0.1802228521655894,1
121140578,CA65928,2025-06-07 12:00:00+00:00,0,test,0.515734713128847,0.1802228521655894,1
121148902,CA65928,2025-06-07 16:00:00+00:00,0,test,0.5711178759231902,0.1802228521655894,1
121162684,CA65928,2025-06-07 20:00:00+00:00,0,test,0.4879186819832915,0.1802228521655894,1
121172744,CA65928,2025-06-08 00:00:00+00:00,1,test,0.5163791484603255,0.1802228521655894,1
121184529,CA65928,2025-06-08 04:00:00+00:00,0,test,0.45760637612409694,0.1802228521655894,1
121197144,CA65928,2025-06-08 08:00:00+00:00,1,test,0.4761789153454163,0.1802228521655894,1
121208546,CA65928,2025-06-08 12:00:00+00:00,0,test,0.40933767943924926,0.1802228521655894,1
121218896,CA65928,2025-06-08 16:00:00+00:00,0,test,0.4007573032180057,0.1802228521655894,1
121232226,CA65928,2025-06-08 20:00:00+00:00,1,test,0.5496594051863017,0.1802228521655894,1
121243888,CA65928,2025-06-09 00:00:00+00:00,0,test,0.5436861698158997,0.1802228521655894,1
121251918,CA65928,2025-06-09 04:00:00+00:00,0,test,0.48563006303701045,0.1802228521655894,1
121264580,CA65928,2025-06-09 08:00:00+00:00,0,test,0.5491065732400744,0.1802228521655894,1
121273820,CA65928,2025-06-09 12:00:00+00:00,0,test,0.4622241303263604,0.1802228521655894,1
121286899,CA65928,2025-06-09 16:00:00+00:00,0,test,0.48440187037396243,0.1802228521655894,1
121298204,CA65928,2025-06-09 20:00:00+00:00,0,test,0.49264314184018376,0.1802228521655894,1
121308306,CA65928,2025-06-10 00:00:00+00:00,0,test,0.49876352082269343,0.1802228521655894,1
121320347,CA65928,2025-06-10 04:00:00+00:00,0,test,0.46680408651741,0.1802228521655894,1
121330703,CA65928,2025-06-10 08:00:00+00:00,0,test,0.4196671357566629,0.1802228521655894,1
121343092,CA65928,2025-06-10 12:00:00+00:00,0,test,0.4156459844502607,0.1802228521655894,1
121353833,CA65928,2025-06-10 16:00:00+00:00,0,test,0.4445095641052967,0.1802228521655894,1
121364139,CA65928,2025-06-10 20:00:00+00:00,1,test,0.49671653280353856,0.1802228521655894,1
121371752,CA65928,2025-06-11 00:00:00+00:00,0,test,0.41299084809929193,0.1802228521655894,1
121384831,CA65928,2025-06-11 04:00:00+00:00,0,test,0.479337045644316,0.1802228521655894,1
121395239,CA65928,2025-06-11 08:00:00+00:00,0,test,0.4720143819422431,0.1802228521655894,1
121404528,CA65928,2025-06-11 12:00:00+00:00,0,test,0.4783712699781614,0.1802228521655894,1
121417447,CA65928,2025-06-11 16:00:00+00:00,0,test,0.5331423689130967,0.1802228521655894,1
121429483,CA65928,2025-06-11 20:00:00+00:00,0,test,0.5323206290911147,0.1802228521655894,1
121440546,CA65928,2025-06-12 00:00:00+00:00,0,test,0.44091369913403466,0.1802228521655894,1
121452546,CA65928,2025-06-12 04:00:00+00:00,0,test,0.484617582453407,0.1802228521655894,1
121460546,CA65928,2025-06-12 08:00:00+00:00,1,test,0.4641586267323104,0.1802228521655894,1
121472821,CA65928,2025-06-12 12:00:00+00:00,0,test,0.44438110138516446,0.1802228521655894,1
121485749,CA65928,2025-06-12 16:00:00+00:00,0,test,0.45994873059415264,0.1802228521655894,1
121494222,CA65928,2025-06-12 20:00:00+00:00,0,test,0.42664788796267783,0.1802228521655894,1
121505495,CA65928,2025-06-13 00:00:00+00:00,0,test,0.30672318012786814,0.1802228521655894,1
121517617,CA65928,2025-06-13 04:00:00+00:00,0,test,0.4323803599012327,0.1802228521655894,1
121528307,CA65928,2025-06-13 08:00:00+00:00,0,test,0.4243632559085224,0.1802228521655894,1
121535953,CA65928,2025-06-13 12:00:00+00:00,0,test,0.381729045259711,0.1802228521655894,1
121549138,CA65928,2025-06-13 16:00:00+00:00,0,test,0.5191206458028315,0.1802228521655894,1
121559454,CA65928,2025-06-13 20:00:00+00:00,0,test,0.420869322355553,0.1802228521655894,1
121567812,CA65928,2025-06-14 00:00:00+00:00,0,test,0.3742052595975527,0.1802228521655894,1
121582184,CA65928,2025-06-14 04:00:00+00:00,0,test,0.44845530772235154,0.1802228521655894,1
121592868,CA65928,2025-06-14 08:00:00+00:00,1,test,0.5001075042742804,0.1802228521655894,1
121604657,CA65928,2025-06-14 12:00:00+00:00,1,test,0.45370842154877655,0.1802228521655894,1
121613385,CA65928,2025-06-14 16:00:00+00:00,1,test,0.3584132878190811,0.1802228521655894,1
121625775,CA65928,2025-06-14 20:00:00+00:00,1,test,0.4909117998405487,0.1802228521655894,1
121637597,CA65928,2025-06-15 00:00:00+00:00,0,test,0.571601891484836,0.1802228521655894,1
121645869,CA65928,2025-06-15 04:00:00+00:00,1,test,0.46778129621969433,0.1802228521655894,1
121656071,CA65928,2025-06-15 08:00:00+00:00,1,test,0.45338818154223715,0.1802228521655894,1
121667887,CA65928,2025-06-15 12:00:00+00:00,1,test,0.5159196861338564,0.1802228521655894,1
121675259,CA65928,2025-06-15 16:00:00+00:00,0,test,0.5012819325228,0.1802228521655894,1
121685543,CA65928,2025-06-15 20:00:00+00:00,0,test,0.5443615467954431,0.1802228521655894,1
121695008,CA65928,2025-06-16 00:00:00+00:00,0,test,0.536346997039685,0.1802228521655894,1
121705222,CA65928,2025-06-16 04:00:00+00:00,0,test,0.5130010266140428,0.1802228521655894,1
121713624,CA65928,2025-06-16 08:00:00+00:00,0,test,0.5198834593737084,0.1802228521655894,1
121730588,CA65928,2025-06-16 12:00:00+00:00,0,test,0.39946662551127976,0.1802228521655894,1
121740715,CA65928,2025-06-16 16:00:00+00:00,0,test,0.3121586200305947,0.1802228521655894,1
121819843,CA65928,2025-06-16 20:00:00+00:00,0,test,0.49868460663347963,0.1802228521655894,1
121839429,CA65928,2025-06-17 00:00:00+00:00,1,test,0.567420178996967,0.1802228521655894,1
121853693,CA65928,2025-06-17 04:00:00+00:00,0,test,0.4282956992445016,0.1802228521655894,1
121861799,CA65928,2025-06-17 08:00:00+00:00,0,test,0.4537080787650519,0.1802228521655894,1
121876784,CA65928,2025-06-17 12:00:00+00:00,0,test,0.42780826031760805,0.1802228521655894,1
121902200,CA65928,2025-06-17 16:00:00+00:00,0,test,0.508107816284408,0.1802228521655894,1
121924123,CA65928,2025-06-17 20:00:00+00:00,0,test,0.40423672831779955,0.1802228521655894,1
122428702,CA65928,2025-06-18 00:00:00+00:00,0,test,0.4084656135726568,0.1802228521655894,1
123318835,CA65928,2025-06-21 16:56:12+00:00,0,test,0.377452877386718,0.1802228521655894,1
123329288,CA65928,2025-06-21 21:00:00+00:00,0,test,0.3896588054680775,0.1802228521655894,1
123339850,CA65928,2025-06-22 01:00:00+00:00,0,test,0.38375218386423804,0.1802228521655894,1
123349034,CA65928,2025-06-22 05:00:00+00:00,0,test,0.4427610425215724,0.1802228521655894,1
123361322,CA65928,2025-06-22 09:00:00+00:00,0,test,0.49748288856288586,0.1802228521655894,1
123371886,CA65928,2025-06-22 13:00:00+00:00,0,test,0.4856709500506218,0.1802228521655894,1
123380668,CA65928,2025-06-22 17:00:00+00:00,0,test,0.47349278469189815,0.1802228521655894,1
123394942,CA65928,2025-06-22 21:00:00+00:00,0,test,0.5165617532190674,0.1802228521655894,1
123403934,CA65928,2025-06-23 01:00:00+00:00,0,test,0.3878327628629378,0.1802228521655894,1
123417023,CA65928,2025-06-23 05:00:00+00:00,0,test,0.5061890761693126,0.1802228521655894,1
123428640,CA65928,2025-06-23 09:00:00+00:00,1,test,0.5323240305691922,0.1802228521655894,1
123439153,CA65928,2025-06-23 13:00:00+00:00,0,test,0.49886086831427817,0.1802228521655894,1
123448400,CA65928,2025-06-23 17:00:00+00:00,0,test,0.3767156010937001,0.1802228521655894,1
123460669,CA65928,2025-06-23 21:00:00+00:00,0,test,0.5710051115275736,0.1802228521655894,1
123470503,CA65928,2025-06-24 01:00:00+00:00,0,test,0.4250133088961253,0.1802228521655894,1
123483110,CA65928,2025-06-24 05:00:00+00:00,1,test,0.49026896542944204,0.1802228521655894,1
123493271,CA65928,2025-06-24 09:00:00+00:00,0,test,0.48089436072398467,0.1802228521655894,1
123505409,CA65928,2025-06-24 13:00:00+00:00,0,test,0.49514815514502003,0.1802228521655894,1
123937339,CA65928,2025-06-24 17:00:00+00:00,0,test,0.4565900363943243,0.1802228521655894,1
123952094,CA65928,2025-06-24 21:00:00+00:00,0,test,0.5605035675880675,0.1802228521655894,1
123967499,CA65928,2025-06-25 01:00:00+00:00,0,test,0.43074809578474776,0.1802228521655894,1
123977666,CA65928,2025-06-25 05:00:00+00:00,0,test,0.4665107551316274,0.1802228521655894,1
123989786,CA65928,2025-06-25 09:00:00+00:00,0,test,0.4870394721563472,0.1802228521655894,1
123998803,CA65928,2025-06-25 13:00:00+00:00,0,test,0.37771957629977004,0.1802228521655894,1
124010978,CA65928,2025-06-25 17:00:00+00:00,0,test,0.507934309338235,0.1802228521655894,1
124031690,CA65928,2025-06-25 21:00:00+00:00,0,test,0.5250642330407873,0.1802228521655894,1
124043570,CA65928,2025-06-26 01:00:00+00:00,0,test,0.4449593432103583,0.1802228521655894,1
124053067,CA65928,2025-06-26 05:00:00+00:00,1,test,0.4829733829542814,0.1802228521655894,1
124068813,CA65928,2025-06-26 09:00:00+00:00,0,test,0.45700233814763497,0.1802228521655894,1
124079882,CA65928,2025-06-26 13:00:00+00:00,0,test,0.4537687500220526,0.1802228521655894,1
124094704,CA65928,2025-06-26 17:00:00+00:00,0,test,0.44728439892878136,0.1802228521655894,1
124114746,CA65928,2025-06-26 21:00:00+00:00,0,test,0.4380579382516023,0.1802228521655894,1
124128082,CA65928,2025-06-27 01:00:00+00:00,0,test,0.49535128028213604,0.1802228521655894,1
124137427,CA65928,2025-06-27 05:00:00+00:00,0,test,0.5032701801071134,0.1802228521655894,1
124149552,CA65928,2025-06-27 09:00:00+00:00,0,test,0.47021506811468217,0.1802228521655894,1
124160647,CA65928,2025-06-27 13:00:00+00:00,0,test,0.4672301418951363,0.1802228521655894,1
124171732,CA65928,2025-06-27 17:00:00+00:00,0,test,0.5541309870024255,0.1802228521655894,1
124197657,CA65928,2025-06-27 21:00:00+00:00,0,test,0.494722728939811,0.1802228521655894,1
124206908,CA65928,2025-06-28 01:00:00+00:00,0,test,0.48824840613784504,0.1802228521655894,1
124221586,CA65928,2025-06-28 05:00:00+00:00,0,test,0.5263984519504217,0.1802228521655894,1
124230689,CA65928,2025-06-28 09:00:00+00:00,0,test,0.5261612058024397,0.1802228521655894,1
124249426,CA65928,2025-06-28 13:00:00+00:00,0,test,0.43799887252397635,0.1802228521655894,1
124263207,CA65928,2025-06-28 17:00:00+00:00,0,test,0.5273149340874214,0.1802228521655894,1
124277997,CA65928,2025-06-28 21:00:00+00:00,0,test,0.5101145575748297,0.1802228521655894,1
124292721,CA65928,2025-06-29 01:00:00+00:00,0,test,0.4400743954365859,0.1802228521655894,1
124306180,CA65928,2025-06-29 05:00:00+00:00,1,test,0.5048186171477188,0.1802228521655894,1
124318594,CA65928,2025-06-29 09:00:00+00:00,0,test,0.47005848327097344,0.1802228521655894,1
124331328,CA65928,2025-06-29 13:00:00+00:00,0,test,0.46414542628627636,0.1802228521655894,1
124342521,CA65928,2025-06-29 17:00:00+00:00,0,test,0.49682721945768654,0.1802228521655894,1
124355226,CA65928,2025-06-29 21:00:00+00:00,0,test,0.5114516402917344,0.1802228521655894,1
124365559,CA65928,2025-06-30 01:00:00+00:00,0,test,0.4605202530835992,0.1802228521655894,1
124377749,CA65928,2025-06-30 05:00:00+00:00,0,test,0.42998007828080415,0.1802228521655894,1
124389447,CA65928,2025-06-30 09:00:00+00:00,0,test,0.5195609195692432,0.1802228521655894,1
124399654,CA65928,2025-06-30 13:00:00+00:00,1,test,0.36229677235071667,0.1802228521655894,1
124411615,CA65928,2025-06-30 17:00:00+00:00,0,test,0.3719541012374109,0.1802228521655894,1
124440613,CA65928,2025-06-30 21:00:00+00:00,1,test,0.5609785337275306,0.1802228521655894,1
124449709,CA65928,2025-07-01 01:00:00+00:00,0,test,0.3461870884360653,0.1802228521655894,1
120810273,CA65929,2025-06-02 15:00:00+00:00,0,test,0.5104938928482774,0.1802228521655894,1
120832780,CA65929,2025-06-02 19:00:00+00:00,0,test,0.505692744097179,0.1802228521655894,1
120844479,CA65929,2025-06-02 23:00:00+00:00,0,test,0.5475882460582765,0.1802228521655894,1
120854214,CA65929,2025-06-03 03:00:00+00:00,1,test,0.5341069307368527,0.1802228521655894,1
120863515,CA65929,2025-06-03 07:00:00+00:00,0,test,0.5507832549128113,0.1802228521655894,1
120873469,CA65929,2025-06-03 11:00:00+00:00,0,test,0.4968060677543832,0.1802228521655894,1
120885397,CA65929,2025-06-03 15:00:00+00:00,0,test,0.5170346614108874,0.1802228521655894,1
120894942,CA65929,2025-06-03 19:00:00+00:00,0,test,0.5260470253745907,0.1802228521655894,1
124026905,CA65929,2025-06-03 23:00:00+00:00,0,test,0.5801601138469338,0.1802228521655894,1
124026912,CA65929,2025-06-04 03:00:00+00:00,0,test,0.4886034457408357,0.1802228521655894,1
124026919,CA65929,2025-06-04 07:00:00+00:00,0,test,0.5616052902326995,0.1802228521655894,1
120936233,CA65929,2025-06-04 11:00:00+00:00,0,test,0.4968710446664998,0.1802228521655894,1
120945115,CA65929,2025-06-04 15:00:00+00:00,0,test,0.3864717536569549,0.1802228521655894,1
120955037,CA65929,2025-06-04 19:00:00+00:00,0,test,0.3670714089252026,0.1802228521655894,1
120965213,CA65929,2025-06-04 23:00:00+00:00,0,test,0.21343621825757106,0.1802228521655894,1
121377251,CA65929,2025-06-11 01:12:06+00:00,0,test,0.18362938040971993,0.1802228521655894,1
121388106,CA65929,2025-06-11 05:55:18+00:00,0,test,0.26943015471451337,0.1802228521655894,1
121400316,CA65929,2025-06-11 10:00:00+00:00,0,test,0.478389462713839,0.1802228521655894,1
121411531,CA65929,2025-06-11 14:00:00+00:00,0,test,0.43579602216118823,0.1802228521655894,1
121423447,CA65929,2025-06-11 18:00:00+00:00,0,test,0.4861998407958238,0.1802228521655894,1
121435552,CA65929,2025-06-11 22:00:00+00:00,0,test,0.6119938436245426,0.1802228521655894,1
121444949,CA65929,2025-06-12 02:00:00+00:00,0,test,0.4552076103496144,0.1802228521655894,1
121455775,CA65929,2025-06-12 06:00:00+00:00,0,test,0.526229774041748,0.1802228521655894,1
121468910,CA65929,2025-06-12 10:00:00+00:00,0,test,0.5406293663574984,0.1802228521655894,1
121477950,CA65929,2025-06-12 14:00:00+00:00,0,test,0.46053518119601144,0.1802228521655894,1
121490328,CA65929,2025-06-12 18:00:00+00:00,0,test,0.49175497303055926,0.1802228521655894,1
121500998,CA65929,2025-06-12 22:00:00+00:00,0,test,0.5398283525009553,0.1802228521655894,1
121511184,CA65929,2025-06-13 02:00:00+00:00,0,test,0.4585881847685542,0.1802228521655894,1
121522783,CA65929,2025-06-13 06:00:00+00:00,0,test,0.51379769849922,0.1802228521655894,1
121532259,CA65929,2025-06-13 10:00:00+00:00,0,test,0.48907150375902964,0.1802228521655894,1
121542198,CA65929,2025-06-13 14:00:00+00:00,0,test,0.4552123754843781,0.1802228521655894,1
121553741,CA65929,2025-06-13 18:00:00+00:00,1,test,0.4673077325632929,0.1802228521655894,1
121564550,CA65929,2025-06-13 22:00:00+00:00,0,test,0.536876243432515,0.1802228521655894,1
121577107,CA65929,2025-06-14 02:00:00+00:00,0,test,0.4806452839368771,0.1802228521655894,1
121587048,CA65929,2025-06-14 06:00:00+00:00,0,test,0.49217617148869214,0.1802228521655894,1
121597371,CA65929,2025-06-14 10:00:00+00:00,0,test,0.48309452365032063,0.1802228521655894,1
121610526,CA65929,2025-06-14 14:00:00+00:00,0,test,0.45327688996237886,0.1802228521655894,1
121618989,CA65929,2025-06-14 18:00:00+00:00,0,test,0.48636480257178716,0.1802228521655894,1
121631907,CA65929,2025-06-14 22:00:00+00:00,0,test,0.5697640602329478,0.1802228521655894,1
121642444,CA65929,2025-06-15 02:00:00+00:00,0,test,0.531091865914788,0.1802228521655894,1
121651680,CA65929,2025-06-15 06:00:00+00:00,0,test,0.5005485779146472,0.1802228521655894,1
121661173,CA65929,2025-06-15 10:00:00+00:00,0,test,0.4991589814621311,0.1802228521655894,1
121670409,CA65929,2025-06-15 14:00:00+00:00,0,test,0.5262685633381157,0.1802228521655894,1
121682082,CA65929,2025-06-15 18:00:00+00:00,0,test,0.5174937947256889,0.1802228521655894,1
121692391,CA65929,2025-06-15 22:00:00+00:00,0,test,0.6279140434336171,0.1802228521655894,1
121699825,CA65929,2025-06-16 02:00:00+00:00,0,test,0.4928380704954683,0.1802228521655894,1
121710983,CA65929,2025-06-16 06:00:00+00:00,0,test,0.5444774803011591,0.1802228521655894,1
121730592,CA65929,2025-06-16 10:00:00+00:00,0,test,0.5353188269706229,0.1802228521655894,1
121730598,CA65929,2025-06-16 14:00:00+00:00,0,test,0.3160046587605797,0.1802228521655894,1
121774680,CA65929,2025-06-16 18:00:00+00:00,0,test,0.43686928407505976,0.1802228521655894,1
121839430,CA65929,2025-06-16 22:00:00+00:00,0,test,0.506712924076674,0.1802228521655894,1
121850431,CA65929,2025-06-17 02:00:00+00:00,0,test,0.4538472987558969,0.1802228521655894,1
121857595,CA65929,2025-06-17 06:00:00+00:00,0,test,0.49503525926321806,0.1802228521655894,1
121868942,CA65929,2025-06-17 10:00:00+00:00,1,test,0.5318330893752853,0.1802228521655894,1
121899247,CA65929,2025-06-17 14:00:00+00:00,0,test,0.5040309640311726,0.1802228521655894,1
121917229,CA65929,2025-06-17 18:00:00+00:00,0,test,0.5500726230349691,0.1802228521655894,1
122159793,CA65929,2025-06-17 22:00:00+00:00,0,test,0.6343094251833377,0.1802228521655894,1
122946882,CA65929,2025-06-18 02:00:00+00:00,1,test,0.47073492510858744,0.1802228521655894,1
122994914,CA65929,2025-06-18 06:00:00+00:00,0,test,0.46767564825102126,0.1802228521655894,1
123010424,CA65929,2025-06-18 10:00:00+00:00,0,test,0.5177247483963571,0.1802228521655894,1
123026731,CA65929,2025-06-18 14:00:00+00:00,0,test,0.5378883203433702,0.1802228521655894,1
123050911,CA65929,2025-06-18 18:00:00+00:00,0,test,0.5485538618383392,0.1802228521655894,1
123115893,CA65929,2025-06-18 22:00:00+00:00,0,test,0.6450261558033837,0.1802228521655894,1
123132490,CA65929,2025-06-19 02:00:00+00:00,0,test,0.49964767272262006,0.1802228521655894,1
123146101,CA65929,2025-06-19 06:00:00+00:00,0,test,0.5332982410677761,0.1802228521655894,1
123156300,CA65929,2025-06-19 10:00:00+00:00,0,test,0.5161172548009456,0.1802228521655894,1
123166751,CA65929,2025-06-19 14:00:00+00:00,0,test,0.5465414176421511,0.1802228521655894,1
123180550,CA65929,2025-06-19 18:00:00+00:00,0,test,0.5202936740273555,0.1802228521655894,1
123192991,CA65929,2025-06-19 22:00:00+00:00,0,test,0.5798293269979995,0.1802228521655894,1
123202224,CA65929,2025-06-20 02:00:00+00:00,0,test,0.4858987942580463,0.1802228521655894,1
123215482,CA65929,2025-06-20 06:00:00+00:00,0,test,0.4872168280213677,0.1802228521655894,1
123224799,CA65929,2025-06-20 10:00:00+00:00,0,test,0.5145945181606613,0.1802228521655894,1
123237640,CA65929,2025-06-20 14:00:00+00:00,0,test,0.323674205082174,0.1802228521655894,1
123251854,CA65929,2025-06-20 18:00:00+00:00,0,test,0.48321908938098956,0.1802228521655894,1
123262059,CA65929,2025-06-20 22:00:00+00:00,0,test,0.5236409052116968,0.1802228521655894,1
123273754,CA65929,2025-06-21 02:00:00+00:00,0,test,0.4147024528428177,0.1802228521655894,1
123286784,CA65929,2025-06-21 06:00:00+00:00,0,test,0.47859676849828453,0.1802228521655894,1
123298718,CA65929,2025-06-21 10:00:00+00:00,0,test,0.48738151183384243,0.1802228521655894,1
123309696,CA65929,2025-06-21 14:00:00+00:00,0,test,0.5047647709491978,0.1802228521655894,1
123320951,CA65929,2025-06-21 18:00:00+00:00,0,test,0.4993235015726862,0.1802228521655894,1
123331033,CA65929,2025-06-21 22:00:00+00:00,0,test,0.5646465646600668,0.1802228521655894,1
123340466,CA65929,2025-06-22 02:00:00+00:00,0,test,0.46806351826103787,0.1802228521655894,1
123350800,CA65929,2025-06-22 06:00:00+00:00,0,test,0.5248985575914037,0.1802228521655894,1
123363350,CA65929,2025-06-22 10:00:00+00:00,0,test,0.5243460797868605,0.1802228521655894,1
123375054,CA65929,2025-06-22 14:00:00+00:00,1,test,0.5142541206836284,0.1802228521655894,1
123385571,CA65929,2025-06-22 18:00:00+00:00,0,test,0.538327306792723,0.1802228521655894,1
123399399,CA65929,2025-06-22 22:00:00+00:00,0,test,0.6059044840106399,0.1802228521655894,1
123407648,CA65929,2025-06-23 02:00:00+00:00,1,test,0.4871126556290483,0.1802228521655894,1
123419444,CA65929,2025-06-23 06:00:00+00:00,0,test,0.46412275566108674,0.1802228521655894,1
123431434,CA65929,2025-06-23 10:00:00+00:00,0,test,0.47900463543721683,0.1802228521655894,1
123439962,CA65929,2025-06-23 14:00:00+00:00,0,test,0.4830929175715085,0.1802228521655894,1
123451943,CA65929,2025-06-23 18:00:00+00:00,0,test,0.5221268325160936,0.1802228521655894,1
123462496,CA65929,2025-06-23 22:00:00+00:00,0,test,0.5921289274676412,0.1802228521655894,1
123475826,CA65929,2025-06-24 02:00:00+00:00,0,test,0.4564545606617749,0.1802228521655894,1
123485777,CA65929,2025-06-24 06:00:00+00:00,0,test,0.4829826495265231,0.1802228521655894,1
123496234,CA65929,2025-06-24 10:00:00+00:00,0,test,0.4968710446664998,0.1802228521655894,1
123505924,CA65929,2025-06-24 14:00:00+00:00,0,test,0.5258391763225552,0.1802228521655894,1
123937350,CA65929,2025-06-24 18:00:00+00:00,0,test,0.5538215358885953,0.1802228521655894,1
123954560,CA65929,2025-06-24 22:00:00+00:00,0,test,0.6356914307907797,0.1802228521655894,1
123969369,CA65929,2025-06-25 02:00:00+00:00,0,test,0.5719775209820573,0.1802228521655894,1
123981306,CA65929,2025-06-25 06:00:00+00:00,0,test,0.5136574625491064,0.1802228521655894,1
123993003,CA65929,2025-06-25 10:00:00+00:00,0,test,0.5152370882481129,0.1802228521655894,1
124001969,CA65929,2025-06-25 14:00:00+00:00,0,test,0.5025814187189094,0.1802228521655894,1
124016603,CA65929,2025-06-25 18:00:00+00:00,1,test,0.5712385887926718,0.1802228521655894,1
124036555,CA65929,2025-06-25 22:00:00+00:00,0,test,0.6372593179727646,0.1802228521655894,1
124044711,CA65929,2025-06-26 02:00:00+00:00,0,test,0.580167661754003,0.1802228521655894,1
124055060,CA65929,2025-06-26 06:00:00+00:00,1,test,0.5718976228841545,0.1802228521655894,1
124071131,CA65929,2025-06-26 10:00:00+00:00,0,test,0.554131132971315,0.1802228521655894,1
124080949,CA65929,2025-06-26 14:00:00+00:00,0,test,0.5948001195632742,0.1802228521655894,1
124095711,CA65929,2025-06-26 18:00:00+00:00,0,test,0.5510659122853967,0.1802228521655894,1
124118579,CA65929,2025-06-26 22:00:00+00:00,0,test,0.6364735781417903,0.1802228521655894,1
124130621,CA65929,2025-06-27 02:00:00+00:00,0,test,0.4328251508134254,0.1802228521655894,1
124141384,CA65929,2025-06-27 06:00:00+00:00,0,test,0.5150178330568927,0.1802228521655894,1
124152095,CA65929,2025-06-27 10:00:00+00:00,0,test,0.5220649313935681,0.1802228521655894,1
124162886,CA65929,2025-06-27 14:00:00+00:00,0,test,0.4755038057049094,0.1802228521655894,1
124177075,CA65929,2025-06-27 18:00:00+00:00,0,test,0.4843031652472397,0.1802228521655894,1
124200690,CA65929,2025-06-27 22:00:00+00:00,0,test,0.5655224598517453,0.1802228521655894,1
124209929,CA65929,2025-06-28 02:00:00+00:00,0,test,0.41326941399246625,0.1802228521655894,1
124221853,CA65929,2025-06-28 06:00:00+00:00,0,test,0.45872300143470734,0.1802228521655894,1
124236251,CA65929,2025-06-28 10:00:00+00:00,0,test,0.501176959905266,0.1802228521655894,1
124252890,CA65929,2025-06-28 14:00:00+00:00,0,test,0.577494613868274,0.1802228521655894,1
124267670,CA65929,2025-06-28 18:00:00+00:00,0,test,0.5930913728427625,0.1802228521655894,1
124279749,CA65929,2025-06-28 22:00:00+00:00,0,test,0.36053898739906104,0.1802228521655894,1
124293992,CA65929,2025-06-29 02:00:00+00:00,0,test,0.4678527854688128,0.1802228521655894,1
124308989,CA65929,2025-06-29 06:00:00+00:00,0,test,0.4956513356889322,0.1802228521655894,1
124320297,CA65929,2025-06-29 10:00:00+00:00,0,test,0.47017320895477893,0.1802228521655894,1
124333728,CA65929,2025-06-29 14:00:00+00:00,0,test,0.455828297792504,0.1802228521655894,1
124345428,CA65929,2025-06-29 18:00:00+00:00,0,test,0.47607832920485144,0.1802228521655894,1
124356726,CA65929,2025-06-29 22:00:00+00:00,0,test,0.5410194282607872,0.1802228521655894,1
124368216,CA65929,2025-06-30 02:00:00+00:00,0,test,0.48771200646914875,0.1802228521655894,1
124378935,CA65929,2025-06-30 06:00:00+00:00,1,test,0.537454143894249,0.1802228521655894,1
124391418,CA65929,2025-06-30 10:00:00+00:00,0,test,0.5283509427933535,0.1802228521655894,1
124402573,CA65929,2025-06-30 14:00:00+00:00,0,test,0.3143469937677982,0.1802228521655894,1
124423511,CA65929,2025-06-30 18:00:00+00:00,0,test,0.4810034544954697,0.1802228521655894,1
124443144,CA65929,2025-06-30 22:00:00+00:00,0,test,0.5183790419942441,0.1802228521655894,1
124452775,CA65929,2025-07-01 02:00:00+00:00,0,test,0.30386299560724067,0.1802228521655894,1
120809223,CA65930,2025-06-02 15:00:00+00:00,0,test,0.6260638054321763,0.1802228521655894,1
120834272,CA65930,2025-06-02 19:00:00+00:00,1,test,0.6472548786963283,0.1802228521655894,1
120842313,CA65930,2025-06-02 23:00:00+00:00,1,test,0.6553638333236607,0.1802228521655894,1
120854215,CA65930,2025-06-03 03:00:00+00:00,1,test,0.5702929483163394,0.1802228521655894,1
120863390,CA65930,2025-06-03 07:00:00+00:00,1,test,0.5802476578309722,0.1802228521655894,1
120871849,CA65930,2025-06-03 11:00:00+00:00,1,test,0.5385946811939062,0.1802228521655894,1
120883331,CA65930,2025-06-03 15:00:00+00:00,1,test,0.5799589584081377,0.1802228521655894,1
120893227,CA65930,2025-06-03 19:00:00+00:00,0,test,0.6476328930293328,0.1802228521655894,1
124026928,CA65930,2025-06-03 23:00:00+00:00,1,test,0.6840196107139631,0.1802228521655894,1
124026940,CA65930,2025-06-04 03:00:00+00:00,0,test,0.5359309728327837,0.1802228521655894,1
124026950,CA65930,2025-06-04 07:00:00+00:00,0,test,0.5380269853610047,0.1802228521655894,1
120934233,CA65930,2025-06-04 11:00:00+00:00,0,test,0.6237675993733989,0.1802228521655894,1
120945118,CA65930,2025-06-04 15:00:00+00:00,0,test,0.5159249815770259,0.1802228521655894,1
120957216,CA65930,2025-06-04 19:00:00+00:00,0,test,0.47990900641358175,0.1802228521655894,1
120965214,CA65930,2025-06-04 23:00:00+00:00,0,test,0.6194117944406519,0.1802228521655894,1
120976832,CA65930,2025-06-05 03:00:00+00:00,0,test,0.5342389528937823,0.1802228521655894,1
120986277,CA65930,2025-06-05 07:00:00+00:00,0,test,0.4855398052365016,0.1802228521655894,1
120997326,CA65930,2025-06-05 11:00:00+00:00,0,test,0.4962472514517449,0.1802228521655894,1
121010947,CA65930,2025-06-05 15:00:00+00:00,0,test,0.5095054111122035,0.1802228521655894,1
121019252,CA65930,2025-06-05 19:00:00+00:00,0,test,0.47154832881051134,0.1802228521655894,1
121031344,CA65930,2025-06-05 23:00:00+00:00,0,test,0.585761738118223,0.1802228521655894,1
121042088,CA65930,2025-06-06 03:00:00+00:00,0,test,0.503482898916682,0.1802228521655894,1
121055584,CA65930,2025-06-06 07:00:00+00:00,0,test,0.5143366470417621,0.1802228521655894,1
121064825,CA65930,2025-06-06 11:00:00+00:00,1,test,0.47663079081142373,0.1802228521655894,1
121079431,CA65930,2025-06-06 15:00:00+00:00,1,test,0.477522126437892,0.1802228521655894,1
121090255,CA65930,2025-06-06 19:00:00+00:00,0,test,0.5808865655634992,0.1802228521655894,1
121099201,CA65930,2025-06-06 23:00:00+00:00,0,test,0.6124497622335309,0.1802228521655894,1
121114163,CA65930,2025-06-07 03:00:00+00:00,0,test,0.5537388613360761,0.1802228521655894,1
121125336,CA65930,2025-06-07 07:00:00+00:00,0,test,0.5388485393364313,0.1802228521655894,1
121134986,CA65930,2025-06-07 11:00:00+00:00,0,test,0.5216098459922139,0.1802228521655894,1
121146189,CA65930,2025-06-07 15:00:00+00:00,0,test,0.5225321393627124,0.1802228521655894,1
121158489,CA65930,2025-06-07 19:00:00+00:00,0,test,0.5677874758616556,0.1802228521655894,1
121171854,CA65930,2025-06-07 23:00:00+00:00,0,test,0.6515515966565236,0.1802228521655894,1
121183775,CA65930,2025-06-08 03:00:00+00:00,0,test,0.46646763802692937,0.1802228521655894,1
121192640,CA65930,2025-06-08 07:00:00+00:00,0,test,0.370937764334536,0.1802228521655894,1
121203482,CA65930,2025-06-08 11:00:00+00:00,0,test,0.3314155781039038,0.1802228521655894,1
121218493,CA65930,2025-06-08 15:00:00+00:00,0,test,0.4496103408986958,0.1802228521655894,1
121226489,CA65930,2025-06-08 19:00:00+00:00,0,test,0.3652736626919858,0.1802228521655894,1
121238113,CA65930,2025-06-08 23:00:00+00:00,0,test,0.39452425827605175,0.1802228521655894,1
121249342,CA65930,2025-06-09 03:00:00+00:00,1,test,0.40647279335224007,0.1802228521655894,1
121261926,CA65930,2025-06-09 07:00:00+00:00,0,test,0.45652793380108764,0.1802228521655894,1
121272081,CA65930,2025-06-09 11:00:00+00:00,0,test,0.4819420329277021,0.1802228521655894,1
121284153,CA65930,2025-06-09 15:00:00+00:00,0,test,0.45333184744363075,0.1802228521655894,1
121293996,CA65930,2025-06-09 19:00:00+00:00,0,test,0.5593627113573002,0.1802228521655894,1
121304088,CA65930,2025-06-09 23:00:00+00:00,0,test,0.620390888801701,0.1802228521655894,1
121317823,CA65930,2025-06-10 03:00:00+00:00,1,test,0.5083475940627603,0.1802228521655894,1
121328223,CA65930,2025-06-10 07:00:00+00:00,0,test,0.4983836711545051,0.1802228521655894,1
121338719,CA65930,2025-06-10 11:00:00+00:00,1,test,0.5339070819184392,0.1802228521655894,1
121348704,CA65930,2025-06-10 15:00:00+00:00,1,test,0.4742070846512075,0.1802228521655894,1
121359680,CA65930,2025-06-10 19:00:00+00:00,1,test,0.4974521718302121,0.1802228521655894,1
121369028,CA65930,2025-06-10 23:00:00+00:00,0,test,0.5029449467695931,0.1802228521655894,1
121381889,CA65930,2025-06-11 03:00:00+00:00,0,test,0.5071735438961548,0.1802228521655894,1
121393239,CA65930,2025-06-11 07:00:00+00:00,1,test,0.5081768130059705,0.1802228521655894,1
121401147,CA65930,2025-06-11 11:00:00+00:00,0,test,0.5295113213305317,0.1802228521655894,1
121414973,CA65930,2025-06-11 15:00:00+00:00,0,test,0.5519358450733466,0.1802228521655894,1
121426802,CA65930,2025-06-11 19:00:00+00:00,0,test,0.5711970952186274,0.1802228521655894,1
121435916,CA65930,2025-06-11 23:00:00+00:00,0,test,0.5930338867741362,0.1802228521655894,1
121449806,CA65930,2025-06-12 03:00:00+00:00,1,test,0.5570769989224283,0.1802228521655894,1
121458715,CA65930,2025-06-12 07:00:00+00:00,0,test,0.582439199874122,0.1802228521655894,1
121469458,CA65930,2025-06-12 11:00:00+00:00,0,test,0.5683549167090833,0.1802228521655894,1
121482305,CA65930,2025-06-12 15:00:00+00:00,0,test,0.598444200993551,0.1802228521655894,1
121493124,CA65930,2025-06-12 19:00:00+00:00,0,test,0.6017877956441385,0.1802228521655894,1
121502681,CA65930,2025-06-12 23:00:00+00:00,0,test,0.4141615707917256,0.1802228521655894,1
121513757,CA65930,2025-06-13 03:00:00+00:00,0,test,0.2888749313379347,0.1802228521655894,1
121546723,CA65930,2025-06-13 16:00:00+00:00,0,test,0.202704502441833,0.1802228521655894,1
121577109,CA65930,2025-06-14 02:39:25+00:00,0,test,0.2066198692873813,0.1802228521655894,1
121588202,CA65930,2025-06-14 06:55:25+00:00,0,test,0.3500326745091459,0.1802228521655894,1
121599394,CA65930,2025-06-14 11:00:00+00:00,0,test,0.4275273569685391,0.1802228521655894,1
121611885,CA65930,2025-06-14 15:00:00+00:00,0,test,0.46587031688009767,0.1802228521655894,1
121623764,CA65930,2025-06-14 19:00:00+00:00,0,test,0.5056547115580715,0.1802228521655894,1
121633926,CA65930,2025-06-14 23:00:00+00:00,0,test,0.5649097991301528,0.1802228521655894,1
121643312,CA65930,2025-06-15 03:00:00+00:00,0,test,0.5453044661157588,0.1802228521655894,1
121652593,CA65930,2025-06-15 07:00:00+00:00,0,test,0.5756790979269335,0.1802228521655894,1
121662254,CA65930,2025-06-15 11:00:00+00:00,0,test,0.5520356662788032,0.1802228521655894,1
121672809,CA65930,2025-06-15 15:00:00+00:00,0,test,0.5560262981133056,0.1802228521655894,1
121685159,CA65930,2025-06-15 19:00:00+00:00,0,test,0.5381641780375126,0.1802228521655894,1
121694256,CA65930,2025-06-15 23:00:00+00:00,0,test,0.6206288143596845,0.1802228521655894,1
121703608,CA65930,2025-06-16 03:00:00+00:00,0,test,0.5712722078864896,0.1802228521655894,1
121712432,CA65930,2025-06-16 07:00:00+00:00,0,test,0.5893373392173845,0.1802228521655894,1
121730601,CA65930,2025-06-16 11:00:00+00:00,0,test,0.5648419612645595,0.1802228521655894,1
121732918,CA65930,2025-06-16 15:00:00+00:00,0,test,0.5815025515641746,0.1802228521655894,1
121802203,CA65930,2025-06-16 19:00:00+00:00,0,test,0.6158538836690797,0.1802228521655894,1
121839436,CA65930,2025-06-16 23:00:00+00:00,0,test,0.6543589051981311,0.1802228521655894,1
121851710,CA65930,2025-06-17 03:00:00+00:00,0,test,0.628070191773405,0.1802228521655894,1
121859646,CA65930,2025-06-17 07:00:00+00:00,0,test,0.6059496924031923,0.1802228521655894,1
121869559,CA65930,2025-06-17 11:00:00+00:00,0,test,0.582035582114426,0.1802228521655894,1
121901317,CA65930,2025-06-17 15:00:00+00:00,0,test,0.5890883286198989,0.1802228521655894,1
121919065,CA65930,2025-06-17 19:00:00+00:00,1,test,0.5742232341201053,0.1802228521655894,1
122263438,CA65930,2025-06-17 23:00:00+00:00,1,test,0.6709309982348769,0.1802228521655894,1
122978829,CA65930,2025-06-18 03:00:00+00:00,1,test,0.588719570716392,0.1802228521655894,1
122995623,CA65930,2025-06-18 07:00:00+00:00,1,test,0.6127915546437455,0.1802228521655894,1
123014335,CA65930,2025-06-18 11:00:00+00:00,0,test,0.5388485393364313,0.1802228521655894,1
123029793,CA65930,2025-06-18 15:00:00+00:00,0,test,0.581288817315708,0.1802228521655894,1
123061704,CA65930,2025-06-18 19:00:00+00:00,0,test,0.642402892743682,0.1802228521655894,1
123124204,CA65930,2025-06-18 23:00:00+00:00,0,test,0.6928029146313903,0.1802228521655894,1
123137765,CA65930,2025-06-19 03:00:00+00:00,0,test,0.5570769989224283,0.1802228521655894,1
123149391,CA65930,2025-06-19 07:00:00+00:00,0,test,0.5551425662828653,0.1802228521655894,1
123161343,CA65930,2025-06-19 11:00:00+00:00,0,test,0.5836457451730124,0.1802228521655894,1
123170835,CA65930,2025-06-19 15:00:00+00:00,0,test,0.6307570097000597,0.1802228521655894,1
123181326,CA65930,2025-06-19 19:00:00+00:00,0,test,0.5972108880034591,0.1802228521655894,1
123196024,CA65930,2025-06-19 23:00:00+00:00,0,test,0.6286511821618144,0.1802228521655894,1
123207638,CA65930,2025-06-20 03:00:00+00:00,0,test,0.6270490606135892,0.1802228521655894,1
123216447,CA65930,2025-06-20 07:00:00+00:00,0,test,0.535045371537072,0.1802228521655894,1
123228252,CA65930,2025-06-20 11:00:00+00:00,0,test,0.5628224535677989,0.1802228521655894,1
123243368,CA65930,2025-06-20 15:00:00+00:00,0,test,0.5731005243657237,0.1802228521655894,1
123255486,CA65930,2025-06-20 19:00:00+00:00,0,test,0.6090942580415518,0.1802228521655894,1
123266572,CA65930,2025-06-20 23:00:00+00:00,0,test,0.640838535847221,0.1802228521655894,1
123278395,CA65930,2025-06-21 03:00:00+00:00,0,test,0.5506219499650334,0.1802228521655894,1
123289040,CA65930,2025-06-21 07:00:00+00:00,0,test,0.5403700383888457,0.1802228521655894,1
123301682,CA65930,2025-06-21 11:00:00+00:00,0,test,0.5094794917828923,0.1802228521655894,1
123311045,CA65930,2025-06-21 15:00:00+00:00,0,test,0.3547303899783619,0.1802228521655894,1
123321945,CA65930,2025-06-21 19:00:00+00:00,0,test,0.3631100991224386,0.1802228521655894,1
123332505,CA65930,2025-06-21 23:00:00+00:00,0,test,0.4037787473681962,0.1802228521655894,1
123342824,CA65930,2025-06-22 03:00:00+00:00,0,test,0.4191492053496752,0.1802228521655894,1
123355409,CA65930,2025-06-22 07:00:00+00:00,0,test,0.43847856308354904,0.1802228521655894,1
123364560,CA65930,2025-06-22 11:00:00+00:00,0,test,0.4651568099508351,0.1802228521655894,1
123377581,CA65930,2025-06-22 15:00:00+00:00,1,test,0.47875011294226827,0.1802228521655894,1
123386883,CA65930,2025-06-22 19:00:00+00:00,0,test,0.4884662641154399,0.1802228521655894,1
123400014,CA65930,2025-06-22 23:00:00+00:00,1,test,0.533315612629931,0.1802228521655894,1
123409289,CA65930,2025-06-23 03:00:00+00:00,0,test,0.5892553848873954,0.1802228521655894,1
123421782,CA65930,2025-06-23 07:00:00+00:00,0,test,0.6459807568078815,0.1802228521655894,1
123431672,CA65930,2025-06-23 11:00:00+00:00,0,test,0.6521275430089275,0.1802228521655894,1
123444993,CA65930,2025-06-23 15:00:00+00:00,0,test,0.6103528801351091,0.1802228521655894,1
123453782,CA65930,2025-06-23 19:00:00+00:00,0,test,0.5706761615182201,0.1802228521655894,1
123466383,CA65930,2025-06-23 23:00:00+00:00,0,test,0.6731706254972724,0.1802228521655894,1
123477682,CA65930,2025-06-24 03:00:00+00:00,1,test,0.550472907289831,0.1802228521655894,1
123488319,CA65930,2025-06-24 07:00:00+00:00,0,test,0.5579636384733307,0.1802228521655894,1
123499453,CA65930,2025-06-24 11:00:00+00:00,0,test,0.5888963439454895,0.1802228521655894,1
123508881,CA65930,2025-06-24 15:00:00+00:00,0,test,0.6200230520206094,0.1802228521655894,1
123942737,CA65930,2025-06-24 19:00:00+00:00,0,test,0.6552505439499813,0.1802228521655894,1
123961465,CA65930,2025-06-24 23:00:00+00:00,0,test,0.6957668287652271,0.1802228521655894,1
123971846,CA65930,2025-06-25 03:00:00+00:00,1,test,0.5120009975130886,0.1802228521655894,1
123981428,CA65930,2025-06-25 07:00:00+00:00,0,test,0.3825897291616942,0.1802228521655894,1
123993345,CA65930,2025-06-25 11:00:00+00:00,0,test,0.3269613168402928,0.1802228521655894,1
124004654,CA65930,2025-06-25 15:00:00+00:00,0,test,0.1917784991851815,0.1802228521655894,1
124017460,CA65930,2025-06-25 19:00:00+00:00,0,test,0.18549810136116515,0.1802228521655894,1
124036557,CA65930,2025-06-25 23:00:00+00:00,0,test,0.2504949300998166,0.1802228521655894,1
124047515,CA65930,2025-06-26 03:00:00+00:00,0,test,0.18110426944273283,0.1802228521655894,1
124209930,CA65930,2025-06-28 01:47:17+00:00,0,test,0.19432082509512852,0.1802228521655894,1
124221589,CA65930,2025-06-28 06:00:00+00:00,0,test,0.3184696818747838,0.1802228521655894,1
124233621,CA65930,2025-06-28 10:00:00+00:00,1,test,0.43750658242755414,0.1802228521655894,1
124257717,CA65930,2025-06-28 14:00:00+00:00,0,test,0.4758177651277044,0.1802228521655894,1
124268339,CA65930,2025-06-28 18:00:00+00:00,0,test,0.5189888820263302,0.1802228521655894,1
124281198,CA65930,2025-06-28 22:00:00+00:00,0,test,0.5870325610632654,0.1802228521655894,1
124293993,CA65930,2025-06-29 02:00:00+00:00,0,test,0.4952391389994711,0.1802228521655894,1
124307767,CA65930,2025-06-29 06:00:00+00:00,0,test,0.5453887171943048,0.1802228521655894,1
124319016,CA65930,2025-06-29 10:00:00+00:00,0,test,0.5291225609889884,0.1802228521655894,1
124332370,CA65930,2025-06-29 14:00:00+00:00,0,test,0.5358685174324471,0.1802228521655894,1
124344467,CA65930,2025-06-29 18:00:00+00:00,0,test,0.5673405296970941,0.1802228521655894,1
124357013,CA65930,2025-06-29 22:00:00+00:00,0,test,0.6032692629551657,0.1802228521655894,1
124368217,CA65930,2025-06-30 02:00:00+00:00,1,test,0.5196447040906935,0.1802228521655894,1
124380759,CA65930,2025-06-30 06:00:00+00:00,0,test,0.6107266880548429,0.1802228521655894,1
124391327,CA65930,2025-06-30 10:00:00+00:00,0,test,0.636445609486907,0.1802228521655894,1
124402574,CA65930,2025-06-30 14:00:00+00:00,0,test,0.5621076574154866,0.1802228521655894,1
124420374,CA65930,2025-06-30 18:00:00+00:00,0,test,0.5447833313974997,0.1802228521655894,1
124441936,CA65930,2025-06-30 22:00:00+00:00,0,test,0.6928723969137729,0.1802228521655894,1
124452776,CA65930,2025-07-01 02:00:00+00:00,0,test,0.585995868355221,0.1802228521655894,1
120809224,CA65931,2025-06-02 15:00:00+00:00,1,test,0.4453359395860249,0.1802228521655894,1
120832782,CA65931,2025-06-02 19:00:00+00:00,0,test,0.21795530084343542,0.1802228521655894,1
120842314,CA65931,2025-06-02 23:00:00+00:00,0,test,0.22934096079889477,0.1802228521655894,1
120852143,CA65931,2025-06-03 03:00:00+00:00,0,test,0.18629291730564868,0.1802228521655894,1
120861967,CA65931,2025-06-03 07:00:00+00:00,0,test,0.1874802785252684,0.1802228521655894,1
124026972,CA65931,2025-06-03 22:00:00+00:00,0,test,0.18412638463221861,0.1802228521655894,1
120950342,CA65931,2025-06-04 16:48:58+00:00,0,test,0.2431763238678617,0.1802228521655894,1
120962262,CA65931,2025-06-04 21:00:00+00:00,0,test,0.3985866768823124,0.1802228521655894,1
120973936,CA65931,2025-06-05 01:00:00+00:00,0,test,0.3949269807196508,0.1802228521655894,1
120982835,CA65931,2025-06-05 05:00:00+00:00,1,test,0.4474930280530775,0.1802228521655894,1
120993443,CA65931,2025-06-05 09:00:00+00:00,0,test,0.5323403359957223,0.1802228521655894,1
121004735,CA65931,2025-06-05 13:00:00+00:00,0,test,0.5796830704280708,0.1802228521655894,1
121016141,CA65931,2025-06-05 17:00:00+00:00,0,test,0.6189391062763875,0.1802228521655894,1
121025734,CA65931,2025-06-05 21:00:00+00:00,0,test,0.644510616235013,0.1802228521655894,1
121037368,CA65931,2025-06-06 01:00:00+00:00,0,test,0.5743497413324716,0.1802228521655894,1
121048039,CA65931,2025-06-06 05:00:00+00:00,0,test,0.5902574715687677,0.1802228521655894,1
121058672,CA65931,2025-06-06 09:00:00+00:00,0,test,0.38345460442919727,0.1802228521655894,1
121070130,CA65931,2025-06-06 13:00:00+00:00,0,test,0.3530479397027532,0.1802228521655894,1
121084851,CA65931,2025-06-06 17:00:00+00:00,0,test,0.5117765387800673,0.1802228521655894,1
121096033,CA65931,2025-06-06 21:00:00+00:00,0,test,0.6087011939849916,0.1802228521655894,1
121107788,CA65931,2025-06-07 01:00:00+00:00,0,test,0.48368305891031543,0.1802228521655894,1
121120621,CA65931,2025-06-07 05:00:00+00:00,0,test,0.5984394598049078,0.1802228521655894,1
121131596,CA65931,2025-06-07 09:00:00+00:00,0,test,0.5537011490532067,0.1802228521655894,1
121140906,CA65931,2025-06-07 13:00:00+00:00,0,test,0.5734539188682736,0.1802228521655894,1
121151561,CA65931,2025-06-07 17:00:00+00:00,1,test,0.5792449300414926,0.1802228521655894,1
121164340,CA65931,2025-06-07 21:00:00+00:00,0,test,0.5784824756705633,0.1802228521655894,1
121176244,CA65931,2025-06-08 01:00:00+00:00,0,test,0.5270669916817579,0.1802228521655894,1
121186774,CA65931,2025-06-08 05:00:00+00:00,0,test,0.5736186935999923,0.1802228521655894,1
121200263,CA65931,2025-06-08 09:00:00+00:00,0,test,0.49139929292799794,0.1802228521655894,1
121210257,CA65931,2025-06-08 13:00:00+00:00,0,test,0.36147082587470813,0.1802228521655894,1
121221450,CA65931,2025-06-08 17:00:00+00:00,0,test,0.524005107754298,0.1802228521655894,1
121234537,CA65931,2025-06-08 21:00:00+00:00,0,test,0.5921490899328091,0.1802228521655894,1
121243892,CA65931,2025-06-09 01:00:00+00:00,0,test,0.48859435033604015,0.1802228521655894,1
121257589,CA65931,2025-06-09 05:00:00+00:00,0,test,0.5943205527893294,0.1802228521655894,1
121267372,CA65931,2025-06-09 09:00:00+00:00,0,test,0.5821480651483502,0.1802228521655894,1
121275986,CA65931,2025-06-09 13:00:00+00:00,0,test,0.6092805173358051,0.1802228521655894,1
121289709,CA65931,2025-06-09 17:00:00+00:00,0,test,0.6449426370441914,0.1802228521655894,1
121300636,CA65931,2025-06-09 21:00:00+00:00,0,test,0.6906827388529562,0.1802228521655894,1
121311840,CA65931,2025-06-10 01:00:00+00:00,0,test,0.6453374352565566,0.1802228521655894,1
121322573,CA65931,2025-06-10 05:00:00+00:00,0,test,0.6139388722601934,0.1802228521655894,1
121331281,CA65931,2025-06-10 09:00:00+00:00,0,test,0.3365061635175708,0.1802228521655894,1
121343096,CA65931,2025-06-10 13:00:00+00:00,0,test,0.35577252799687503,0.1802228521655894,1
121354211,CA65931,2025-06-10 17:00:00+00:00,0,test,0.21518863978409694,0.1802228521655894,1
121364488,CA65931,2025-06-10 21:00:00+00:00,0,test,0.24117580570121513,0.1802228521655894,1
121433959,CA65931,2025-06-11 22:00:00+00:00,0,test,0.18109938123610408,0.1802228521655894,1
121477952,CA65931,2025-06-12 13:22:25+00:00,0,test,0.22967628291280678,0.1802228521655894,1
121489295,CA65931,2025-06-12 17:31:07+00:00,0,test,0.359195377093535,0.1802228521655894,1
121500001,CA65931,2025-06-12 21:31:20+00:00,0,test,0.4758468341810848,0.1802228521655894,1
121511965,CA65931,2025-06-13 01:35:16+00:00,0,test,0.4171259525825243,0.1802228521655894,1
121521457,CA65931,2025-06-13 05:49:30+00:00,1,test,0.4625630705246616,0.1802228521655894,1
121532399,CA65931,2025-06-13 10:00:00+00:00,0,test,0.47684823053568,0.1802228521655894,1
121542200,CA65931,2025-06-13 14:00:00+00:00,0,test,0.6435959633525133,0.1802228521655894,1
121554275,CA65931,2025-06-13 18:00:00+00:00,0,test,0.5939728783809184,0.1802228521655894,1
121563602,CA65931,2025-06-13 22:00:00+00:00,0,test,0.6944210306892986,0.1802228521655894,1
121573791,CA65931,2025-06-14 02:00:00+00:00,0,test,0.5275897611217764,0.1802228521655894,1
121586777,CA65931,2025-06-14 06:00:00+00:00,0,test,0.6368733856453375,0.1802228521655894,1
121599027,CA65931,2025-06-14 10:00:00+00:00,0,test,0.5533234593146971,0.1802228521655894,1
121608117,CA65931,2025-06-14 14:00:00+00:00,0,test,0.5870622141924545,0.1802228521655894,1
121620175,CA65931,2025-06-14 18:00:00+00:00,0,test,0.5820366300317662,0.1802228521655894,1
121632663,CA65931,2025-06-14 22:00:00+00:00,0,test,0.6539242590351727,0.1802228521655894,1
121641543,CA65931,2025-06-15 02:00:00+00:00,0,test,0.5672839838361482,0.1802228521655894,1
121652594,CA65931,2025-06-15 06:00:00+00:00,0,test,0.6144943232021209,0.1802228521655894,1
121661965,CA65931,2025-06-15 10:00:00+00:00,0,test,0.701005033331794,0.1802228521655894,1
121671782,CA65931,2025-06-15 14:00:00+00:00,1,test,0.6244886652241101,0.1802228521655894,1
121682430,CA65931,2025-06-15 18:00:00+00:00,1,test,0.5140199802072037,0.1802228521655894,1
121691554,CA65931,2025-06-15 22:00:00+00:00,0,test,0.6435301000155661,0.1802228521655894,1
121701470,CA65931,2025-06-16 02:00:00+00:00,0,test,0.5930156564557346,0.1802228521655894,1
121710087,CA65931,2025-06-16 06:00:00+00:00,1,test,0.5779358757387637,0.1802228521655894,1
121730608,CA65931,2025-06-16 10:00:00+00:00,0,test,0.5928074135059016,0.1802228521655894,1
121730618,CA65931,2025-06-16 14:00:00+00:00,0,test,0.6632576865029115,0.1802228521655894,1
121774682,CA65931,2025-06-16 18:00:00+00:00,1,test,0.6732302520553965,0.1802228521655894,1
121839442,CA65931,2025-06-16 22:00:00+00:00,1,test,0.7000429946940758,0.1802228521655894,1
121847830,CA65931,2025-06-17 02:00:00+00:00,0,test,0.496633017165818,0.1802228521655894,1
121859647,CA65931,2025-06-17 06:00:00+00:00,0,test,0.524951442121818,0.1802228521655894,1
121867527,CA65931,2025-06-17 10:00:00+00:00,0,test,0.6066450984350226,0.1802228521655894,1
121899943,CA65931,2025-06-17 14:00:00+00:00,0,test,0.5622926531785895,0.1802228521655894,1
121917231,CA65931,2025-06-17 18:00:00+00:00,0,test,0.5905706414473416,0.1802228521655894,1
122218870,CA65931,2025-06-17 22:00:00+00:00,0,test,0.720608141193396,0.1802228521655894,1
122910247,CA65931,2025-06-18 02:00:00+00:00,0,test,0.651413942963779,0.1802228521655894,1
122993829,CA65931,2025-06-18 06:00:00+00:00,0,test,0.5909125478074938,0.1802228521655894,1
123011354,CA65931,2025-06-18 10:00:00+00:00,0,test,0.6567996766568366,0.1802228521655894,1
123020349,CA65931,2025-06-18 14:00:00+00:00,0,test,0.6558893549225667,0.1802228521655894,1
123061084,CA65931,2025-06-18 18:00:00+00:00,0,test,0.6679086383463827,0.1802228521655894,1
123115895,CA65931,2025-06-18 22:00:00+00:00,0,test,0.7036905757681026,0.1802228521655894,1
123132492,CA65931,2025-06-19 02:00:00+00:00,0,test,0.5423112895456959,0.1802228521655894,1
123143931,CA65931,2025-06-19 06:00:00+00:00,0,test,0.5714385275797229,0.1802228521655894,1
123157306,CA65931,2025-06-19 10:00:00+00:00,0,test,0.5505852769123227,0.1802228521655894,1
123167954,CA65931,2025-06-19 14:00:00+00:00,0,test,0.5385841541004939,0.1802228521655894,1
123180596,CA65931,2025-06-19 18:00:00+00:00,0,test,0.6799557826347591,0.1802228521655894,1
123192265,CA65931,2025-06-19 22:00:00+00:00,0,test,0.7238959107496887,0.1802228521655894,1
123203898,CA65931,2025-06-20 02:00:00+00:00,1,test,0.5774309421805203,0.1802228521655894,1
123215806,CA65931,2025-06-20 06:00:00+00:00,0,test,0.5521744926857475,0.1802228521655894,1
123225955,CA65931,2025-06-20 10:00:00+00:00,0,test,0.5641350775448916,0.1802228521655894,1
123240069,CA65931,2025-06-20 14:00:00+00:00,0,test,0.5016385525786943,0.1802228521655894,1
123250999,CA65931,2025-06-20 18:00:00+00:00,0,test,0.5389748345901977,0.1802228521655894,1
123262691,CA65931,2025-06-20 22:00:00+00:00,0,test,0.6530739091074969,0.1802228521655894,1
123272550,CA65931,2025-06-21 02:00:00+00:00,0,test,0.5268098679423594,0.1802228521655894,1
123284481,CA65931,2025-06-21 06:00:00+00:00,0,test,0.520646894471339,0.1802228521655894,1
123297778,CA65931,2025-06-21 10:00:00+00:00,0,test,0.5697458057532502,0.1802228521655894,1
123308119,CA65931,2025-06-21 14:00:00+00:00,0,test,0.34388198104531376,0.1802228521655894,1
123320193,CA65931,2025-06-21 18:00:00+00:00,0,test,0.49076133434151814,0.1802228521655894,1
123330804,CA65931,2025-06-21 22:00:00+00:00,0,test,0.5817382847804382,0.1802228521655894,1
123342336,CA65931,2025-06-22 02:00:00+00:00,0,test,0.47388934271124306,0.1802228521655894,1
123351885,CA65931,2025-06-22 06:00:00+00:00,0,test,0.5735617876970814,0.1802228521655894,1
123363552,CA65931,2025-06-22 10:00:00+00:00,0,test,0.5661546991725422,0.1802228521655894,1
123372870,CA65931,2025-06-22 14:00:00+00:00,0,test,0.4265426121522554,0.1802228521655894,1
123383548,CA65931,2025-06-22 18:00:00+00:00,0,test,0.5708447953812273,0.1802228521655894,1
123396313,CA65931,2025-06-22 22:00:00+00:00,1,test,0.578356247676111,0.1802228521655894,1
123408075,CA65931,2025-06-23 02:00:00+00:00,0,test,0.6135573796409625,0.1802228521655894,1
123417027,CA65931,2025-06-23 06:00:00+00:00,1,test,0.593527942288879,0.1802228521655894,1
123430447,CA65931,2025-06-23 10:00:00+00:00,0,test,0.6165534739695975,0.1802228521655894,1
123439964,CA65931,2025-06-23 14:00:00+00:00,1,test,0.47785548542175044,0.1802228521655894,1
123451139,CA65931,2025-06-23 18:00:00+00:00,1,test,0.5344172966518688,0.1802228521655894,1
123462642,CA65931,2025-06-23 22:00:00+00:00,1,test,0.612893187929497,0.1802228521655894,1
123475835,CA65931,2025-06-24 02:00:00+00:00,0,test,0.44110855170719543,0.1802228521655894,1
123485110,CA65931,2025-06-24 06:00:00+00:00,1,test,0.6309218867738612,0.1802228521655894,1
123495633,CA65931,2025-06-24 10:00:00+00:00,1,test,0.5898993346994791,0.1802228521655894,1
123505926,CA65931,2025-06-24 14:00:00+00:00,1,test,0.5898993346994791,0.1802228521655894,1
123942738,CA65931,2025-06-24 18:00:00+00:00,0,test,0.607078485243101,0.1802228521655894,1
123957698,CA65931,2025-06-24 22:00:00+00:00,1,test,0.7304641415299717,0.1802228521655894,1
123969372,CA65931,2025-06-25 02:00:00+00:00,0,test,0.5553576482406197,0.1802228521655894,1
123981307,CA65931,2025-06-25 06:00:00+00:00,0,test,0.6205160802375698,0.1802228521655894,1
123991594,CA65931,2025-06-25 10:00:00+00:00,1,test,0.645993114383546,0.1802228521655894,1
124003239,CA65931,2025-06-25 14:00:00+00:00,0,test,0.5240167377201638,0.1802228521655894,1
124014175,CA65931,2025-06-25 18:00:00+00:00,0,test,0.6592520063853831,0.1802228521655894,1
124033307,CA65931,2025-06-25 22:00:00+00:00,0,test,0.6691016492803431,0.1802228521655894,1
124044713,CA65931,2025-06-26 02:00:00+00:00,0,test,0.5666857181323364,0.1802228521655894,1
124061418,CA65931,2025-06-26 06:00:00+00:00,0,test,0.616637207507047,0.1802228521655894,1
124070544,CA65931,2025-06-26 10:00:00+00:00,1,test,0.5595563856950244,0.1802228521655894,1
124081751,CA65931,2025-06-26 14:00:00+00:00,1,test,0.5933377039058219,0.1802228521655894,1
124097669,CA65931,2025-06-26 18:00:00+00:00,0,test,0.6211699251051251,0.1802228521655894,1
124118977,CA65931,2025-06-26 22:00:00+00:00,0,test,0.670073780712445,0.1802228521655894,1
124128089,CA65931,2025-06-27 02:00:00+00:00,0,test,0.513633579706506,0.1802228521655894,1
124140223,CA65931,2025-06-27 06:00:00+00:00,0,test,0.5658112466338957,0.1802228521655894,1
124150339,CA65931,2025-06-27 10:00:00+00:00,0,test,0.5648458654454249,0.1802228521655894,1
124162888,CA65931,2025-06-27 14:00:00+00:00,0,test,0.5308736782320916,0.1802228521655894,1
124176623,CA65931,2025-06-27 18:00:00+00:00,0,test,0.5572814060693095,0.1802228521655894,1
124198266,CA65931,2025-06-27 22:00:00+00:00,0,test,0.622022784156754,0.1802228521655894,1
124210685,CA65931,2025-06-28 02:00:00+00:00,0,test,0.5120400507805449,0.1802228521655894,1
124221590,CA65931,2025-06-28 06:00:00+00:00,0,test,0.5463385062218714,0.1802228521655894,1
124233623,CA65931,2025-06-28 10:00:00+00:00,0,test,0.5834309872006992,0.1802228521655894,1
124252892,CA65931,2025-06-28 14:00:00+00:00,0,test,0.5769718450473251,0.1802228521655894,1
124265603,CA65931,2025-06-28 18:00:00+00:00,0,test,0.6114935819800009,0.1802228521655894,1
124282924,CA65931,2025-06-28 22:00:00+00:00,0,test,0.6500113757126031,0.1802228521655894,1
124293994,CA65931,2025-06-29 02:00:00+00:00,0,test,0.5670360484127805,0.1802228521655894,1
124309928,CA65931,2025-06-29 06:00:00+00:00,0,test,0.5861418202739894,0.1802228521655894,1
124322001,CA65931,2025-06-29 10:00:00+00:00,0,test,0.6283954982384293,0.1802228521655894,1
124332371,CA65931,2025-06-29 14:00:00+00:00,0,test,0.6332395558181925,0.1802228521655894,1
124346423,CA65931,2025-06-29 18:00:00+00:00,0,test,0.5732770629903097,0.1802228521655894,1
124357545,CA65931,2025-06-29 22:00:00+00:00,0,test,0.6493941409416537,0.1802228521655894,1
124368218,CA65931,2025-06-30 02:00:00+00:00,0,test,0.6034311881239532,0.1802228521655894,1
124378938,CA65931,2025-06-30 06:00:00+00:00,0,test,0.6328371975574156,0.1802228521655894,1
124391328,CA65931,2025-06-30 10:00:00+00:00,0,test,0.5882952057500067,0.1802228521655894,1
124402575,CA65931,2025-06-30 14:00:00+00:00,0,test,0.6001186970934898,0.1802228521655894,1
124420375,CA65931,2025-06-30 18:00:00+00:00,0,test,0.6258436723877818,0.1802228521655894,1
124442470,CA65931,2025-06-30 22:00:00+00:00,0,test,0.6754975115548602,0.1802228521655894,1
124452777,CA65931,2025-07-01 02:00:00+00:00,0,test,0.5363077547546633,0.1802228521655894,1
121015354,CA65932,2025-06-05 16:58:41+00:00,1,test,0.23096833339091305,0.1802228521655894,1
121025735,CA65932,2025-06-05 21:00:00+00:00,1,test,0.23467996790032092,0.1802228521655894,1
121037369,CA65932,2025-06-06 01:00:00+00:00,1,test,0.2072567394588517,0.1802228521655894,1
121048040,CA65932,2025-06-06 05:00:00+00:00,1,test,0.2608860560537331,0.1802228521655894,1
121061457,CA65932,2025-06-06 09:00:00+00:00,0,test,0.28570673317315926,0.1802228521655894,1
121070131,CA65932,2025-06-06 13:00:00+00:00,1,test,0.2688750795038096,0.1802228521655894,1
121085024,CA65932,2025-06-06 17:00:00+00:00,1,test,0.25107466477166224,0.1802228521655894,1
121096034,CA65932,2025-06-06 21:00:00+00:00,1,test,0.2690227179296044,0.1802228521655894,1
121104458,CA65932,2025-06-07 01:00:00+00:00,1,test,0.27869558422499796,0.1802228521655894,1
121118804,CA65932,2025-06-07 05:00:00+00:00,1,test,0.2629010259940901,0.1802228521655894,1
121131597,CA65932,2025-06-07 09:00:00+00:00,1,test,0.2636541711595911,0.1802228521655894,1
121143204,CA65932,2025-06-07 13:00:00+00:00,0,test,0.31007546823828125,0.1802228521655894,1
121155021,CA65932,2025-06-07 17:00:00+00:00,0,test,0.35161990518322517,0.1802228521655894,1
121165488,CA65932,2025-06-07 21:00:00+00:00,0,test,0.3299255090700329,0.1802228521655894,1
121175643,CA65932,2025-06-08 01:00:00+00:00,0,test,0.2519852069146671,0.1802228521655894,1
121190542,CA65932,2025-06-08 05:00:00+00:00,0,test,0.2948774331752996,0.1802228521655894,1
121198806,CA65932,2025-06-08 09:00:00+00:00,0,test,0.3149680038373746,0.1802228521655894,1
121210258,CA65932,2025-06-08 13:00:00+00:00,0,test,0.2672662956453696,0.1802228521655894,1
121221451,CA65932,2025-06-08 17:00:00+00:00,0,test,0.2416415216492627,0.1802228521655894,1
121234383,CA65932,2025-06-08 21:00:00+00:00,0,test,0.3162244710862879,0.1802228521655894,1
121243893,CA65932,2025-06-09 01:00:00+00:00,0,test,0.22616904849972772,0.1802228521655894,1
121256865,CA65932,2025-06-09 05:00:00+00:00,1,test,0.2505468186650901,0.1802228521655894,1
121267373,CA65932,2025-06-09 09:00:00+00:00,1,test,0.23857837299234522,0.1802228521655894,1
121275987,CA65932,2025-06-09 13:00:00+00:00,0,test,0.26673238258041543,0.1802228521655894,1
121286904,CA65932,2025-06-09 17:00:00+00:00,0,test,0.2761189614340485,0.1802228521655894,1
121300405,CA65932,2025-06-09 21:00:00+00:00,1,test,0.337081695329004,0.1802228521655894,1
121310885,CA65932,2025-06-10 01:00:00+00:00,1,test,0.23761835289173774,0.1802228521655894,1
121322044,CA65932,2025-06-10 05:00:00+00:00,1,test,0.2557753972437082,0.1802228521655894,1
121333852,CA65932,2025-06-10 09:00:00+00:00,1,test,0.2414045615239911,0.1802228521655894,1
121345914,CA65932,2025-06-10 13:00:00+00:00,1,test,0.2440103226458232,0.1802228521655894,1
121355843,CA65932,2025-06-10 17:00:00+00:00,1,test,0.3342831023608882,0.1802228521655894,1
121366225,CA65932,2025-06-10 21:00:00+00:00,1,test,0.30725231687180626,0.1802228521655894,1
121379442,CA65932,2025-06-11 01:00:00+00:00,1,test,0.2539573128241211,0.1802228521655894,1
121385350,CA65932,2025-06-11 05:00:00+00:00,0,test,0.2558548398653941,0.1802228521655894,1
121398489,CA65932,2025-06-11 09:00:00+00:00,0,test,0.24768146267694202,0.1802228521655894,1
121406882,CA65932,2025-06-11 13:00:00+00:00,0,test,0.27453872645151683,0.1802228521655894,1
121420746,CA65932,2025-06-11 17:00:00+00:00,0,test,0.297150128577023,0.1802228521655894,1
121432610,CA65932,2025-06-11 21:00:00+00:00,0,test,0.313699432828081,0.1802228521655894,1
121442097,CA65932,2025-06-12 01:00:00+00:00,0,test,0.2500536494352358,0.1802228521655894,1
121454956,CA65932,2025-06-12 05:00:00+00:00,0,test,0.3063308441178176,0.1802228521655894,1
121464892,CA65932,2025-06-12 09:00:00+00:00,0,test,0.2802712876255065,0.1802228521655894,1
121476118,CA65932,2025-06-12 13:00:00+00:00,0,test,0.2800139066854166,0.1802228521655894,1
121486279,CA65932,2025-06-12 17:00:00+00:00,0,test,0.31173619057121255,0.1802228521655894,1
121497240,CA65932,2025-06-12 21:00:00+00:00,0,test,0.3559297383803918,0.1802228521655894,1
121510098,CA65932,2025-06-13 01:00:00+00:00,1,test,0.2900927385443952,0.1802228521655894,1
121519497,CA65932,2025-06-13 05:00:00+00:00,1,test,0.30962964051928665,0.1802228521655894,1
121530480,CA65932,2025-06-13 09:00:00+00:00,0,test,0.24887694642999375,0.1802228521655894,1
121539355,CA65932,2025-06-13 13:00:00+00:00,1,test,0.28948778552326704,0.1802228521655894,1
121551538,CA65932,2025-06-13 17:00:00+00:00,0,test,0.33950263370713396,0.1802228521655894,1
121562103,CA65932,2025-06-13 21:00:00+00:00,1,test,0.34486310966261174,0.1802228521655894,1
121573491,CA65932,2025-06-14 01:00:00+00:00,1,test,0.3055167568893644,0.1802228521655894,1
121582581,CA65932,2025-06-14 05:00:00+00:00,1,test,0.2595756864414887,0.1802228521655894,1
121595727,CA65932,2025-06-14 09:00:00+00:00,0,test,0.2948344146499796,0.1802228521655894,1
121609044,CA65932,2025-06-14 13:00:00+00:00,0,test,0.2980097252483251,0.1802228521655894,1
121618180,CA65932,2025-06-14 17:00:00+00:00,0,test,0.281382948592721,0.1802228521655894,1
121629925,CA65932,2025-06-14 21:00:00+00:00,0,test,0.334043999383478,0.1802228521655894,1
121638913,CA65932,2025-06-15 01:00:00+00:00,1,test,0.21206890577294182,0.1802228521655894,1
121649357,CA65932,2025-06-15 05:00:00+00:00,1,test,0.2411732624535347,0.1802228521655894,1
121659716,CA65932,2025-06-15 09:00:00+00:00,1,test,0.20133796893590541,0.1802228521655894,1
121667892,CA65932,2025-06-15 13:00:00+00:00,1,test,0.2724382864069148,0.1802228521655894,1
121680041,CA65932,2025-06-15 17:00:00+00:00,1,test,0.3190471848779428,0.1802228521655894,1
121687592,CA65932,2025-06-15 21:00:00+00:00,0,test,0.332400852119958,0.1802228521655894,1
121699159,CA65932,2025-06-16 01:00:00+00:00,0,test,0.2992150200673384,0.1802228521655894,1
121708377,CA65932,2025-06-16 05:00:00+00:00,0,test,0.31447384504198533,0.1802228521655894,1
121718367,CA65932,2025-06-16 09:00:00+00:00,0,test,0.30212693051065587,0.1802228521655894,1
121730630,CA65932,2025-06-16 13:00:00+00:00,0,test,0.2594374879782873,0.1802228521655894,1
121773899,CA65932,2025-06-16 17:00:00+00:00,0,test,0.32699416585725577,0.1802228521655894,1
121822431,CA65932,2025-06-16 21:00:00+00:00,1,test,0.33336772851953084,0.1802228521655894,1
121845321,CA65932,2025-06-17 01:00:00+00:00,0,test,0.26695098164424674,0.1802228521655894,1
121856604,CA65932,2025-06-17 05:00:00+00:00,0,test,0.2952024433031643,0.1802228521655894,1
121866089,CA65932,2025-06-17 09:00:00+00:00,0,test,0.31368251403497616,0.1802228521655894,1
121884991,CA65932,2025-06-17 13:00:00+00:00,0,test,0.28796439087427084,0.1802228521655894,1
121913278,CA65932,2025-06-17 17:00:00+00:00,0,test,0.31136113907329704,0.1802228521655894,1
122029654,CA65932,2025-06-17 21:00:00+00:00,0,test,0.3378934758978952,0.1802228521655894,1
122837870,CA65932,2025-06-18 01:00:00+00:00,0,test,0.24891087564553882,0.1802228521655894,1
122991408,CA65932,2025-06-18 05:00:00+00:00,0,test,0.24868688134453076,0.1802228521655894,1
123008550,CA65932,2025-06-18 09:00:00+00:00,0,test,0.2620500195496102,0.1802228521655894,1
123019873,CA65932,2025-06-18 13:00:00+00:00,0,test,0.23891378395092822,0.1802228521655894,1
123042847,CA65932,2025-06-18 17:00:00+00:00,0,test,0.25012977132719627,0.1802228521655894,1
123115682,CA65932,2025-06-18 21:00:00+00:00,0,test,0.35895687671028903,0.1802228521655894,1
123130801,CA65932,2025-06-19 01:00:00+00:00,0,test,0.2663235854759222,0.1802228521655894,1
123140916,CA65932,2025-06-19 05:00:00+00:00,0,test,0.2567080144493944,0.1802228521655894,1
123154504,CA65932,2025-06-19 09:00:00+00:00,0,test,0.2623361100823742,0.1802228521655894,1
123166593,CA65932,2025-06-19 13:00:00+00:00,0,test,0.25912005448508746,0.1802228521655894,1
123175407,CA65932,2025-06-19 17:00:00+00:00,0,test,0.2624704574710232,0.1802228521655894,1
123189643,CA65932,2025-06-19 21:00:00+00:00,0,test,0.290200954732547,0.1802228521655894,1
123199357,CA65932,2025-06-20 01:00:00+00:00,0,test,0.24149096993417737,0.1802228521655894,1
123212373,CA65932,2025-06-20 05:00:00+00:00,0,test,0.2403742428885524,0.1802228521655894,1
123224172,CA65932,2025-06-20 09:00:00+00:00,0,test,0.24104105726170313,0.1802228521655894,1
123235279,CA65932,2025-06-20 13:00:00+00:00,1,test,0.21733208742791765,0.1802228521655894,1
123246697,CA65932,2025-06-20 17:00:00+00:00,1,test,0.3012307670923669,0.1802228521655894,1
123261066,CA65932,2025-06-20 21:00:00+00:00,0,test,0.32916775162986506,0.1802228521655894,1
123270024,CA65932,2025-06-21 01:00:00+00:00,0,test,0.2780655355011423,0.1802228521655894,1
123284482,CA65932,2025-06-21 05:00:00+00:00,0,test,0.27641857132504777,0.1802228521655894,1
123293074,CA65932,2025-06-21 09:00:00+00:00,1,test,0.29261484691420486,0.1802228521655894,1
123306418,CA65932,2025-06-21 13:00:00+00:00,0,test,0.31548288245761913,0.1802228521655894,1
123316634,CA65932,2025-06-21 17:00:00+00:00,0,test,0.318799285564103,0.1802228521655894,1
123329291,CA65932,2025-06-21 21:00:00+00:00,0,test,0.3559575261601604,0.1802228521655894,1
123339254,CA65932,2025-06-22 01:00:00+00:00,1,test,0.2753262800022878,0.1802228521655894,1
123350806,CA65932,2025-06-22 05:00:00+00:00,0,test,0.3450789536716731,0.1802228521655894,1
123361650,CA65932,2025-06-22 09:00:00+00:00,0,test,0.3325146965229772,0.1802228521655894,1
123372049,CA65932,2025-06-22 13:00:00+00:00,0,test,0.32979043046603845,0.1802228521655894,1
123380672,CA65932,2025-06-22 17:00:00+00:00,0,test,0.3203980312438699,0.1802228521655894,1
123394946,CA65932,2025-06-22 21:00:00+00:00,0,test,0.32043403051341096,0.1802228521655894,1
123403938,CA65932,2025-06-23 01:00:00+00:00,1,test,0.2455155679749949,0.1802228521655894,1
123414906,CA65932,2025-06-23 05:00:00+00:00,0,test,0.2754797412925552,0.1802228521655894,1
123426128,CA65932,2025-06-23 09:00:00+00:00,0,test,0.2747109453242691,0.1802228521655894,1
123438511,CA65932,2025-06-23 13:00:00+00:00,0,test,0.28265610024162974,0.1802228521655894,1
123450744,CA65932,2025-06-23 17:00:00+00:00,0,test,0.3336241373004508,0.1802228521655894,1
123460941,CA65932,2025-06-23 21:00:00+00:00,0,test,0.36312060073429653,0.1802228521655894,1
123472243,CA65932,2025-06-24 01:00:00+00:00,0,test,0.25731124036621744,0.1802228521655894,1
123480998,CA65932,2025-06-24 05:00:00+00:00,0,test,0.26970645965740786,0.1802228521655894,1
123494413,CA65932,2025-06-24 09:00:00+00:00,0,test,0.26501665692876275,0.1802228521655894,1
123503548,CA65932,2025-06-24 13:00:00+00:00,0,test,0.2544149771200792,0.1802228521655894,1
123937367,CA65932,2025-06-24 17:00:00+00:00,0,test,0.28789103484368084,0.1802228521655894,1
123952965,CA65932,2025-06-24 21:00:00+00:00,0,test,0.2713445841493123,0.1802228521655894,1
123966867,CA65932,2025-06-25 01:00:00+00:00,0,test,0.2501912158180081,0.1802228521655894,1
123978918,CA65932,2025-06-25 05:00:00+00:00,0,test,0.24029712178894777,0.1802228521655894,1
123989966,CA65932,2025-06-25 09:00:00+00:00,0,test,0.29381286202870555,0.1802228521655894,1
123998809,CA65932,2025-06-25 13:00:00+00:00,0,test,0.26828768680352877,0.1802228521655894,1
124010983,CA65932,2025-06-25 17:00:00+00:00,0,test,0.2948883545510967,0.1802228521655894,1
124031780,CA65932,2025-06-25 21:00:00+00:00,0,test,0.3309837168880208,0.1802228521655894,1
124041821,CA65932,2025-06-26 01:00:00+00:00,0,test,0.2717322841677145,0.1802228521655894,1
124053071,CA65932,2025-06-26 05:00:00+00:00,0,test,0.29980573771138647,0.1802228521655894,1
124068816,CA65932,2025-06-26 09:00:00+00:00,1,test,0.2993763816555436,0.1802228521655894,1
124080952,CA65932,2025-06-26 13:00:00+00:00,1,test,0.29635313888962966,0.1802228521655894,1
124095210,CA65932,2025-06-26 17:00:00+00:00,0,test,0.3107900008435579,0.1802228521655894,1
124115675,CA65932,2025-06-26 21:00:00+00:00,0,test,0.3281688584397957,0.1802228521655894,1
124127541,CA65932,2025-06-27 01:00:00+00:00,1,test,0.2755458518763959,0.1802228521655894,1
124136126,CA65932,2025-06-27 05:00:00+00:00,0,test,0.23658345126760671,0.1802228521655894,1
124147316,CA65932,2025-06-27 09:00:00+00:00,0,test,0.2038888011109259,0.1802228521655894,1
124159612,CA65932,2025-06-27 13:00:00+00:00,0,test,0.18271588635980215,0.1802228521655894,1
124171737,CA65932,2025-06-27 17:00:00+00:00,0,test,0.3359447979466165,0.1802228521655894,1
124197658,CA65932,2025-06-27 21:00:00+00:00,0,test,0.35896668006224525,0.1802228521655894,1
124206912,CA65932,2025-06-28 01:00:00+00:00,0,test,0.25036732849923377,0.1802228521655894,1
124217752,CA65932,2025-06-28 05:00:00+00:00,0,test,0.2811911180427224,0.1802228521655894,1
124231574,CA65932,2025-06-28 09:00:00+00:00,0,test,0.2990999706156052,0.1802228521655894,1
124250083,CA65932,2025-06-28 13:00:00+00:00,0,test,0.28047555127647517,0.1802228521655894,1
124261999,CA65932,2025-06-28 17:00:00+00:00,0,test,0.3308423974714489,0.1802228521655894,1
124278818,CA65932,2025-06-28 21:00:00+00:00,0,test,0.33024508255357665,0.1802228521655894,1
124290521,CA65932,2025-06-29 01:00:00+00:00,0,test,0.29480281287723487,0.1802228521655894,1
124305149,CA65932,2025-06-29 05:00:00+00:00,0,test,0.3497664331251885,0.1802228521655894,1
124317870,CA65932,2025-06-29 09:00:00+00:00,0,test,0.304879777980118,0.1802228521655894,1
124328739,CA65932,2025-06-29 13:00:00+00:00,0,test,0.29858814463259253,0.1802228521655894,1
124342804,CA65932,2025-06-29 17:00:00+00:00,1,test,0.31278726395074896,0.1802228521655894,1
124354293,CA65932,2025-06-29 21:00:00+00:00,0,test,0.34555921513675425,0.1802228521655894,1
124367076,CA65932,2025-06-30 01:00:00+00:00,0,test,0.2500703598223122,0.1802228521655894,1
124378395,CA65932,2025-06-30 05:00:00+00:00,0,test,0.2642072648511073,0.1802228521655894,1
124389672,CA65932,2025-06-30 09:00:00+00:00,0,test,0.24219894492885213,0.1802228521655894,1
124399662,CA65932,2025-06-30 13:00:00+00:00,0,test,0.22558091977863373,0.1802228521655894,1
124411091,CA65932,2025-06-30 17:00:00+00:00,0,test,0.24605906331141653,0.1802228521655894,1
124440549,CA65932,2025-06-30 21:00:00+00:00,0,test,0.27248789810330865,0.1802228521655894,1
124449713,CA65932,2025-07-01 01:00:00+00:00,0,test,0.20208954243874255,0.1802228521655894,1
120809712,CA65933,2025-06-02 15:00:00+00:00,0,test,0.6791735422579587,0.1802228521655894,1
120834318,CA65933,2025-06-02 19:00:00+00:00,0,test,0.5286378426948344,0.1802228521655894,1
120842316,CA65933,2025-06-02 23:00:00+00:00,0,test,0.5193331943112839,0.1802228521655894,1
120854448,CA65933,2025-06-03 03:00:00+00:00,0,test,0.6465777844302254,0.1802228521655894,1
120863189,CA65933,2025-06-03 07:00:00+00:00,0,test,0.665999700334072,0.1802228521655894,1
120871852,CA65933,2025-06-03 11:00:00+00:00,0,test,0.655365185652167,0.1802228521655894,1
120885401,CA65933,2025-06-03 15:00:00+00:00,0,test,0.6638787592902109,0.1802228521655894,1
120894199,CA65933,2025-06-03 19:00:00+00:00,0,test,0.6922162623183346,0.1802228521655894,1
124027001,CA65933,2025-06-03 23:00:00+00:00,0,test,0.4373731507895642,0.1802228521655894,1
124027012,CA65933,2025-06-04 03:00:00+00:00,1,test,0.4719535700595845,0.1802228521655894,1
124027030,CA65933,2025-06-04 07:00:00+00:00,1,test,0.46654804795935734,0.1802228521655894,1
120935868,CA65933,2025-06-04 11:00:00+00:00,1,test,0.5832822372855699,0.1802228521655894,1
120946655,CA65933,2025-06-04 15:00:00+00:00,1,test,0.4671155894866021,0.1802228521655894,1
120955041,CA65933,2025-06-04 19:00:00+00:00,1,test,0.5293499530854082,0.1802228521655894,1
120966775,CA65933,2025-06-04 23:00:00+00:00,1,test,0.564200281334552,0.1802228521655894,1
120975234,CA65933,2025-06-05 03:00:00+00:00,1,test,0.47694946631172075,0.1802228521655894,1
120986280,CA65933,2025-06-05 07:00:00+00:00,0,test,0.33733908062391477,0.1802228521655894,1
120997329,CA65933,2025-06-05 11:00:00+00:00,0,test,0.4741628672534402,0.1802228521655894,1
121008261,CA65933,2025-06-05 15:00:00+00:00,1,test,0.322829005239452,0.1802228521655894,1
121020455,CA65933,2025-06-05 19:00:00+00:00,0,test,0.6490449486826382,0.1802228521655894,1
121031347,CA65933,2025-06-05 23:00:00+00:00,0,test,0.5615565476007821,0.1802228521655894,1
121044186,CA65933,2025-06-06 03:00:00+00:00,0,test,0.6156013952897845,0.1802228521655894,1
121055307,CA65933,2025-06-06 07:00:00+00:00,0,test,0.607072736858523,0.1802228521655894,1
121064828,CA65933,2025-06-06 11:00:00+00:00,1,test,0.6696483213634582,0.1802228521655894,1
121079130,CA65933,2025-06-06 15:00:00+00:00,1,test,0.6685061805602648,0.1802228521655894,1
121088195,CA65933,2025-06-06 19:00:00+00:00,0,test,0.5366671851329644,0.1802228521655894,1
121099585,CA65933,2025-06-06 23:00:00+00:00,0,test,0.5196033003939897,0.1802228521655894,1
121112599,CA65933,2025-06-07 03:00:00+00:00,0,test,0.5009110408244765,0.1802228521655894,1
121125865,CA65933,2025-06-07 07:00:00+00:00,0,test,0.494918514124572,0.1802228521655894,1
121137574,CA65933,2025-06-07 11:00:00+00:00,0,test,0.5489185906473303,0.1802228521655894,1
121146192,CA65933,2025-06-07 15:00:00+00:00,0,test,0.5579901870817694,0.1802228521655894,1
121159664,CA65933,2025-06-07 19:00:00+00:00,0,test,0.700101937574149,0.1802228521655894,1
121169700,CA65933,2025-06-07 23:00:00+00:00,0,test,0.7260206131457367,0.1802228521655894,1
121181788,CA65933,2025-06-08 03:00:00+00:00,0,test,0.6895690334121468,0.1802228521655894,1
121192643,CA65933,2025-06-08 07:00:00+00:00,0,test,0.5485214262707101,0.1802228521655894,1
121203485,CA65933,2025-06-08 11:00:00+00:00,0,test,0.40641299890577914,0.1802228521655894,1
121216060,CA65933,2025-06-08 15:00:00+00:00,0,test,0.26335455973297606,0.1802228521655894,1
121226493,CA65933,2025-06-08 19:00:00+00:00,0,test,0.6451468996424083,0.1802228521655894,1
121239106,CA65933,2025-06-08 23:00:00+00:00,0,test,0.671830460725099,0.1802228521655894,1
121249346,CA65933,2025-06-09 03:00:00+00:00,0,test,0.6532828422040468,0.1802228521655894,1
121262058,CA65933,2025-06-09 07:00:00+00:00,1,test,0.6401643966948378,0.1802228521655894,1
121272907,CA65933,2025-06-09 11:00:00+00:00,0,test,0.6491872962116519,0.1802228521655894,1
121283594,CA65933,2025-06-09 15:00:00+00:00,0,test,0.7142230305549917,0.1802228521655894,1
121292401,CA65933,2025-06-09 19:00:00+00:00,0,test,0.5720268519468624,0.1802228521655894,1
121306594,CA65933,2025-06-09 23:00:00+00:00,0,test,0.6091661631938011,0.1802228521655894,1
121317070,CA65933,2025-06-10 03:00:00+00:00,0,test,0.544712190081713,0.1802228521655894,1
121327937,CA65933,2025-06-10 07:00:00+00:00,0,test,0.557153019814622,0.1802228521655894,1
121337271,CA65933,2025-06-10 11:00:00+00:00,0,test,0.5025295442812646,0.1802228521655894,1
121351448,CA65933,2025-06-10 15:00:00+00:00,0,test,0.5370677576341089,0.1802228521655894,1
121361404,CA65933,2025-06-10 19:00:00+00:00,0,test,0.5566794729042779,0.1802228521655894,1
121369998,CA65933,2025-06-10 23:00:00+00:00,1,test,0.6523257664523354,0.1802228521655894,1
121379741,CA65933,2025-06-11 03:00:00+00:00,0,test,0.5025767589028212,0.1802228521655894,1
121393243,CA65933,2025-06-11 07:00:00+00:00,1,test,0.5524197688424431,0.1802228521655894,1
121404533,CA65933,2025-06-11 11:00:00+00:00,0,test,0.5263187444717067,0.1802228521655894,1
121414261,CA65933,2025-06-11 15:00:00+00:00,0,test,0.506585604253583,0.1802228521655894,1
121425324,CA65933,2025-06-11 19:00:00+00:00,0,test,0.4998113273935697,0.1802228521655894,1
121435919,CA65933,2025-06-11 23:00:00+00:00,0,test,0.5967043301563808,0.1802228521655894,1
121447853,CA65933,2025-06-12 03:00:00+00:00,0,test,0.5489185906473303,0.1802228521655894,1
121460442,CA65933,2025-06-12 07:00:00+00:00,0,test,0.5489277722188728,0.1802228521655894,1
121469462,CA65933,2025-06-12 11:00:00+00:00,0,test,0.5408175173765816,0.1802228521655894,1
121483442,CA65933,2025-06-12 15:00:00+00:00,0,test,0.7013777058957817,0.1802228521655894,1
121492792,CA65933,2025-06-12 19:00:00+00:00,0,test,0.7045493160990546,0.1802228521655894,1
121504555,CA65933,2025-06-12 23:00:00+00:00,1,test,0.7583477669248567,0.1802228521655894,1
121513760,CA65933,2025-06-13 03:00:00+00:00,0,test,0.7051027111783236,0.1802228521655894,1
121524520,CA65933,2025-06-13 07:00:00+00:00,0,test,0.5933483782914692,0.1802228521655894,1
121534245,CA65933,2025-06-13 11:00:00+00:00,0,test,0.40790623196607495,0.1802228521655894,1
121544688,CA65933,2025-06-13 15:00:00+00:00,0,test,0.4030621899458007,0.1802228521655894,1
121555337,CA65933,2025-06-13 19:00:00+00:00,0,test,0.5791894888869232,0.1802228521655894,1
121567379,CA65933,2025-06-13 23:00:00+00:00,0,test,0.6658805898512048,0.1802228521655894,1
121578826,CA65933,2025-06-14 03:00:00+00:00,0,test,0.6233747561020878,0.1802228521655894,1
121589127,CA65933,2025-06-14 07:00:00+00:00,1,test,0.6635665762692436,0.1802228521655894,1
121599397,CA65933,2025-06-14 11:00:00+00:00,0,test,0.538092227800224,0.1802228521655894,1
121612504,CA65933,2025-06-14 15:00:00+00:00,0,test,0.5261479430339692,0.1802228521655894,1
121623603,CA65933,2025-06-14 19:00:00+00:00,0,test,0.5496527793800761,0.1802228521655894,1
121635280,CA65933,2025-06-14 23:00:00+00:00,0,test,0.6178369008494342,0.1802228521655894,1
121644615,CA65933,2025-06-15 03:00:00+00:00,0,test,0.5951502706899819,0.1802228521655894,1
121652597,CA65933,2025-06-15 07:00:00+00:00,0,test,0.5403092973828656,0.1802228521655894,1
121662258,CA65933,2025-06-15 11:00:00+00:00,0,test,0.5608538878787415,0.1802228521655894,1
121673715,CA65933,2025-06-15 15:00:00+00:00,0,test,0.5267429841291656,0.1802228521655894,1
121683615,CA65933,2025-06-15 19:00:00+00:00,0,test,0.5701530958313235,0.1802228521655894,1
121694130,CA65933,2025-06-15 23:00:00+00:00,0,test,0.6269396445027348,0.1802228521655894,1
121702709,CA65933,2025-06-16 03:00:00+00:00,0,test,0.500911166624369,0.1802228521655894,1
121712129,CA65933,2025-06-16 07:00:00+00:00,0,test,0.49419734521972475,0.1802228521655894,1
121730636,CA65933,2025-06-16 11:00:00+00:00,0,test,0.5318114838524054,0.1802228521655894,1
121732921,CA65933,2025-06-16 15:00:00+00:00,1,test,0.3477611266851437,0.1802228521655894,1
121802207,CA65933,2025-06-16 19:00:00+00:00,0,test,0.3483119812388684,0.1802228521655894,1
121839455,CA65933,2025-06-16 23:00:00+00:00,0,test,0.5353055313566504,0.1802228521655894,1
121850822,CA65933,2025-06-17 03:00:00+00:00,0,test,0.4534545327185792,0.1802228521655894,1
121861804,CA65933,2025-06-17 07:00:00+00:00,0,test,0.4970538990149074,0.1802228521655894,1
121868947,CA65933,2025-06-17 11:00:00+00:00,0,test,0.5005087552505035,0.1802228521655894,1
121901702,CA65933,2025-06-17 15:00:00+00:00,1,test,0.5598264484105886,0.1802228521655894,1
121918180,CA65933,2025-06-17 19:00:00+00:00,1,test,0.3984237488927028,0.1802228521655894,1
122383159,CA65933,2025-06-17 23:00:00+00:00,0,test,0.7412762784204102,0.1802228521655894,1
122986465,CA65933,2025-06-18 03:00:00+00:00,0,test,0.6730872515473434,0.1802228521655894,1
123003088,CA65933,2025-06-18 07:00:00+00:00,0,test,0.6716387595040398,0.1802228521655894,1
123013724,CA65933,2025-06-18 11:00:00+00:00,1,test,0.6561230392270332,0.1802228521655894,1
123031246,CA65933,2025-06-18 15:00:00+00:00,0,test,0.6736688228927389,0.1802228521655894,1
123105640,CA65933,2025-06-18 19:00:00+00:00,1,test,0.6951548633002471,0.1802228521655894,1
123126711,CA65933,2025-06-18 23:00:00+00:00,1,test,0.6212461907821513,0.1802228521655894,1
123137922,CA65933,2025-06-19 03:00:00+00:00,1,test,0.5242578663613116,0.1802228521655894,1
123147061,CA65933,2025-06-19 07:00:00+00:00,1,test,0.5623460356041274,0.1802228521655894,1
123160052,CA65933,2025-06-19 11:00:00+00:00,1,test,0.5803181035346894,0.1802228521655894,1
123169666,CA65933,2025-06-19 15:00:00+00:00,0,test,0.5215555944229233,0.1802228521655894,1
123181329,CA65933,2025-06-19 19:00:00+00:00,0,test,0.48043131130223643,0.1802228521655894,1
123193374,CA65933,2025-06-19 23:00:00+00:00,1,test,0.591531465806193,0.1802228521655894,1
123207525,CA65933,2025-06-20 03:00:00+00:00,0,test,0.5338651650994657,0.1802228521655894,1
123218964,CA65933,2025-06-20 07:00:00+00:00,0,test,0.5304560661899773,0.1802228521655894,1
123230900,CA65933,2025-06-20 11:00:00+00:00,0,test,0.5420341234215778,0.1802228521655894,1
123242550,CA65933,2025-06-20 15:00:00+00:00,1,test,0.5271963425991751,0.1802228521655894,1
123256049,CA65933,2025-06-20 19:00:00+00:00,0,test,0.6745615643423974,0.1802228521655894,1
123265765,CA65933,2025-06-20 23:00:00+00:00,0,test,0.718383802366844,0.1802228521655894,1
123277927,CA65933,2025-06-21 03:00:00+00:00,1,test,0.6880298162943281,0.1802228521655894,1
123287446,CA65933,2025-06-21 07:00:00+00:00,0,test,0.6961873825850942,0.1802228521655894,1
123300310,CA65933,2025-06-21 11:00:00+00:00,1,test,0.6695019319662145,0.1802228521655894,1
123313014,CA65933,2025-06-21 15:00:00+00:00,0,test,0.6681820198077674,0.1802228521655894,1
123323998,CA65933,2025-06-21 19:00:00+00:00,0,test,0.5759406950047979,0.1802228521655894,1
123334359,CA65933,2025-06-21 23:00:00+00:00,0,test,0.5944182704085208,0.1802228521655894,1
123342827,CA65933,2025-06-22 03:00:00+00:00,0,test,0.5028677044504984,0.1802228521655894,1
123356246,CA65933,2025-06-22 07:00:00+00:00,1,test,0.5518032967438868,0.1802228521655894,1
123366906,CA65933,2025-06-22 11:00:00+00:00,1,test,0.5590079281548155,0.1802228521655894,1
123375443,CA65933,2025-06-22 15:00:00+00:00,1,test,0.7165438112370922,0.1802228521655894,1
123389333,CA65933,2025-06-22 19:00:00+00:00,0,test,0.7213735402172813,0.1802228521655894,1
123398446,CA65933,2025-06-22 23:00:00+00:00,1,test,0.7584062284866241,0.1802228521655894,1
123411341,CA65933,2025-06-23 03:00:00+00:00,1,test,0.6602644264374955,0.1802228521655894,1
123420156,CA65933,2025-06-23 07:00:00+00:00,0,test,0.7227923369144306,0.1802228521655894,1
123432794,CA65933,2025-06-23 11:00:00+00:00,0,test,0.7246509191081313,0.1802228521655894,1
123442595,CA65933,2025-06-23 15:00:00+00:00,0,test,0.3639292546943329,0.1802228521655894,1
123455793,CA65933,2025-06-23 19:00:00+00:00,0,test,0.6937262026916818,0.1802228521655894,1
123466732,CA65933,2025-06-23 23:00:00+00:00,1,test,0.7380739534367325,0.1802228521655894,1
123478476,CA65933,2025-06-24 03:00:00+00:00,1,test,0.6661533395045874,0.1802228521655894,1
123488807,CA65933,2025-06-24 07:00:00+00:00,1,test,0.6991073736630592,0.1802228521655894,1
123499955,CA65933,2025-06-24 11:00:00+00:00,0,test,0.6440234501815119,0.1802228521655894,1
123509978,CA65933,2025-06-24 15:00:00+00:00,0,test,0.6564478027706057,0.1802228521655894,1
123947485,CA65933,2025-06-24 19:00:00+00:00,1,test,0.5168655667706448,0.1802228521655894,1
123958938,CA65933,2025-06-24 23:00:00+00:00,1,test,0.6144606185458074,0.1802228521655894,1
123971999,CA65933,2025-06-25 03:00:00+00:00,0,test,0.49814171529480383,0.1802228521655894,1
123981432,CA65933,2025-06-25 07:00:00+00:00,0,test,0.3447838977455178,0.1802228521655894,1
123993348,CA65933,2025-06-25 11:00:00+00:00,0,test,0.47987656695816255,0.1802228521655894,1
124004657,CA65933,2025-06-25 15:00:00+00:00,0,test,0.5194630220459506,0.1802228521655894,1
124018624,CA65933,2025-06-25 19:00:00+00:00,1,test,0.7095276244008506,0.1802228521655894,1
124036560,CA65933,2025-06-25 23:00:00+00:00,0,test,0.5743586511903938,0.1802228521655894,1
124050538,CA65933,2025-06-26 03:00:00+00:00,1,test,0.6650490197038523,0.1802228521655894,1
124063460,CA65933,2025-06-26 07:00:00+00:00,1,test,0.6754577688819793,0.1802228521655894,1
124071921,CA65933,2025-06-26 11:00:00+00:00,0,test,0.5351995076108665,0.1802228521655894,1
124090705,CA65933,2025-06-26 15:00:00+00:00,0,test,0.5090447133792639,0.1802228521655894,1
124097800,CA65933,2025-06-26 19:00:00+00:00,1,test,0.572340445888773,0.1802228521655894,1
124121852,CA65933,2025-06-26 23:00:00+00:00,1,test,0.6104199896523755,0.1802228521655894,1
124132200,CA65933,2025-06-27 03:00:00+00:00,1,test,0.544712190081713,0.1802228521655894,1
124143769,CA65933,2025-06-27 07:00:00+00:00,0,test,0.49379001448107723,0.1802228521655894,1
124153197,CA65933,2025-06-27 11:00:00+00:00,1,test,0.5676275150948266,0.1802228521655894,1
124165837,CA65933,2025-06-27 15:00:00+00:00,0,test,0.5231952265721903,0.1802228521655894,1
124184645,CA65933,2025-06-27 19:00:00+00:00,0,test,0.5065119446909249,0.1802228521655894,1
124203219,CA65933,2025-06-27 23:00:00+00:00,0,test,0.5664763985616114,0.1802228521655894,1
124213520,CA65933,2025-06-28 03:00:00+00:00,0,test,0.48999758175416885,0.1802228521655894,1
124225891,CA65933,2025-06-28 07:00:00+00:00,0,test,0.5157343846188669,0.1802228521655894,1
124244980,CA65933,2025-06-28 11:00:00+00:00,0,test,0.7023852653781314,0.1802228521655894,1
124257729,CA65933,2025-06-28 15:00:00+00:00,0,test,0.6630401865407262,0.1802228521655894,1
124272542,CA65933,2025-06-28 19:00:00+00:00,0,test,0.6697307279072022,0.1802228521655894,1
124285847,CA65933,2025-06-28 23:00:00+00:00,0,test,0.7137367113505556,0.1802228521655894,1
124297189,CA65933,2025-06-29 03:00:00+00:00,0,test,0.6753613487036176,0.1802228521655894,1
124309932,CA65933,2025-06-29 07:00:00+00:00,0,test,0.5048865866385833,0.1802228521655894,1
124322700,CA65933,2025-06-29 11:00:00+00:00,0,test,0.42852457148520273,0.1802228521655894,1
124335778,CA65933,2025-06-29 15:00:00+00:00,0,test,0.33542085449750125,0.1802228521655894,1
124346426,CA65933,2025-06-29 19:00:00+00:00,0,test,0.33487540454356735,0.1802228521655894,1
124359022,CA65933,2025-06-29 23:00:00+00:00,0,test,0.3337704684322541,0.1802228521655894,1
120810100,CA65934,2025-06-02 15:00:00+00:00,0,test,0.3905674231237076,0.1802228521655894,1
120834070,CA65934,2025-06-02 19:00:00+00:00,0,test,0.4519880224297505,0.1802228521655894,1
120843936,CA65934,2025-06-02 23:00:00+00:00,0,test,0.5339700411543898,0.1802228521655894,1
120852146,CA65934,2025-06-03 03:00:00+00:00,0,test,0.44667969954931264,0.1802228521655894,1
120861970,CA65934,2025-06-03 07:00:00+00:00,0,test,0.48861111809380964,0.1802228521655894,1
120871853,CA65934,2025-06-03 11:00:00+00:00,0,test,0.49977919452589475,0.1802228521655894,1
120883335,CA65934,2025-06-03 15:00:00+00:00,0,test,0.5245095793650578,0.1802228521655894,1
120893231,CA65934,2025-06-03 19:00:00+00:00,0,test,0.452651108439009,0.1802228521655894,1
124027043,CA65934,2025-06-03 23:00:00+00:00,0,test,0.597765808036337,0.1802228521655894,1
124027051,CA65934,2025-06-04 03:00:00+00:00,0,test,0.5591172682395776,0.1802228521655894,1
124027057,CA65934,2025-06-04 07:00:00+00:00,0,test,0.3765672084086826,0.1802228521655894,1
120934237,CA65934,2025-06-04 11:00:00+00:00,0,test,0.3393726207395883,0.1802228521655894,1
120946766,CA65934,2025-06-04 15:00:00+00:00,0,test,0.46969190244942627,0.1802228521655894,1
120955042,CA65934,2025-06-04 19:00:00+00:00,0,test,0.42637876934118146,0.1802228521655894,1
120965219,CA65934,2025-06-04 23:00:00+00:00,0,test,0.4868339863870572,0.1802228521655894,1
120976959,CA65934,2025-06-05 03:00:00+00:00,0,test,0.3850776601171134,0.1802228521655894,1
120987870,CA65934,2025-06-05 07:00:00+00:00,0,test,0.4643342787725713,0.1802228521655894,1
120997330,CA65934,2025-06-05 11:00:00+00:00,0,test,0.5278923145564419,0.1802228521655894,1
121010952,CA65934,2025-06-05 15:00:00+00:00,0,test,0.5059030101510662,0.1802228521655894,1
121019257,CA65934,2025-06-05 19:00:00+00:00,0,test,0.5439789646450737,0.1802228521655894,1
121031348,CA65934,2025-06-05 23:00:00+00:00,0,test,0.5514056630209221,0.1802228521655894,1
121044452,CA65934,2025-06-06 03:00:00+00:00,0,test,0.440408519044825,0.1802228521655894,1
121053153,CA65934,2025-06-06 07:00:00+00:00,1,test,0.5304395276552957,0.1802228521655894,1
121066777,CA65934,2025-06-06 11:00:00+00:00,0,test,0.5103709359494837,0.1802228521655894,1
121079131,CA65934,2025-06-06 15:00:00+00:00,0,test,0.5150730969661627,0.1802228521655894,1
121090257,CA65934,2025-06-06 19:00:00+00:00,0,test,0.505692744097179,0.1802228521655894,1
121100340,CA65934,2025-06-06 23:00:00+00:00,1,test,0.5909679675532811,0.1802228521655894,1
121111938,CA65934,2025-06-07 03:00:00+00:00,0,test,0.48901376869738616,0.1802228521655894,1
121123252,CA65934,2025-06-07 07:00:00+00:00,0,test,0.43770548830390466,0.1802228521655894,1
121137551,CA65934,2025-06-07 11:00:00+00:00,0,test,0.46399474447891037,0.1802228521655894,1
121147802,CA65934,2025-06-07 15:00:00+00:00,1,test,0.5248136556254916,0.1802228521655894,1
121159521,CA65934,2025-06-07 19:00:00+00:00,0,test,0.5008990152722513,0.1802228521655894,1
121171556,CA65934,2025-06-07 23:00:00+00:00,0,test,0.5335869982856267,0.1802228521655894,1
121183781,CA65934,2025-06-08 03:00:00+00:00,0,test,0.4589645604234419,0.1802228521655894,1
121192644,CA65934,2025-06-08 07:00:00+00:00,0,test,0.4575864564438,0.1802228521655894,1
121206046,CA65934,2025-06-08 11:00:00+00:00,0,test,0.4630875605892112,0.1802228521655894,1
121216061,CA65934,2025-06-08 15:00:00+00:00,0,test,0.4641913148080032,0.1802228521655894,1
121229456,CA65934,2025-06-08 19:00:00+00:00,0,test,0.4795092662178099,0.1802228521655894,1
121240846,CA65934,2025-06-08 23:00:00+00:00,0,test,0.7019239586131025,0.1802228521655894,1
121251381,CA65934,2025-06-09 03:00:00+00:00,0,test,0.6139757006917963,0.1802228521655894,1
121260027,CA65934,2025-06-09 07:00:00+00:00,1,test,0.5884533037597065,0.1802228521655894,1
121270476,CA65934,2025-06-09 11:00:00+00:00,0,test,0.5178386895987336,0.1802228521655894,1
121281369,CA65934,2025-06-09 15:00:00+00:00,0,test,0.4805008726734861,0.1802228521655894,1
121295079,CA65934,2025-06-09 19:00:00+00:00,0,test,0.5325253910721324,0.1802228521655894,1
121306258,CA65934,2025-06-09 23:00:00+00:00,0,test,0.613757870406802,0.1802228521655894,1
121317824,CA65934,2025-06-10 03:00:00+00:00,0,test,0.4219182862959384,0.1802228521655894,1
121327326,CA65934,2025-06-10 07:00:00+00:00,1,test,0.5571761077918129,0.1802228521655894,1
121337272,CA65934,2025-06-10 11:00:00+00:00,0,test,0.5014036976468406,0.1802228521655894,1
121349960,CA65934,2025-06-10 15:00:00+00:00,1,test,0.49439738068994643,0.1802228521655894,1
121359687,CA65934,2025-06-10 19:00:00+00:00,0,test,0.34710009414783355,0.1802228521655894,1
121371232,CA65934,2025-06-10 23:00:00+00:00,0,test,0.5413082996932849,0.1802228521655894,1
121382132,CA65934,2025-06-11 03:00:00+00:00,0,test,0.48095412955880806,0.1802228521655894,1
121392888,CA65934,2025-06-11 07:00:00+00:00,0,test,0.4935788347945091,0.1802228521655894,1
121402157,CA65934,2025-06-11 11:00:00+00:00,0,test,0.5155443853732206,0.1802228521655894,1
121412906,CA65934,2025-06-11 15:00:00+00:00,0,test,0.361130014029331,0.1802228521655894,1
121425622,CA65934,2025-06-11 19:00:00+00:00,0,test,0.5264014037005476,0.1802228521655894,1
121435920,CA65934,2025-06-11 23:00:00+00:00,0,test,0.3787155945817555,0.1802228521655894,1
121449584,CA65934,2025-06-12 03:00:00+00:00,1,test,0.4274875653639754,0.1802228521655894,1
121458719,CA65934,2025-06-12 07:00:00+00:00,0,test,0.4723761211167322,0.1802228521655894,1
121469463,CA65934,2025-06-12 11:00:00+00:00,0,test,0.49423273157422437,0.1802228521655894,1
121482707,CA65934,2025-06-12 15:00:00+00:00,0,test,0.5335308738949216,0.1802228521655894,1
121491540,CA65934,2025-06-12 19:00:00+00:00,0,test,0.519983562455022,0.1802228521655894,1
121502686,CA65934,2025-06-12 23:00:00+00:00,0,test,0.6059060025765037,0.1802228521655894,1
121513761,CA65934,2025-06-13 03:00:00+00:00,0,test,0.5907592403548655,0.1802228521655894,1
121525546,CA65934,2025-06-13 07:00:00+00:00,0,test,0.49307810134640756,0.1802228521655894,1
121534760,CA65934,2025-06-13 11:00:00+00:00,0,test,0.5340590847322265,0.1802228521655894,1
121544689,CA65934,2025-06-13 15:00:00+00:00,0,test,0.49795601267665035,0.1802228521655894,1
121555619,CA65934,2025-06-13 19:00:00+00:00,0,test,0.539558681137856,0.1802228521655894,1
121567820,CA65934,2025-06-13 23:00:00+00:00,0,test,0.5595832358911067,0.1802228521655894,1
121577114,CA65934,2025-06-14 03:00:00+00:00,1,test,0.5145161767375467,0.1802228521655894,1
121588949,CA65934,2025-06-14 07:00:00+00:00,0,test,0.3542099775170915,0.1802228521655894,1
121601711,CA65934,2025-06-14 11:00:00+00:00,0,test,0.4464217811369443,0.1802228521655894,1
121613392,CA65934,2025-06-14 15:00:00+00:00,0,test,0.4322933450398592,0.1802228521655894,1
121621399,CA65934,2025-06-14 19:00:00+00:00,0,test,0.5270091725890887,0.1802228521655894,1
121632667,CA65934,2025-06-14 23:00:00+00:00,0,test,0.5848586396895721,0.1802228521655894,1
121645371,CA65934,2025-06-15 03:00:00+00:00,0,test,0.43555762442005214,0.1802228521655894,1
121654791,CA65934,2025-06-15 07:00:00+00:00,0,test,0.46516524876801607,0.1802228521655894,1
121664324,CA65934,2025-06-15 11:00:00+00:00,0,test,0.4263622152020517,0.1802228521655894,1
121674112,CA65934,2025-06-15 15:00:00+00:00,0,test,0.49276410896621575,0.1802228521655894,1
121682978,CA65934,2025-06-15 19:00:00+00:00,0,test,0.48885706488931696,0.1802228521655894,1
121694132,CA65934,2025-06-15 23:00:00+00:00,0,test,0.5717288877898754,0.1802228521655894,1
121703609,CA65934,2025-06-16 03:00:00+00:00,0,test,0.48861111809380964,0.1802228521655894,1
121712918,CA65934,2025-06-16 07:00:00+00:00,0,test,0.49032768975720153,0.1802228521655894,1
121730643,CA65934,2025-06-16 11:00:00+00:00,0,test,0.47763470146638676,0.1802228521655894,1
121740565,CA65934,2025-06-16 15:00:00+00:00,0,test,0.4654800984015373,0.1802228521655894,1
121802208,CA65934,2025-06-16 19:00:00+00:00,0,test,0.4847567300989363,0.1802228521655894,1
121839460,CA65934,2025-06-16 23:00:00+00:00,0,test,0.5464187418436258,0.1802228521655894,1
121850438,CA65934,2025-06-17 03:00:00+00:00,0,test,0.4930351072725703,0.1802228521655894,1
121860980,CA65934,2025-06-17 07:00:00+00:00,0,test,0.484338114324215,0.1802228521655894,1
121876131,CA65934,2025-06-17 11:00:00+00:00,0,test,0.4847252161947203,0.1802228521655894,1
121916683,CA65934,2025-06-17 15:00:00+00:00,0,test,0.5193703861494183,0.1802228521655894,1
121923617,CA65934,2025-06-17 19:00:00+00:00,0,test,0.5853848500824402,0.1802228521655894,1
122383160,CA65934,2025-06-17 23:00:00+00:00,0,test,0.6178812400060412,0.1802228521655894,1
122980691,CA65934,2025-06-18 03:00:00+00:00,0,test,0.5037911461812444,0.1802228521655894,1
123002030,CA65934,2025-06-18 07:00:00+00:00,0,test,0.5326573840309049,0.1802228521655894,1
123014083,CA65934,2025-06-18 11:00:00+00:00,0,test,0.49258032749172764,0.1802228521655894,1
123031559,CA65934,2025-06-18 15:00:00+00:00,0,test,0.5091279441457749,0.1802228521655894,1
123061708,CA65934,2025-06-18 19:00:00+00:00,0,test,0.48962752905143436,0.1802228521655894,1
123125724,CA65934,2025-06-18 23:00:00+00:00,0,test,0.5692971584893648,0.1802228521655894,1
123137629,CA65934,2025-06-19 03:00:00+00:00,0,test,0.4214748185686169,0.1802228521655894,1
123147063,CA65934,2025-06-19 07:00:00+00:00,0,test,0.5095307580210757,0.1802228521655894,1
123160551,CA65934,2025-06-19 11:00:00+00:00,0,test,0.48883484014413303,0.1802228521655894,1
123172501,CA65934,2025-06-19 15:00:00+00:00,0,test,0.5077331880266943,0.1802228521655894,1
123181330,CA65934,2025-06-19 19:00:00+00:00,0,test,0.37589826995426334,0.1802228521655894,1
123195369,CA65934,2025-06-19 23:00:00+00:00,1,test,0.5793681028439841,0.1802228521655894,1
123206236,CA65934,2025-06-20 03:00:00+00:00,0,test,0.49862824069809625,0.1802228521655894,1
123216451,CA65934,2025-06-20 07:00:00+00:00,1,test,0.5199578546681773,0.1802228521655894,1
123230034,CA65934,2025-06-20 11:00:00+00:00,0,test,0.5094543188879584,0.1802228521655894,1
123243031,CA65934,2025-06-20 15:00:00+00:00,0,test,0.4270588217390419,0.1802228521655894,1
123253062,CA65934,2025-06-20 19:00:00+00:00,0,test,0.45696704087748047,0.1802228521655894,1
123267899,CA65934,2025-06-20 23:00:00+00:00,1,test,0.5566421164186467,0.1802228521655894,1
123275844,CA65934,2025-06-21 03:00:00+00:00,0,test,0.4535063549338762,0.1802228521655894,1
123287447,CA65934,2025-06-21 07:00:00+00:00,0,test,0.4335781623549984,0.1802228521655894,1
123298724,CA65934,2025-06-21 11:00:00+00:00,0,test,0.48277201990257823,0.1802228521655894,1
123312774,CA65934,2025-06-21 15:00:00+00:00,0,test,0.48973294763741937,0.1802228521655894,1
123321950,CA65934,2025-06-21 19:00:00+00:00,0,test,0.4748512484561611,0.1802228521655894,1
123332509,CA65934,2025-06-21 23:00:00+00:00,0,test,0.5477969320255063,0.1802228521655894,1
123345016,CA65934,2025-06-22 03:00:00+00:00,0,test,0.5325595915714899,0.1802228521655894,1
123356129,CA65934,2025-06-22 07:00:00+00:00,1,test,0.5113330196654697,0.1802228521655894,1
123364564,CA65934,2025-06-22 11:00:00+00:00,0,test,0.38732773182419994,0.1802228521655894,1
123375444,CA65934,2025-06-22 15:00:00+00:00,0,test,0.48561233824448097,0.1802228521655894,1
123389334,CA65934,2025-06-22 19:00:00+00:00,0,test,0.45549076611442035,0.1802228521655894,1
123400824,CA65934,2025-06-22 23:00:00+00:00,0,test,0.5498332974896878,0.1802228521655894,1
123411343,CA65934,2025-06-23 03:00:00+00:00,0,test,0.5327459357689337,0.1802228521655894,1
123421373,CA65934,2025-06-23 07:00:00+00:00,0,test,0.4267255773753964,0.1802228521655894,1
123434217,CA65934,2025-06-23 11:00:00+00:00,0,test,0.473661186657249,0.1802228521655894,1
123444563,CA65934,2025-06-23 15:00:00+00:00,0,test,0.5172084517665494,0.1802228521655894,1
123455163,CA65934,2025-06-23 19:00:00+00:00,0,test,0.47740621594078864,0.1802228521655894,1
123464725,CA65934,2025-06-23 23:00:00+00:00,0,test,0.5904221320125191,0.1802228521655894,1
123475842,CA65934,2025-06-24 03:00:00+00:00,0,test,0.4477624836458691,0.1802228521655894,1
123488320,CA65934,2025-06-24 07:00:00+00:00,0,test,0.5370331344349437,0.1802228521655894,1
123498760,CA65934,2025-06-24 11:00:00+00:00,0,test,0.5538885348777128,0.1802228521655894,1
123508888,CA65934,2025-06-24 15:00:00+00:00,0,test,0.35944271228939717,0.1802228521655894,1
123942742,CA65934,2025-06-24 19:00:00+00:00,0,test,0.4457471163506505,0.1802228521655894,1
123961773,CA65934,2025-06-24 23:00:00+00:00,0,test,0.48948889656039396,0.1802228521655894,1
123973051,CA65934,2025-06-25 03:00:00+00:00,0,test,0.4941491535073074,0.1802228521655894,1
123981433,CA65934,2025-06-25 07:00:00+00:00,0,test,0.45584432768268873,0.1802228521655894,1
123995630,CA65934,2025-06-25 11:00:00+00:00,0,test,0.4072704755849814,0.1802228521655894,1
124006423,CA65934,2025-06-25 15:00:00+00:00,0,test,0.45798692193368823,0.1802228521655894,1
124021587,CA65934,2025-06-25 19:00:00+00:00,0,test,0.513805503345652,0.1802228521655894,1
124036562,CA65934,2025-06-25 23:00:00+00:00,0,test,0.42440347796354694,0.1802228521655894,1
124050540,CA65934,2025-06-26 03:00:00+00:00,0,test,0.46211147274929254,0.1802228521655894,1
124063461,CA65934,2025-06-26 07:00:00+00:00,0,test,0.47789149283105226,0.1802228521655894,1
124071922,CA65934,2025-06-26 11:00:00+00:00,0,test,0.5454036649992081,0.1802228521655894,1
124090085,CA65934,2025-06-26 15:00:00+00:00,0,test,0.49344079803460866,0.1802228521655894,1
124097801,CA65934,2025-06-26 19:00:00+00:00,0,test,0.48717901984724576,0.1802228521655894,1
124119679,CA65934,2025-06-26 23:00:00+00:00,0,test,0.5925556775025461,0.1802228521655894,1
124130627,CA65934,2025-06-27 03:00:00+00:00,0,test,0.53264373491932,0.1802228521655894,1
124144173,CA65934,2025-06-27 07:00:00+00:00,0,test,0.4731538426067064,0.1802228521655894,1
124153198,CA65934,2025-06-27 11:00:00+00:00,0,test,0.541921142266135,0.1802228521655894,1
124168039,CA65934,2025-06-27 15:00:00+00:00,0,test,0.5036804805105047,0.1802228521655894,1
124187679,CA65934,2025-06-27 19:00:00+00:00,0,test,0.4873101173026384,0.1802228521655894,1
124203112,CA65934,2025-06-27 23:00:00+00:00,0,test,0.5750621742891554,0.1802228521655894,1
124212330,CA65934,2025-06-28 03:00:00+00:00,0,test,0.5204269843754985,0.1802228521655894,1
124225566,CA65934,2025-06-28 07:00:00+00:00,0,test,0.4411447567164637,0.1802228521655894,1
124236067,CA65934,2025-06-28 11:00:00+00:00,0,test,0.4125966287889525,0.1802228521655894,1
124257734,CA65934,2025-06-28 15:00:00+00:00,1,test,0.4502183292594001,0.1802228521655894,1
124272048,CA65934,2025-06-28 19:00:00+00:00,0,test,0.48177235870893476,0.1802228521655894,1
124286679,CA65934,2025-06-28 23:00:00+00:00,0,test,0.5618354123257109,0.1802228521655894,1
124298495,CA65934,2025-06-29 03:00:00+00:00,0,test,0.4895372140330861,0.1802228521655894,1
124309934,CA65934,2025-06-29 07:00:00+00:00,0,test,0.45879217053008026,0.1802228521655894,1
124324322,CA65934,2025-06-29 11:00:00+00:00,0,test,0.442632113242855,0.1802228521655894,1
124335779,CA65934,2025-06-29 15:00:00+00:00,0,test,0.4998470278400764,0.1802228521655894,1
124346427,CA65934,2025-06-29 19:00:00+00:00,0,test,0.5513599581154554,0.1802228521655894,1
124360360,CA65934,2025-06-29 23:00:00+00:00,1,test,0.6804297404389741,0.1802228521655894,1
124370950,CA65934,2025-06-30 03:00:00+00:00,1,test,0.4696260780764602,0.1802228521655894,1
124384274,CA65934,2025-06-30 07:00:00+00:00,1,test,0.5443954390828007,0.1802228521655894,1
124393380,CA65934,2025-06-30 11:00:00+00:00,1,test,0.5587903189448021,0.1802228521655894,1
124406758,CA65934,2025-06-30 15:00:00+00:00,0,test,0.44662479616460177,0.1802228521655894,1
124423517,CA65934,2025-06-30 19:00:00+00:00,0,test,0.3752621007398231,0.1802228521655894,1
124443758,CA65934,2025-06-30 23:00:00+00:00,0,test,0.36727212722237784,0.1802228521655894,1
120810274,CA65935,2025-06-02 15:00:00+00:00,1,test,0.2615082258888225,0.1802228521655894,1
120832787,CA65935,2025-06-02 19:00:00+00:00,1,test,0.2808054175675729,0.1802228521655894,1
120844170,CA65935,2025-06-02 23:00:00+00:00,0,test,0.26947801025523177,0.1802228521655894,1
120856702,CA65935,2025-06-03 04:05:06+00:00,0,test,0.25955451296205034,0.1802228521655894,1
120866473,CA65935,2025-06-03 08:38:35+00:00,0,test,0.25674307996501966,0.1802228521655894,1
120878809,CA65935,2025-06-03 12:47:10+00:00,1,test,0.22401484528279453,0.1802228521655894,1
120890269,CA65935,2025-06-03 17:00:00+00:00,1,test,0.4041991926352667,0.1802228521655894,1
120900186,CA65935,2025-06-03 21:00:00+00:00,1,test,0.2696443757201395,0.1802228521655894,1
124027071,CA65935,2025-06-04 01:00:00+00:00,1,test,0.1985571075053186,0.1802228521655894,1
124027080,CA65935,2025-06-04 05:00:00+00:00,1,test,0.33496965950211327,0.1802228521655894,1
124027093,CA65935,2025-06-04 09:00:00+00:00,0,test,0.2093236165050582,0.1802228521655894,1
120940767,CA65935,2025-06-04 13:00:00+00:00,0,test,0.1834081656424109,0.1802228521655894,1
120950346,CA65935,2025-06-04 17:00:00+00:00,0,test,0.2237593556783425,0.1802228521655894,1
120962382,CA65935,2025-06-04 21:00:00+00:00,0,test,0.2742890719059119,0.1802228521655894,1
120970308,CA65935,2025-06-05 01:00:00+00:00,0,test,0.235481058171289,0.1802228521655894,1
120980512,CA65935,2025-06-05 05:00:00+00:00,1,test,0.22924767649054073,0.1802228521655894,1
120993444,CA65935,2025-06-05 09:00:00+00:00,1,test,0.41588832152575245,0.1802228521655894,1
121002854,CA65935,2025-06-05 13:00:00+00:00,1,test,0.41124184328033464,0.1802228521655894,1
121014356,CA65935,2025-06-05 17:00:00+00:00,1,test,0.5755566755022051,0.1802228521655894,1
121026810,CA65935,2025-06-05 21:00:00+00:00,1,test,0.49351028337869846,0.1802228521655894,1
121037372,CA65935,2025-06-06 01:00:00+00:00,0,test,0.291364613774472,0.1802228521655894,1
121049698,CA65935,2025-06-06 05:00:00+00:00,0,test,0.21636612486768558,0.1802228521655894,1
121061651,CA65935,2025-06-06 09:00:00+00:00,0,test,0.21202986099153018,0.1802228521655894,1
121070134,CA65935,2025-06-06 13:00:00+00:00,1,test,0.2130576729215079,0.1802228521655894,1
121082579,CA65935,2025-06-06 17:00:00+00:00,1,test,0.2650268719595415,0.1802228521655894,1
121093771,CA65935,2025-06-06 21:00:00+00:00,1,test,0.2992560284213576,0.1802228521655894,1
121107793,CA65935,2025-06-07 01:00:00+00:00,0,test,0.28094178757656957,0.1802228521655894,1
121117835,CA65935,2025-06-07 05:00:00+00:00,1,test,0.20050816862411633,0.1802228521655894,1
121129052,CA65935,2025-06-07 09:00:00+00:00,1,test,0.442131472058027,0.1802228521655894,1
121142838,CA65935,2025-06-07 13:00:00+00:00,1,test,0.42947683122008967,0.1802228521655894,1
121151566,CA65935,2025-06-07 17:00:00+00:00,1,test,0.31225556012174893,0.1802228521655894,1
121163105,CA65935,2025-06-07 21:00:00+00:00,0,test,0.2863462726832473,0.1802228521655894,1
121183783,CA65935,2025-06-08 03:30:23+00:00,0,test,0.28010072538304476,0.1802228521655894,1
121196593,CA65935,2025-06-08 07:57:37+00:00,0,test,0.27545239765611734,0.1802228521655894,1
121206810,CA65935,2025-06-08 12:00:00+00:00,1,test,0.3393132644117687,0.1802228521655894,1
121220993,CA65935,2025-06-08 16:00:00+00:00,1,test,0.42331812132197727,0.1802228521655894,1
121229458,CA65935,2025-06-08 20:00:00+00:00,0,test,0.46330274700449364,0.1802228521655894,1
121240848,CA65935,2025-06-09 00:00:00+00:00,0,test,0.4836594742255545,0.1802228521655894,1
121251925,CA65935,2025-06-09 04:00:00+00:00,0,test,0.40395818542829676,0.1802228521655894,1
121262568,CA65935,2025-06-09 08:00:00+00:00,0,test,0.25219600142601856,0.1802228521655894,1
121275990,CA65935,2025-06-09 13:00:00+00:00,0,test,0.21637764777635934,0.1802228521655894,1
121528326,CA65935,2025-06-13 08:00:00+00:00,0,test,0.32960164164140043,0.1802228521655894,1
121535960,CA65935,2025-06-13 12:00:00+00:00,0,test,0.25075728112114526,0.1802228521655894,1
121547769,CA65935,2025-06-13 16:00:00+00:00,1,test,0.46558923310540457,0.1802228521655894,1
121559084,CA65935,2025-06-13 20:00:00+00:00,1,test,0.37720714277715794,0.1802228521655894,1
121569605,CA65935,2025-06-14 00:00:00+00:00,0,test,0.497265891095384,0.1802228521655894,1
121579854,CA65935,2025-06-14 04:00:00+00:00,1,test,0.44571809314975236,0.1802228521655894,1
121590598,CA65935,2025-06-14 08:00:00+00:00,0,test,0.45428671865429665,0.1802228521655894,1
121602567,CA65935,2025-06-14 12:00:00+00:00,0,test,0.3529962165871303,0.1802228521655894,1
121613394,CA65935,2025-06-14 16:00:00+00:00,0,test,0.28480315388326566,0.1802228521655894,1
121628995,CA65935,2025-06-14 20:23:37+00:00,0,test,0.2917981114899273,0.1802228521655894,1
121639576,CA65935,2025-06-15 01:00:00+00:00,0,test,0.2689084923651389,0.1802228521655894,1
121650259,CA65935,2025-06-15 05:00:00+00:00,0,test,0.5033786807729306,0.1802228521655894,1
121659717,CA65935,2025-06-15 09:00:00+00:00,0,test,0.30753801924090013,0.1802228521655894,1
121667896,CA65935,2025-06-15 13:00:00+00:00,1,test,0.2094255702419164,0.1802228521655894,1
121677915,CA65935,2025-06-15 17:00:00+00:00,0,test,0.2607605355987844,0.1802228521655894,1
121688918,CA65935,2025-06-15 21:00:00+00:00,0,test,0.24660282526788604,0.1802228521655894,1
121699161,CA65935,2025-06-16 01:00:00+00:00,0,test,0.1924709184269693,0.1802228521655894,1
121716262,CA65935,2025-06-16 09:00:00+00:00,0,test,0.21655141289777236,0.1802228521655894,1
121822434,CA65935,2025-06-16 21:00:00+00:00,0,test,0.1988509990949648,0.1802228521655894,1
121925892,CA65935,2025-06-17 19:56:49+00:00,0,test,0.3635060475190152,0.1802228521655894,1
122512662,CA65935,2025-06-18 00:00:00+00:00,0,test,0.20230312237417616,0.1802228521655894,1
123003605,CA65935,2025-06-18 07:38:03+00:00,0,test,0.2112601721865943,0.1802228521655894,1
123014851,CA65935,2025-06-18 11:48:23+00:00,0,test,0.25616302365230115,0.1802228521655894,1
123037450,CA65935,2025-06-18 16:00:00+00:00,0,test,0.41018057911091016,0.1802228521655894,1
123108227,CA65935,2025-06-18 20:00:00+00:00,1,test,0.2147304293306167,0.1802228521655894,1
123129086,CA65935,2025-06-19 00:00:00+00:00,0,test,0.3325183853698557,0.1802228521655894,1
123140291,CA65935,2025-06-19 04:00:00+00:00,0,test,0.18755702295586538,0.1802228521655894,1
123152133,CA65935,2025-06-19 08:00:00+00:00,0,test,0.23333125850611022,0.1802228521655894,1
123163671,CA65935,2025-06-19 12:00:00+00:00,0,test,0.19178948367752321,0.1802228521655894,1
123174418,CA65935,2025-06-19 16:00:00+00:00,0,test,0.32099636732715864,0.1802228521655894,1
123184795,CA65935,2025-06-19 20:00:00+00:00,0,test,0.18670186831564406,0.1802228521655894,1
123196032,CA65935,2025-06-20 00:00:00+00:00,1,test,0.21919328043766215,0.1802228521655894,1
123209272,CA65935,2025-06-20 04:00:00+00:00,1,test,0.22093279441754157,0.1802228521655894,1
123220541,CA65935,2025-06-20 08:00:00+00:00,0,test,0.44962048212157274,0.1802228521655894,1
123231680,CA65935,2025-06-20 12:00:00+00:00,0,test,0.37923085083645364,0.1802228521655894,1
123243554,CA65935,2025-06-20 16:00:00+00:00,0,test,0.41857977332537516,0.1802228521655894,1
123257819,CA65935,2025-06-20 20:00:00+00:00,1,test,0.4370292444697335,0.1802228521655894,1
123268346,CA65935,2025-06-21 00:00:00+00:00,1,test,0.4757373248173232,0.1802228521655894,1
123278701,CA65935,2025-06-21 04:00:00+00:00,0,test,0.2911961165676063,0.1802228521655894,1
123293077,CA65935,2025-06-21 08:00:00+00:00,0,test,0.4288642364185491,0.1802228521655894,1
123304499,CA65935,2025-06-21 12:00:00+00:00,0,test,0.25112543653889935,0.1802228521655894,1
123314846,CA65935,2025-06-21 16:00:00+00:00,0,test,0.25220876636643985,0.1802228521655894,1
123324317,CA65935,2025-06-21 20:00:00+00:00,1,test,0.2596510073731636,0.1802228521655894,1
123335323,CA65935,2025-06-22 00:00:00+00:00,0,test,0.33272790954459686,0.1802228521655894,1
123346800,CA65935,2025-06-22 04:00:00+00:00,0,test,0.40203904469924934,0.1802228521655894,1
123358647,CA65935,2025-06-22 08:00:00+00:00,0,test,0.2117598294549206,0.1802228521655894,1
123369782,CA65935,2025-06-22 12:00:00+00:00,1,test,0.22697681669156144,0.1802228521655894,1
123379546,CA65935,2025-06-22 16:00:00+00:00,0,test,0.21539969199292316,0.1802228521655894,1
123391939,CA65935,2025-06-22 20:00:00+00:00,0,test,0.2794786441168855,0.1802228521655894,1
123401251,CA65935,2025-06-23 00:00:00+00:00,0,test,0.3430936807418421,0.1802228521655894,1
123417034,CA65935,2025-06-23 05:11:02+00:00,1,test,0.19375320162978593,0.1802228521655894,1
123431679,CA65935,2025-06-23 10:11:07+00:00,0,test,0.18027763390719675,0.1802228521655894,1
123442597,CA65935,2025-06-23 14:32:14+00:00,0,test,0.2449156194000247,0.1802228521655894,1
123453787,CA65935,2025-06-23 18:56:38+00:00,0,test,0.18699651740925516,0.1802228521655894,1
123464726,CA65935,2025-06-23 23:00:00+00:00,0,test,0.30760504904199637,0.1802228521655894,1
123477564,CA65935,2025-06-24 03:00:00+00:00,0,test,0.18905486317293962,0.1802228521655894,1
123486910,CA65935,2025-06-24 07:00:00+00:00,0,test,0.24267683128772946,0.1802228521655894,1
123497653,CA65935,2025-06-24 11:00:00+00:00,0,test,0.20372498985015308,0.1802228521655894,1
123937385,CA65935,2025-06-24 16:49:08+00:00,0,test,0.2861472615029123,0.1802228521655894,1
123952822,CA65935,2025-06-24 21:00:00+00:00,0,test,0.2761713851498631,0.1802228521655894,1
123967642,CA65935,2025-06-25 01:00:00+00:00,0,test,0.26536834219269084,0.1802228521655894,1
123976185,CA65935,2025-06-25 05:00:00+00:00,0,test,0.28032950629628584,0.1802228521655894,1
123987486,CA65935,2025-06-25 09:00:00+00:00,0,test,0.3744168875857852,0.1802228521655894,1
123998812,CA65935,2025-06-25 13:00:00+00:00,0,test,0.26731614574828116,0.1802228521655894,1
124010986,CA65935,2025-06-25 17:00:00+00:00,0,test,0.28189062784694985,0.1802228521655894,1
124031781,CA65935,2025-06-25 21:00:00+00:00,0,test,0.5068503216078504,0.1802228521655894,1
124042666,CA65935,2025-06-26 01:00:00+00:00,0,test,0.3356608644306626,0.1802228521655894,1
124054196,CA65935,2025-06-26 05:00:00+00:00,1,test,0.4399470177924877,0.1802228521655894,1
124067995,CA65935,2025-06-26 09:00:00+00:00,0,test,0.23495119584243354,0.1802228521655894,1
124077487,CA65935,2025-06-26 13:00:00+00:00,0,test,0.20662693268171062,0.1802228521655894,1
124092973,CA65935,2025-06-26 17:00:00+00:00,0,test,0.2748252718090644,0.1802228521655894,1
124115880,CA65935,2025-06-26 21:00:00+00:00,0,test,0.24191337830396323,0.1802228521655894,1
124125591,CA65935,2025-06-27 01:00:00+00:00,0,test,0.26217169226965453,0.1802228521655894,1
124136129,CA65935,2025-06-27 05:00:00+00:00,1,test,0.20674361591000734,0.1802228521655894,1
124149555,CA65935,2025-06-27 09:00:00+00:00,0,test,0.25097345982955105,0.1802228521655894,1
124159615,CA65935,2025-06-27 13:00:00+00:00,0,test,0.2221968921541233,0.1802228521655894,1
124171740,CA65935,2025-06-27 17:00:00+00:00,1,test,0.20699726848767605,0.1802228521655894,1
124197084,CA65935,2025-06-27 21:00:00+00:00,1,test,0.2953280643145147,0.1802228521655894,1
124206915,CA65935,2025-06-28 01:00:00+00:00,1,test,0.2793497523741549,0.1802228521655894,1
124217755,CA65935,2025-06-28 05:00:00+00:00,1,test,0.435663474940233,0.1802228521655894,1
124230861,CA65935,2025-06-28 09:00:00+00:00,1,test,0.3565380895537976,0.1802228521655894,1
124251897,CA65935,2025-06-28 13:00:00+00:00,0,test,0.27983454370631,0.1802228521655894,1
124264633,CA65935,2025-06-28 17:00:00+00:00,0,test,0.26244943458407666,0.1802228521655894,1
124278821,CA65935,2025-06-28 21:00:00+00:00,0,test,0.32228860233660567,0.1802228521655894,1
124290524,CA65935,2025-06-29 01:00:00+00:00,0,test,0.4312309602307159,0.1802228521655894,1
124306056,CA65935,2025-06-29 05:00:00+00:00,0,test,0.23095538599068385,0.1802228521655894,1
124318197,CA65935,2025-06-29 09:00:00+00:00,1,test,0.22027504997207775,0.1802228521655894,1
124331329,CA65935,2025-06-29 13:00:00+00:00,0,test,0.24745032118208257,0.1802228521655894,1
124342934,CA65935,2025-06-29 17:00:00+00:00,0,test,0.21045490629344527,0.1802228521655894,1
124354997,CA65935,2025-06-29 21:00:00+00:00,0,test,0.29474910086136613,0.1802228521655894,1
124378278,CA65935,2025-06-30 04:45:18+00:00,0,test,0.21814725257217782,0.1802228521655894,1
124393381,CA65935,2025-06-30 11:00:00+00:00,0,test,0.18187651203352773,0.1802228521655894,1
124405221,CA65935,2025-06-30 15:00:00+00:00,0,test,0.22652135692381473,0.1802228521655894,1
124425159,CA65935,2025-06-30 19:00:00+00:00,0,test,0.2636471228034069,0.1802228521655894,1
124446015,CA65935,2025-06-30 23:00:00+00:00,1,test,0.3241293251017533,0.1802228521655894,1
124457888,CA65935,2025-07-01 03:00:00+00:00,0,test,0.2519133816201267,0.1802228521655894,1
120810348,CA65936,2025-06-02 15:00:00+00:00,1,test,0.4543409048829123,0.1802228521655894,1
120834632,CA65936,2025-06-02 19:00:00+00:00,0,test,0.4240007837600133,0.1802228521655894,1
120842320,CA65936,2025-06-02 23:00:00+00:00,0,test,0.39857688156446086,0.1802228521655894,1
120852148,CA65936,2025-06-03 03:00:00+00:00,0,test,0.47020144022792665,0.1802228521655894,1
120863851,CA65936,2025-06-03 07:00:00+00:00,0,test,0.3969190167580476,0.1802228521655894,1
120871855,CA65936,2025-06-03 11:00:00+00:00,1,test,0.3646981179970683,0.1802228521655894,1
120885552,CA65936,2025-06-03 15:00:00+00:00,0,test,0.4366399170333761,0.1802228521655894,1
120893233,CA65936,2025-06-03 19:00:00+00:00,0,test,0.4689408406985068,0.1802228521655894,1
124027097,CA65936,2025-06-03 23:00:00+00:00,0,test,0.34391263786229936,0.1802228521655894,1
124027103,CA65936,2025-06-04 03:00:00+00:00,0,test,0.4320713740332765,0.1802228521655894,1
124027111,CA65936,2025-06-04 07:00:00+00:00,1,test,0.5814277634681926,0.1802228521655894,1
120936235,CA65936,2025-06-04 11:00:00+00:00,0,test,0.5073210050717182,0.1802228521655894,1
120945124,CA65936,2025-06-04 15:00:00+00:00,0,test,0.5591102271714373,0.1802228521655894,1
120957218,CA65936,2025-06-04 19:00:00+00:00,0,test,0.6030003222532206,0.1802228521655894,1
120967461,CA65936,2025-06-04 23:00:00+00:00,0,test,0.4313576034024571,0.1802228521655894,1
120977867,CA65936,2025-06-05 03:00:00+00:00,1,test,0.4033346081138277,0.1802228521655894,1
120988645,CA65936,2025-06-05 07:00:00+00:00,0,test,0.43035566923393487,0.1802228521655894,1
120997333,CA65936,2025-06-05 11:00:00+00:00,0,test,0.39163616275705015,0.1802228521655894,1
121010955,CA65936,2025-06-05 15:00:00+00:00,0,test,0.47717007148977403,0.1802228521655894,1
121022302,CA65936,2025-06-05 19:00:00+00:00,0,test,0.45687617034717537,0.1802228521655894,1
121033111,CA65936,2025-06-05 23:00:00+00:00,0,test,0.4748241960484606,0.1802228521655894,1
121042096,CA65936,2025-06-06 03:00:00+00:00,0,test,0.27026201213186557,0.1802228521655894,1
121055586,CA65936,2025-06-06 07:00:00+00:00,0,test,0.3970741738556266,0.1802228521655894,1
121065482,CA65936,2025-06-06 11:00:00+00:00,1,test,0.409312249811803,0.1802228521655894,1
121078848,CA65936,2025-06-06 15:00:00+00:00,1,test,0.40399037095463936,0.1802228521655894,1
121090260,CA65936,2025-06-06 19:00:00+00:00,0,test,0.4096146871239171,0.1802228521655894,1
121099207,CA65936,2025-06-06 23:00:00+00:00,1,test,0.41202622668094885,0.1802228521655894,1
121113962,CA65936,2025-06-07 03:00:00+00:00,1,test,0.38615422377471476,0.1802228521655894,1
121123255,CA65936,2025-06-07 07:00:00+00:00,0,test,0.44971481167795135,0.1802228521655894,1
121134992,CA65936,2025-06-07 11:00:00+00:00,0,test,0.39301053928446217,0.1802228521655894,1
121146195,CA65936,2025-06-07 15:00:00+00:00,0,test,0.39628880317988774,0.1802228521655894,1
121159206,CA65936,2025-06-07 19:00:00+00:00,1,test,0.4590415408869078,0.1802228521655894,1
121171557,CA65936,2025-06-07 23:00:00+00:00,1,test,0.40019366773552967,0.1802228521655894,1
121183341,CA65936,2025-06-08 03:00:00+00:00,0,test,0.36109057616378154,0.1802228521655894,1
121195069,CA65936,2025-06-08 07:00:00+00:00,0,test,0.4200296657333234,0.1802228521655894,1
121205743,CA65936,2025-06-08 11:00:00+00:00,0,test,0.5628524987047727,0.1802228521655894,1
121216063,CA65936,2025-06-08 15:00:00+00:00,0,test,0.4702993760778233,0.1802228521655894,1
121229459,CA65936,2025-06-08 19:00:00+00:00,0,test,0.4844236295696546,0.1802228521655894,1
121240436,CA65936,2025-06-08 23:00:00+00:00,1,test,0.4753701117090519,0.1802228521655894,1
121250146,CA65936,2025-06-09 03:00:00+00:00,0,test,0.42357986484796933,0.1802228521655894,1
121260029,CA65936,2025-06-09 07:00:00+00:00,0,test,0.4167958322851493,0.1802228521655894,1
121272764,CA65936,2025-06-09 11:00:00+00:00,0,test,0.46644285135869706,0.1802228521655894,1
121284161,CA65936,2025-06-09 15:00:00+00:00,0,test,0.4628821458013821,0.1802228521655894,1
121292404,CA65936,2025-06-09 19:00:00+00:00,1,test,0.4029408562288719,0.1802228521655894,1
121305743,CA65936,2025-06-09 23:00:00+00:00,0,test,0.41279781528509396,0.1802228521655894,1
121315227,CA65936,2025-06-10 03:00:00+00:00,0,test,0.5826478879901884,0.1802228521655894,1
121328225,CA65936,2025-06-10 07:00:00+00:00,1,test,0.5876151000511971,0.1802228521655894,1
121339387,CA65936,2025-06-10 11:00:00+00:00,1,test,0.5678444887146918,0.1802228521655894,1
121351103,CA65936,2025-06-10 15:00:00+00:00,0,test,0.6366306665088225,0.1802228521655894,1
121361405,CA65936,2025-06-10 19:00:00+00:00,0,test,0.6388388825609228,0.1802228521655894,1
121369999,CA65936,2025-06-10 23:00:00+00:00,1,test,0.6396500870439539,0.1802228521655894,1
121379744,CA65936,2025-06-11 03:00:00+00:00,0,test,0.5592764934860436,0.1802228521655894,1
121390739,CA65936,2025-06-11 07:00:00+00:00,0,test,0.5931085173163227,0.1802228521655894,1
121404537,CA65936,2025-06-11 11:00:00+00:00,1,test,0.5673993031534736,0.1802228521655894,1
121413960,CA65936,2025-06-11 15:00:00+00:00,0,test,0.5190116278109225,0.1802228521655894,1
121424600,CA65936,2025-06-11 19:00:00+00:00,0,test,0.39326531345514515,0.1802228521655894,1
121437660,CA65936,2025-06-11 23:00:00+00:00,1,test,0.42098889610072593,0.1802228521655894,1
121449585,CA65936,2025-06-12 03:00:00+00:00,0,test,0.3184270818146375,0.1802228521655894,1
121458721,CA65936,2025-06-12 07:00:00+00:00,0,test,0.4504107206863116,0.1802228521655894,1
121470379,CA65936,2025-06-12 11:00:00+00:00,0,test,0.3644111656061477,0.1802228521655894,1
121481107,CA65936,2025-06-12 15:00:00+00:00,0,test,0.4330045295706366,0.1802228521655894,1
121491542,CA65936,2025-06-12 19:00:00+00:00,1,test,0.45155928497660575,0.1802228521655894,1
121504557,CA65936,2025-06-12 23:00:00+00:00,0,test,0.3746900580564609,0.1802228521655894,1
121514397,CA65936,2025-06-13 03:00:00+00:00,1,test,0.38566373395273346,0.1802228521655894,1
121524706,CA65936,2025-06-13 07:00:00+00:00,1,test,0.38691991872523696,0.1802228521655894,1
121535627,CA65936,2025-06-13 11:00:00+00:00,1,test,0.38013256533217543,0.1802228521655894,1
121545884,CA65936,2025-06-13 15:00:00+00:00,0,test,0.41000697022093335,0.1802228521655894,1
121555341,CA65936,2025-06-13 19:00:00+00:00,0,test,0.3581843079464128,0.1802228521655894,1
121564727,CA65936,2025-06-13 23:00:00+00:00,0,test,0.4489372329759156,0.1802228521655894,1
121577116,CA65936,2025-06-14 03:00:00+00:00,1,test,0.4161638256842954,0.1802228521655894,1
121590599,CA65936,2025-06-14 07:00:00+00:00,0,test,0.3737348127451069,0.1802228521655894,1
121601201,CA65936,2025-06-14 11:00:00+00:00,0,test,0.3666695182604608,0.1802228521655894,1
121612392,CA65936,2025-06-14 15:00:00+00:00,1,test,0.41373482793599425,0.1802228521655894,1
121622498,CA65936,2025-06-14 19:00:00+00:00,1,test,0.4248597494680221,0.1802228521655894,1
121633601,CA65936,2025-06-14 23:00:00+00:00,0,test,0.4392898832909138,0.1802228521655894,1
121645877,CA65936,2025-06-15 03:00:00+00:00,1,test,0.4061035382753969,0.1802228521655894,1
121654504,CA65936,2025-06-15 07:00:00+00:00,1,test,0.4145073291404322,0.1802228521655894,1
121662261,CA65936,2025-06-15 11:00:00+00:00,0,test,0.27188733465572446,0.1802228521655894,1
121672819,CA65936,2025-06-15 15:00:00+00:00,0,test,0.381303386298472,0.1802228521655894,1
121685161,CA65936,2025-06-15 19:00:00+00:00,0,test,0.4078572943455015,0.1802228521655894,1
121694137,CA65936,2025-06-15 23:00:00+00:00,0,test,0.40584078998362966,0.1802228521655894,1
121703859,CA65936,2025-06-16 03:00:00+00:00,1,test,0.43872094646488863,0.1802228521655894,1
121711397,CA65936,2025-06-16 07:00:00+00:00,0,test,0.4096983584231976,0.1802228521655894,1
121730659,CA65936,2025-06-16 11:00:00+00:00,0,test,0.3732049045399388,0.1802228521655894,1
121732924,CA65936,2025-06-16 15:00:00+00:00,0,test,0.41286516609358054,0.1802228521655894,1
121802210,CA65936,2025-06-16 19:00:00+00:00,1,test,0.43209279729743477,0.1802228521655894,1
121839470,CA65936,2025-06-16 23:00:00+00:00,0,test,0.49590831052453155,0.1802228521655894,1
121852160,CA65936,2025-06-17 03:00:00+00:00,0,test,0.4830266171369838,0.1802228521655894,1
121859657,CA65936,2025-06-17 07:00:00+00:00,1,test,0.44647309884562036,0.1802228521655894,1
121875945,CA65936,2025-06-17 11:00:00+00:00,1,test,0.4252094714253688,0.1802228521655894,1
121901319,CA65936,2025-06-17 15:00:00+00:00,0,test,0.40600047002239503,0.1802228521655894,1
121918183,CA65936,2025-06-17 19:00:00+00:00,0,test,0.41112970943631716,0.1802228521655894,1
122263445,CA65936,2025-06-17 23:00:00+00:00,1,test,0.46408421107520814,0.1802228521655894,1
122978836,CA65936,2025-06-18 03:00:00+00:00,0,test,0.39560780734277784,0.1802228521655894,1
122996789,CA65936,2025-06-18 07:00:00+00:00,0,test,0.43128513942148805,0.1802228521655894,1
123012001,CA65936,2025-06-18 11:00:00+00:00,0,test,0.47513657009555055,0.1802228521655894,1
123029799,CA65936,2025-06-18 15:00:00+00:00,0,test,0.3936562433369679,0.1802228521655894,1
123104958,CA65936,2025-06-18 19:00:00+00:00,1,test,0.4218499777152782,0.1802228521655894,1
123125546,CA65936,2025-06-18 23:00:00+00:00,0,test,0.4234460366215946,0.1802228521655894,1
123137923,CA65936,2025-06-19 03:00:00+00:00,1,test,0.4100422700042125,0.1802228521655894,1
123149804,CA65936,2025-06-19 07:00:00+00:00,0,test,0.3678462772510186,0.1802228521655894,1
123161398,CA65936,2025-06-19 11:00:00+00:00,0,test,0.36465039231402213,0.1802228521655894,1
123171576,CA65936,2025-06-19 15:00:00+00:00,0,test,0.4439052568766494,0.1802228521655894,1
123181332,CA65936,2025-06-19 19:00:00+00:00,0,test,0.46982862389825325,0.1802228521655894,1
123195102,CA65936,2025-06-19 23:00:00+00:00,1,test,0.48257347024974007,0.1802228521655894,1
123205202,CA65936,2025-06-20 03:00:00+00:00,0,test,0.3215676013684756,0.1802228521655894,1
123216453,CA65936,2025-06-20 07:00:00+00:00,0,test,0.4596023792831377,0.1802228521655894,1
123228258,CA65936,2025-06-20 11:00:00+00:00,0,test,0.45592838667476937,0.1802228521655894,1
123241167,CA65936,2025-06-20 15:00:00+00:00,0,test,0.41595509760227145,0.1802228521655894,1
123254996,CA65936,2025-06-20 19:00:00+00:00,0,test,0.5076220938880482,0.1802228521655894,1
123265640,CA65936,2025-06-20 23:00:00+00:00,1,test,0.4252991710096798,0.1802228521655894,1
123275847,CA65936,2025-06-21 03:00:00+00:00,0,test,0.4013299570377643,0.1802228521655894,1
123289828,CA65936,2025-06-21 07:00:00+00:00,0,test,0.33306167844137013,0.1802228521655894,1
123298728,CA65936,2025-06-21 11:00:00+00:00,0,test,0.191082437203382,0.1802228521655894,1
123313143,CA65936,2025-06-21 15:00:00+00:00,0,test,0.5305621857110763,0.1802228521655894,1
123323430,CA65936,2025-06-21 19:00:00+00:00,0,test,0.4005256825790408,0.1802228521655894,1
123332513,CA65936,2025-06-21 23:00:00+00:00,1,test,0.5126568708837408,0.1802228521655894,1
123344722,CA65936,2025-06-22 03:00:00+00:00,0,test,0.40400267463039297,0.1802228521655894,1
123355410,CA65936,2025-06-22 07:00:00+00:00,0,test,0.39322084712198635,0.1802228521655894,1
123366744,CA65936,2025-06-22 11:00:00+00:00,0,test,0.4178155635466305,0.1802228521655894,1
123377288,CA65936,2025-06-22 15:00:00+00:00,1,test,0.49227526685259704,0.1802228521655894,1
123388883,CA65936,2025-06-22 19:00:00+00:00,0,test,0.463426472123696,0.1802228521655894,1
123398449,CA65936,2025-06-22 23:00:00+00:00,0,test,0.503849645502213,0.1802228521655894,1
123410350,CA65936,2025-06-23 03:00:00+00:00,0,test,0.4247672310252625,0.1802228521655894,1
123421922,CA65936,2025-06-23 07:00:00+00:00,0,test,0.3635368824251781,0.1802228521655894,1
123434218,CA65936,2025-06-23 11:00:00+00:00,1,test,0.44298517624863515,0.1802228521655894,1
123442598,CA65936,2025-06-23 15:00:00+00:00,1,test,0.43122142018303816,0.1802228521655894,1
123455164,CA65936,2025-06-23 19:00:00+00:00,0,test,0.3784579410362296,0.1802228521655894,1
123464727,CA65936,2025-06-23 23:00:00+00:00,1,test,0.4027038092242113,0.1802228521655894,1
123475844,CA65936,2025-06-24 03:00:00+00:00,1,test,0.34684658432464566,0.1802228521655894,1
123488687,CA65936,2025-06-24 07:00:00+00:00,0,test,0.38320518317340097,0.1802228521655894,1
123497654,CA65936,2025-06-24 11:00:00+00:00,0,test,0.3855604375430569,0.1802228521655894,1
123509646,CA65936,2025-06-24 15:00:00+00:00,1,test,0.51148873675002,0.1802228521655894,1
123945968,CA65936,2025-06-24 19:00:00+00:00,1,test,0.5864093784820167,0.1802228521655894,1
123960741,CA65936,2025-06-24 23:00:00+00:00,1,test,0.5706523605971994,0.1802228521655894,1
123970894,CA65936,2025-06-25 03:00:00+00:00,0,test,0.37919065461856116,0.1802228521655894,1
123983328,CA65936,2025-06-25 07:00:00+00:00,0,test,0.6175762283741165,0.1802228521655894,1
123995214,CA65936,2025-06-25 11:00:00+00:00,1,test,0.4396075085553092,0.1802228521655894,1
124006944,CA65936,2025-06-25 15:00:00+00:00,1,test,0.4499093702990748,0.1802228521655894,1
124021166,CA65936,2025-06-25 19:00:00+00:00,0,test,0.42697411711176425,0.1802228521655894,1
124036564,CA65936,2025-06-25 23:00:00+00:00,0,test,0.45955777479528126,0.1802228521655894,1
124049417,CA65936,2025-06-26 03:00:00+00:00,1,test,0.3989857543245556,0.1802228521655894,1
124061424,CA65936,2025-06-26 07:00:00+00:00,0,test,0.2885570585273131,0.1802228521655894,1
124071924,CA65936,2025-06-26 11:00:00+00:00,0,test,0.198261133947242,0.1802228521655894,1
124083234,CA65936,2025-06-26 15:00:00+00:00,0,test,0.19162743682141967,0.1802228521655894,1
124097803,CA65936,2025-06-26 19:00:00+00:00,0,test,0.23454559757198618,0.1802228521655894,1
124119681,CA65936,2025-06-26 23:00:00+00:00,0,test,0.2414998216448548,0.1802228521655894,1
124299762,CA65936,2025-06-29 03:00:00+00:00,0,test,0.2145057347476686,0.1802228521655894,1
124309936,CA65936,2025-06-29 07:00:00+00:00,0,test,0.29251932935412334,0.1802228521655894,1
124322703,CA65936,2025-06-29 11:00:00+00:00,0,test,0.45866644753675045,0.1802228521655894,1
124336427,CA65936,2025-06-29 15:00:00+00:00,0,test,0.46257792443301254,0.1802228521655894,1
124346429,CA65936,2025-06-29 19:00:00+00:00,0,test,0.33025701837620963,0.1802228521655894,1
124360362,CA65936,2025-06-29 23:00:00+00:00,0,test,0.569744540525055,0.1802228521655894,1
124372930,CA65936,2025-06-30 03:00:00+00:00,0,test,0.5702627520363163,0.1802228521655894,1
124382019,CA65936,2025-06-30 07:00:00+00:00,0,test,0.6101115265299286,0.1802228521655894,1
124394428,CA65936,2025-06-30 11:00:00+00:00,0,test,0.5239531341467867,0.1802228521655894,1
124407352,CA65936,2025-06-30 15:00:00+00:00,0,test,0.523916377512906,0.1802228521655894,1
124423519,CA65936,2025-06-30 19:00:00+00:00,0,test,0.5634955076031054,0.1802228521655894,1
124445378,CA65936,2025-06-30 23:00:00+00:00,0,test,0.6064364137478189,0.1802228521655894,1
124455616,CA65936,2025-07-01 03:00:00+00:00,0,test,0.47092066828480295,0.1802228521655894,1
120809231,CA65937,2025-06-02 15:00:00+00:00,0,test,0.22845065870470388,0.1802228521655894,1
120832789,CA65937,2025-06-02 19:00:00+00:00,0,test,0.22036850425853718,0.1802228521655894,1
120844480,CA65937,2025-06-02 23:00:00+00:00,0,test,0.2225555040654879,0.1802228521655894,1
120876987,CA65937,2025-06-03 13:00:00+00:00,0,test,0.18577366369264292,0.1802228521655894,1
120890041,CA65937,2025-06-03 17:00:00+00:00,0,test,0.1896221629361398,0.1802228521655894,1
120900291,CA65937,2025-06-03 21:00:00+00:00,0,test,0.20291363470185514,0.1802228521655894,1
124027137,CA65937,2025-06-04 03:58:36+00:00,0,test,0.20287132607571806,0.1802228521655894,1
120946949,CA65937,2025-06-04 15:00:00+00:00,0,test,0.1868623100039455,0.1802228521655894,1
120957615,CA65937,2025-06-04 19:30:12+00:00,0,test,0.20420180423805048,0.1802228521655894,1
120967781,CA65937,2025-06-05 00:00:00+00:00,1,test,0.23095905293918456,0.1802228521655894,1
120977869,CA65937,2025-06-05 04:00:00+00:00,1,test,0.2672355126971617,0.1802228521655894,1
120991023,CA65937,2025-06-05 08:00:00+00:00,1,test,0.1898722978912795,0.1802228521655894,1
121016143,CA65937,2025-06-05 16:42:45+00:00,0,test,0.21042910018009972,0.1802228521655894,1
121027564,CA65937,2025-06-05 20:49:09+00:00,0,test,0.22043066284426385,0.1802228521655894,1
121048047,CA65937,2025-06-06 04:02:38+00:00,0,test,0.18319010118091653,0.1802228521655894,1
121066411,CA65937,2025-06-06 10:35:11+00:00,0,test,0.18152982053469718,0.1802228521655894,1
121077573,CA65937,2025-06-06 15:00:00+00:00,1,test,0.25081399898920376,0.1802228521655894,1
121092571,CA65937,2025-06-06 19:27:45+00:00,0,test,0.1811881264317224,0.1802228521655894,1
121101485,CA65937,2025-06-07 00:00:00+00:00,0,test,0.19906103405379885,0.1802228521655894,1
121117837,CA65937,2025-06-07 04:00:00+00:00,1,test,0.23214067101481548,0.1802228521655894,1
121128634,CA65937,2025-06-07 08:00:00+00:00,0,test,0.21079998210415138,0.1802228521655894,1
121143583,CA65937,2025-06-07 13:23:02+00:00,0,test,0.19831583235922426,0.1802228521655894,1
121155027,CA65937,2025-06-07 17:34:53+00:00,0,test,0.19203717703945333,0.1802228521655894,1
121167437,CA65937,2025-06-07 22:00:00+00:00,0,test,0.24960610606076317,0.1802228521655894,1
121179466,CA65937,2025-06-08 02:00:00+00:00,0,test,0.2440388994385894,0.1802228521655894,1
121218905,CA65937,2025-06-08 16:00:00+00:00,0,test,0.1844360715564732,0.1802228521655894,1
121231228,CA65937,2025-06-08 20:00:00+00:00,1,test,0.20122944508175258,0.1802228521655894,1
121242315,CA65937,2025-06-09 00:00:00+00:00,0,test,0.22319261198233595,0.1802228521655894,1
121260030,CA65937,2025-06-09 06:00:00+00:00,0,test,0.2064916797579175,0.1802228521655894,1
121269672,CA65937,2025-06-09 10:00:00+00:00,0,test,0.2064916797579175,0.1802228521655894,1
121281372,CA65937,2025-06-09 14:51:43+00:00,0,test,0.18250532592491325,0.1802228521655894,1
121295453,CA65937,2025-06-09 20:00:00+00:00,0,test,0.1855478047164424,0.1802228521655894,1
121308479,CA65937,2025-06-10 00:00:00+00:00,1,test,0.21484138123350371,0.1802228521655894,1
121322959,CA65937,2025-06-10 04:52:57+00:00,0,test,0.18147045334833095,0.1802228521655894,1
121348711,CA65937,2025-06-10 14:00:00+00:00,0,test,0.19073097526617594,0.1802228521655894,1
121371761,CA65937,2025-06-10 23:43:18+00:00,0,test,0.18364330559676495,0.1802228521655894,1
121388114,CA65937,2025-06-11 05:19:29+00:00,0,test,0.21771802729681983,0.1802228521655894,1
121399986,CA65937,2025-06-11 09:21:31+00:00,0,test,0.2759594182229543,0.1802228521655894,1
121409992,CA65937,2025-06-11 14:00:00+00:00,0,test,0.21835228513874175,0.1802228521655894,1
121420969,CA65937,2025-06-11 18:00:00+00:00,1,test,0.19012590971635124,0.1802228521655894,1
121433966,CA65937,2025-06-11 22:00:00+00:00,0,test,0.22584323006076382,0.1802228521655894,1
121447857,CA65937,2025-06-12 02:25:10+00:00,0,test,0.18191021471029462,0.1802228521655894,1
121460171,CA65937,2025-06-12 06:42:38+00:00,0,test,0.18180363480379444,0.1802228521655894,1
121477958,CA65937,2025-06-12 14:00:00+00:00,0,test,0.18482499679520295,0.1802228521655894,1
121490039,CA65937,2025-06-12 18:00:00+00:00,0,test,0.18355010774621064,0.1802228521655894,1
121501148,CA65937,2025-06-12 22:00:00+00:00,0,test,0.19313365619664882,0.1802228521655894,1
121539360,CA65937,2025-06-13 12:23:16+00:00,0,test,0.25824386822759515,0.1802228521655894,1
121550213,CA65937,2025-06-13 17:00:00+00:00,0,test,0.20152125918681577,0.1802228521655894,1
121562104,CA65937,2025-06-13 21:00:00+00:00,0,test,0.20952765163978904,0.1802228521655894,1
121577117,CA65937,2025-06-14 03:00:00+00:00,0,test,0.1864797966330903,0.1802228521655894,1
121605528,CA65937,2025-06-14 13:00:00+00:00,0,test,0.18989737521748234,0.1802228521655894,1
121616910,CA65937,2025-06-14 17:00:00+00:00,1,test,0.20650455976860685,0.1802228521655894,1
121629927,CA65937,2025-06-14 21:00:00+00:00,0,test,0.20625829326076855,0.1802228521655894,1
121641708,CA65937,2025-06-15 02:00:00+00:00,0,test,0.20510709070255062,0.1802228521655894,1
121661598,CA65937,2025-06-15 10:00:00+00:00,0,test,0.18047006925895465,0.1802228521655894,1
121671901,CA65937,2025-06-15 14:00:00+00:00,0,test,0.18384877461067717,0.1802228521655894,1
121682981,CA65937,2025-06-15 18:30:56+00:00,0,test,0.19147455998550653,0.1802228521655894,1
121693994,CA65937,2025-06-15 23:00:00+00:00,0,test,0.21270057682666338,0.1802228521655894,1
121707639,CA65937,2025-06-16 04:17:04+00:00,0,test,0.19748851068735496,0.1802228521655894,1
121732925,CA65937,2025-06-16 15:00:00+00:00,0,test,0.18062527546010945,0.1802228521655894,1
121802211,CA65937,2025-06-16 19:00:00+00:00,0,test,0.20209472120634359,0.1802228521655894,1
121839479,CA65937,2025-06-16 23:00:00+00:00,0,test,0.1832549921831151,0.1802228521655894,1
121851711,CA65937,2025-06-17 03:00:00+00:00,0,test,0.18819579512761817,0.1802228521655894,1
121861100,CA65937,2025-06-17 07:00:00+00:00,0,test,0.24203954954513776,0.1802228521655894,1
121876415,CA65937,2025-06-17 11:00:00+00:00,1,test,0.23759157849689985,0.1802228521655894,1
121901703,CA65937,2025-06-17 15:00:00+00:00,1,test,0.24071158828846453,0.1802228521655894,1
121923618,CA65937,2025-06-17 19:00:00+00:00,0,test,0.2531523659392127,0.1802228521655894,1
122382692,CA65937,2025-06-17 23:00:00+00:00,0,test,0.3141019000128462,0.1802228521655894,1
122978837,CA65937,2025-06-18 03:00:00+00:00,0,test,0.18530911610946724,0.1802228521655894,1
123003607,CA65937,2025-06-18 07:15:55+00:00,0,test,0.19992833649419905,0.1802228521655894,1
123017257,CA65937,2025-06-18 12:50:29+00:00,0,test,0.18604134247152826,0.1802228521655894,1
123042852,CA65937,2025-06-18 17:00:00+00:00,0,test,0.18782479610363398,0.1802228521655894,1
123115686,CA65937,2025-06-18 21:00:00+00:00,1,test,0.1998471614652189,0.1802228521655894,1
123158215,CA65937,2025-06-19 11:00:00+00:00,0,test,0.1896391436090057,0.1802228521655894,1
123172158,CA65937,2025-06-19 15:00:00+00:00,1,test,0.21622515069171452,0.1802228521655894,1
123184797,CA65937,2025-06-19 19:36:44+00:00,0,test,0.20006544807571391,0.1802228521655894,1
123197358,CA65937,2025-06-19 23:43:45+00:00,0,test,0.22347753213512322,0.1802228521655894,1
123210700,CA65937,2025-06-20 04:44:28+00:00,0,test,0.18427799874366643,0.1802228521655894,1
123224807,CA65937,2025-06-20 09:15:38+00:00,0,test,0.1953068348763282,0.1802228521655894,1
123237649,CA65937,2025-06-20 13:37:50+00:00,0,test,0.21434196644011755,0.1802228521655894,1
123250032,CA65937,2025-06-20 18:00:00+00:00,0,test,0.20158517993505662,0.1802228521655894,1
123262695,CA65937,2025-06-20 22:00:00+00:00,0,test,0.1899404765142272,0.1802228521655894,1
123494036,CA65937,2025-06-24 09:00:00+00:00,0,test,0.19932976738631772,0.1802228521655894,1
123508891,CA65937,2025-06-24 14:30:49+00:00,0,test,0.18366565037903182,0.1802228521655894,1
123946112,CA65937,2025-06-24 19:00:00+00:00,0,test,0.21371080303843135,0.1802228521655894,1
123958944,CA65937,2025-06-24 23:00:00+00:00,0,test,0.2153323227568469,0.1802228521655894,1
123984251,CA65937,2025-06-25 06:51:40+00:00,0,test,0.1864923993193044,0.1802228521655894,1
124004059,CA65937,2025-06-25 14:00:00+00:00,0,test,0.21551118742483308,0.1802228521655894,1
124013565,CA65937,2025-06-25 18:00:00+00:00,0,test,0.20778348400776392,0.1802228521655894,1
124032665,CA65937,2025-06-25 22:00:00+00:00,0,test,0.21609580232518952,0.1802228521655894,1
124048290,CA65937,2025-06-26 03:00:00+00:00,0,test,0.18806000732334674,0.1802228521655894,1
124066615,CA65937,2025-06-26 08:00:17+00:00,0,test,0.19000345651776782,0.1802228521655894,1
124077489,CA65937,2025-06-26 13:00:00+00:00,0,test,0.21883727435965594,0.1802228521655894,1
124094707,CA65937,2025-06-26 17:00:00+00:00,0,test,0.30541689978781317,0.1802228521655894,1
124115881,CA65937,2025-06-26 21:00:00+00:00,0,test,0.2749794620837659,0.1802228521655894,1
124125593,CA65937,2025-06-27 01:00:00+00:00,1,test,0.18721230157522106,0.1802228521655894,1
124138104,CA65937,2025-06-27 05:00:00+00:00,1,test,0.19817305506321187,0.1802228521655894,1
124149345,CA65937,2025-06-27 09:00:00+00:00,0,test,0.221905772163703,0.1802228521655894,1
124161384,CA65937,2025-06-27 13:00:00+00:00,0,test,0.23676092756298006,0.1802228521655894,1
124175004,CA65937,2025-06-27 17:00:00+00:00,0,test,0.1861462314541281,0.1802228521655894,1
124197486,CA65937,2025-06-27 21:00:00+00:00,0,test,0.1847189281175076,0.1802228521655894,1
124217166,CA65937,2025-06-28 04:00:00+00:00,0,test,0.18423393387535741,0.1802228521655894,1
124257750,CA65937,2025-06-28 14:00:00+00:00,1,test,0.19232516762328528,0.1802228521655894,1
124269201,CA65937,2025-06-28 18:20:07+00:00,0,test,0.19150572596618579,0.1802228521655894,1
124283634,CA65937,2025-06-28 22:33:10+00:00,0,test,0.23497586504847962,0.1802228521655894,1
124332377,CA65937,2025-06-29 13:14:26+00:00,0,test,0.18184085314172663,0.1802228521655894,1
124343589,CA65937,2025-06-29 17:24:52+00:00,0,test,0.18699919812776766,0.1802228521655894,1
124355753,CA65937,2025-06-29 21:26:01+00:00,0,test,0.2051808799019757,0.1802228521655894,1
124369194,CA65937,2025-06-30 02:00:00+00:00,0,test,0.18293802655907782,0.1802228521655894,1
124378945,CA65937,2025-06-30 06:00:00+00:00,0,test,0.19051169765121342,0.1802228521655894,1
124391753,CA65937,2025-06-30 10:00:00+00:00,0,test,0.18648315872760016,0.1802228521655894,1
124404443,CA65937,2025-06-30 14:00:00+00:00,0,test,0.20640998367326413,0.1802228521655894,1
124420106,CA65937,2025-06-30 18:00:00+00:00,0,test,0.22678607624734476,0.1802228521655894,1
124441880,CA65937,2025-06-30 22:00:00+00:00,0,test,0.21611417590864954,0.1802228521655894,1
